Position,Name,Salary,GameInfo,AvgPointsPerGame,teamAbbrev,atHome,injured,7GameAvg,FloorAvg,4GameAvg,LastGame,dvp,value,fvalue,odds,O/U
PG/SG,James Harden,11400,Hou@Mem 08:00PM ET,60.587,Hou,0,0,60.643,52.740,59.875,41.000,5.000,68.400,0.264,-1.500,215.500
PF/C,DeMarcus Cousins,10900,Sac@Chi 09:00PM ET,52.409,Sac,0,0,45.500,40.653,53.750,37.000,13.250,65.400,0.160,6.500,205.000
SF,LeBron James,10600,SA@Cle 08:30PM ET,51.421,Cle,1,0,52.250,42.684,45.250,60.250,2.000,63.600,0.142,-2.500,211.500
PG,Giannis Antetokounmpo,10400,Mil@Mia 07:30PM ET,50.177,Mil,0,0,49.643,40.329,51.875,44.000,8.000,62.400,0.166,1.500,206.000
PG,John Wall,9500,Was@Det 06:00PM ET,48.963,Was,0,0,45.250,41.975,51.375,61.750,23.500,57.000,0.199,1.000,208.000
C,Nikola Jokic,9300,LAC@Den 09:00PM ET,33.635,Den,1,0,43.500,21.145,57.250,61.000,9.000,55.800,0.082,-5.000,222.500
SF,Kawhi Leonard,9200,SA@Cle 08:30PM ET,42.338,SA,0,0,41.893,33.544,49.125,52.750,27.000,55.200,0.089,2.500,211.500
SG/SF,Jimmy Butler,9100,Sac@Chi 09:00PM ET,44.048,Chi,1,0,56.786,34.312,44.812,24.500,15.750,54.600,0.230,-6.500,205.000
PG,Isaiah Thomas,8900,Por@Bos 05:00PM ET,43.408,Bos,1,0,50.571,36.075,49.312,49.250,10.500,53.400,0.147,-8.000,218.000
PG,Eric Bledsoe,8500,Pho@NY 07:30PM ET,39.119,Pho,0,0,40.179,29.818,44.438,50.000,15.000,51.000,0.160,5.500,222.500
PG,Damian Lillard,8300,Por@Bos 05:00PM ET,43.369,Por,0,0,43.000,34.898,42.188,38.250,20.000,49.800,0.294,8.000,218.000
PF/C,Joel Embiid,8200,Phi@Atl 07:00PM ET,38.375,Phi,0,1,42.214,30.192,47.125,45.000,10.750,49.200,0.118,10.000,198.500
PG,Kyrie Irving,8100,SA@Cle 08:30PM ET,39.000,Cle,1,0,49.857,31.579,30.438,38.500,5.000,48.600,0.186,-2.500,211.500
PG,Chris Paul,8000,LAC@Den 09:00PM ET,43.917,LAC,0,1,41.250,36.188,43.312,22.250,29.000,48.000,0.353,5.000,222.500
PG,Kemba Walker,8000,Bkn@Cha 07:00PM ET,39.893,Cha,1,0,44.750,32.946,38.438,51.000,30.000,48.000,0.204,-12.000,221.500
SF,Carmelo Anthony,7900,Pho@NY 07:30PM ET,37.331,NY,1,0,44.964,27.625,36.375,54.000,25.000,47.400,0.207,-5.500,222.500
C,DeAndre Jordan,7800,LAC@Den 09:00PM ET,36.165,LAC,0,0,38.214,29.587,54.125,57.000,15.500,46.800,0.142,5.000,222.500
C,Hassan Whiteside,7800,Mil@Mia 07:30PM ET,41.859,Mia,1,0,41.464,29.528,39.500,26.500,13.000,46.800,0.356,-1.500,206.000
PF,Paul Millsap,7700,Phi@Atl 07:00PM ET,38.606,Atl,1,0,42.500,28.882,38.750,33.750,6.000,46.200,0.242,-10.000,198.500
SG/SF,Nicolas Batum,7600,Bkn@Cha 07:00PM ET,35.994,Cha,1,0,41.750,27.408,33.625,27.000,30.000,45.600,0.168,-12.000,221.500
PF/C,Kevin Love,7500,SA@Cle 08:30PM ET,40.410,Cle,1,1,44.821,32.587,26.062,8.250,2.750,45.000,0.343,-2.500,211.500
PG,Mike Conley,7400,Hou@Mem 08:00PM ET,36.591,Mem,1,0,36.571,28.625,41.500,41.500,9.000,44.400,0.229,1.500,215.500
C,Dwight Howard,7300,Phi@Atl 07:00PM ET,35.717,Atl,1,0,33.571,24.141,25.562,22.000,27.000,43.800,0.251,-10.000,198.500
PF/C,Blake Griffin,7300,LAC@Den 09:00PM ET,41.942,LAC,0,1,38.143,35.625,41.750,46.250,13.500,43.800,0.412,5.000,222.500
C,Andre Drummond,7300,Was@Det 06:00PM ET,38.680,Det,1,0,37.393,30.076,38.812,40.250,9.000,43.800,0.328,-1.000,208.000
C,Marc Gasol,7300,Hou@Mem 08:00PM ET,38.541,Mem,1,0,38.893,29.188,42.250,47.750,22.000,43.800,0.324,1.500,215.500
SF,Gordon Hayward,7200,Ind@Uta 09:00PM ET,37.574,Uta,1,0,39.786,29.569,38.000,44.750,13.000,43.200,0.280,-7.500,200.000
PG/SG,C.J. McCollum,7100,Por@Bos 05:00PM ET,36.983,Por,0,0,39.107,29.173,31.438,30.000,15.750,42.600,0.310,8.000,218.000
PG,Jeff Teague,7100,Ind@Uta 09:00PM ET,36.149,Ind,0,0,34.964,27.060,36.562,26.750,6.000,42.600,0.279,7.500,200.000
PG,Goran Dragic,7000,Mil@Mia 07:30PM ET,35.243,Mia,1,0,39.107,27.938,36.062,44.000,2.500,42.000,0.264,-1.500,206.000
SF/PF,Paul George,7000,Ind@Uta 09:00PM ET,38.443,Ind,0,0,36.179,33.079,34.188,37.000,1.000,42.000,0.310,7.500,200.000
C,Al Horford,6900,Por@Bos 05:00PM ET,36.234,Bos,1,0,37.214,29.047,34.750,33.250,28.000,41.400,0.286,-8.000,218.000
C,Rudy Gobert,6900,Ind@Uta 09:00PM ET,36.818,Uta,1,0,38.893,28.300,48.812,65.750,17.000,41.400,0.325,-7.500,200.000
PF/C,LaMarcus Aldridge,6800,SA@Cle 08:30PM ET,32.513,SA,0,0,35.571,24.631,27.062,24.250,10.000,40.800,0.213,2.500,211.500
PF,Kristaps Porzingis,6800,Pho@NY 07:30PM ET,36.547,NY,1,0,32.000,27.208,24.438,25.750,20.000,40.800,0.357,-5.500,222.500
C,Brook Lopez,6700,Bkn@Cha 07:00PM ET,35.053,Bkn,0,0,36.321,27.845,39.125,43.500,25.000,40.200,0.311,12.000,221.500
SF/PF,Jabari Parker,6700,Mil@Mia 07:30PM ET,34.631,Mil,0,0,34.929,25.855,34.312,41.000,7.750,40.200,0.285,1.500,206.000
SG,Devin Booker,6700,Pho@NY 07:30PM ET,30.482,Pho,0,0,27.214,22.659,39.000,39.750,25.000,40.200,0.173,5.500,222.500
PG,Reggie Jackson,6600,Was@Det 06:00PM ET,28.815,Det,1,0,34.679,21.292,24.688,37.750,4.000,39.600,0.142,-1.000,208.000
SG,Bradley Beal,6600,Was@Det 06:00PM ET,33.586,Was,0,0,33.679,25.289,27.188,17.500,5.500,39.600,0.277,1.000,208.000
SG/SF,Will Barton,6500,LAC@Den 09:00PM ET,26.414,Den,1,0,19.036,16.635,30.625,35.250,11.250,39.000,0.125,-5.000,222.500
PG,Derrick Rose,6400,Pho@NY 07:30PM ET,30.769,NY,1,0,29.607,24.315,36.938,28.750,26.500,38.400,0.226,-5.500,222.500
PG,George Hill,6400,Ind@Uta 09:00PM ET,31.188,Uta,1,0,27.786,22.417,26.438,15.250,16.500,38.400,0.239,-7.500,200.000
SG,Dwyane Wade,6300,Sac@Chi 09:00PM ET,32.641,Chi,1,0,32.929,24.667,27.875,13.250,20.500,37.800,0.292,-6.500,205.000
C,Myles Turner,6300,Ind@Uta 09:00PM ET,32.579,Ind,0,0,30.357,24.775,29.125,29.750,2.000,37.800,0.306,7.500,200.000
SF/PF,Markieff Morris,6200,Was@Det 06:00PM ET,27.311,Was,0,0,28.071,20.396,37.000,31.000,8.000,37.200,0.167,1.000,208.000
PG,Dennis Schroder,6100,Phi@Atl 07:00PM ET,31.506,Atl,1,0,28.821,23.050,27.500,38.250,12.500,36.600,0.304,-10.000,198.500
SF/PF,Tobias Harris,6100,Was@Det 06:00PM ET,28.403,Det,1,0,33.107,20.438,28.625,28.750,19.750,36.600,0.176,-1.000,208.000
SG,Avery Bradley,6000,Por@Bos 05:00PM ET,33.458,Bos,1,1,29.429,26.044,29.125,16.750,9.000,36.000,0.391,-8.000,218.000
SF/PF,Otto Porter,6000,Was@Det 06:00PM ET,30.042,Was,0,0,29.786,21.227,29.250,37.250,8.000,36.000,0.308,1.000,208.000
SF,Rudy Gay,6000,Sac@Chi 09:00PM ET,35.200,Sac,0,1,39.929,27.797,39.438,32.000,10.000,36.000,0.467,6.500,205.000
PG/SG,Austin Rivers,5900,LAC@Den 09:00PM ET,19.304,LAC,0,0,20.750,11.100,25.375,26.250,29.000,35.400,0.055,5.000,222.500
PF,Ersan Ilyasova,5800,Phi@Atl 07:00PM ET,27.037,Phi,0,0,32.321,19.500,30.312,40.500,17.500,34.800,0.208,10.000,198.500
SF/PF,Wilson Chandler,5800,LAC@Den 09:00PM ET,30.169,Den,1,1,29.571,21.184,33.188,28.000,9.500,34.800,0.340,-5.000,222.500
PF/C,Zach Randolph,5800,Hou@Mem 08:00PM ET,28.007,Mem,1,0,32.500,22.833,33.312,37.500,18.750,34.800,0.202,1.500,215.500
PF,James Johnson,5800,Mil@Mia 07:30PM ET,25.579,Mia,1,0,29.464,15.828,30.312,18.250,19.000,34.800,0.177,-1.500,206.000
PG,Raymond Felton,5700,LAC@Den 09:00PM ET,16.435,LAC,0,0,20.714,9.950,25.125,31.000,29.000,34.200,0.042,5.000,222.500
SF,Danilo Gallinari,5700,LAC@Den 09:00PM ET,28.743,Den,1,1,29.429,23.550,27.750,31.750,15.000,34.200,0.224,-5.000,222.500
SF,Marcus Morris,5700,Was@Det 06:00PM ET,24.349,Det,1,0,26.929,17.136,32.438,39.000,16.000,34.200,0.138,-1.000,208.000
SF,Jae Crowder,5600,Por@Bos 05:00PM ET,26.235,Bos,1,0,26.964,19.357,32.312,29.750,23.000,33.600,0.153,-8.000,218.000
PF/C,Kenneth Faried,5600,LAC@Den 09:00PM ET,23.878,Den,1,0,21.393,14.486,28.125,16.750,6.500,33.600,0.193,-5.000,222.500
C,Marcin Gortat,5600,Was@Det 06:00PM ET,31.196,Was,0,0,30.036,25.304,25.250,34.250,5.000,33.600,0.387,1.000,208.000
SF,Robert Covington,5500,Phi@Atl 07:00PM ET,25.046,Phi,0,0,25.821,17.500,25.312,35.000,23.000,33.000,0.218,10.000,198.500
C,Mason Plumlee,5500,Por@Bos 05:00PM ET,30.478,Por,0,0,31.214,23.250,30.688,39.750,20.500,33.000,0.398,8.000,218.000
PG,T.J. McConnell,5400,Phi@Atl 07:00PM ET,18.900,Phi,0,0,22.321,12.716,23.062,19.500,23.500,32.400,0.066,10.000,198.500
PG/SG,Marcus Smart,5400,Por@Bos 05:00PM ET,24.590,Bos,1,0,24.857,19.273,21.625,23.250,9.750,32.400,0.164,-8.000,218.000
SG,Kentavious Caldwell-Pope,5400,Was@Det 06:00PM ET,26.650,Det,1,1,27.036,16.434,23.562,1.500,10.000,32.400,0.309,-1.000,208.000
PF/C,Taj Gibson,5400,Sac@Chi 09:00PM ET,25.169,Chi,1,0,21.143,19.198,25.312,9.250,17.250,32.400,0.185,-6.500,205.000
PG/SG,Malcolm Brogdon,5400,Mil@Mia 07:30PM ET,21.155,Mil,0,0,31.321,13.190,26.312,29.500,6.000,32.400,0.129,1.500,206.000
SG/SF,Dion Waiters,5400,Mil@Mia 07:30PM ET,24.652,Mia,1,0,27.143,14.727,25.188,19.250,22.500,32.400,0.251,-1.500,206.000
C,Jahlil Okafor,5300,Phi@Atl 07:00PM ET,21.050,Phi,0,0,22.250,13.019,21.188,15.500,4.000,31.800,0.112,10.000,198.500
PG/SG,Darren Collison,5300,Sac@Chi 09:00PM ET,23.118,Sac,0,0,17.679,16.833,24.812,13.750,14.000,31.800,0.113,6.500,205.000
SG,Eric Gordon,5300,Hou@Mem 08:00PM ET,28.239,Hou,0,0,28.500,21.583,23.750,17.500,3.000,31.800,0.334,-1.500,215.500
SF,Trevor Ariza,5300,Hou@Mem 08:00PM ET,27.793,Hou,0,0,26.857,21.448,26.125,18.750,6.000,31.800,0.304,-1.500,215.500
PG,Tyler Johnson,5300,Mil@Mia 07:30PM ET,28.456,Mia,1,0,30.179,22.038,31.938,31.000,2.500,31.800,0.339,-1.500,206.000
SG/SF,J.J. Redick,5200,LAC@Den 09:00PM ET,22.250,LAC,0,0,19.321,14.812,26.500,18.000,24.250,31.200,0.164,5.000,222.500
PF,Trevor Booker,5200,Bkn@Cha 07:00PM ET,28.303,Bkn,0,0,22.321,20.355,26.938,21.750,10.000,31.200,0.375,12.000,221.500
C,Tyson Chandler,5200,Pho@NY 07:30PM ET,26.076,Pho,0,0,24.214,18.015,36.938,46.500,26.000,31.200,0.302,5.500,222.500
PF,Thaddeus Young,5200,Ind@Uta 09:00PM ET,25.940,Ind,0,0,27.357,19.710,27.312,36.000,1.000,31.200,0.288,7.500,200.000
SF,Michael Kidd-Gilchrist,5100,Bkn@Cha 07:00PM ET,23.619,Cha,1,0,26.464,17.193,28.562,27.250,30.000,30.600,0.205,-12.000,221.500
PG,Patrick Beverley,5100,Hou@Mem 08:00PM ET,27.953,Hou,0,0,30.893,21.317,33.000,23.250,7.000,30.600,0.373,-1.500,215.500
PF/C,Kyle O'Quinn,5100,Pho@NY 07:30PM ET,18.262,NY,1,0,19.643,10.280,18.500,36.000,22.000,30.600,0.158,-5.500,222.500
PF/C,Derrick Favors,5100,Ind@Uta 09:00PM ET,20.638,Uta,1,0,21.393,13.333,20.562,11.000,22.500,30.600,0.156,-7.500,200.000
PF,Al-Farouq Aminu,5000,Por@Bos 05:00PM ET,21.723,Por,0,0,25.393,15.929,22.500,23.250,25.000,30.000,0.193,8.000,218.000
PG,Jeremy Lin,5000,Bkn@Cha 07:00PM ET,30.146,Bkn,0,1,27.929,25.472,29.125,26.500,19.000,30.000,0.506,12.000,221.500
C,Cody Zeller,5000,Bkn@Cha 07:00PM ET,23.896,Cha,1,0,21.429,19.060,25.062,15.750,30.000,30.000,0.201,-12.000,221.500
C,Pau Gasol,5000,SA@Cle 08:30PM ET,28.686,SA,0,1,32.357,21.455,24.062,10.250,6.000,30.000,0.449,2.500,211.500
SG,Tim Hardaway Jr.,4900,Phi@Atl 07:00PM ET,18.976,Atl,1,0,17.464,11.214,19.688,22.750,17.000,29.400,0.145,-10.000,198.500
C,Greg Monroe,4900,Mil@Mia 07:30PM ET,25.341,Mil,0,0,22.893,16.512,16.625,16.750,18.000,29.400,0.355,1.500,206.000
PF/C,Montrezl Harrell,4800,Hou@Mem 08:00PM ET,18.959,Hou,0,0,23.107,10.224,25.250,16.750,3.000,28.800,0.186,-1.500,215.500
PF,David Lee,4800,SA@Cle 08:30PM ET,16.402,SA,0,0,13.107,11.865,18.125,38.500,14.000,28.800,0.049,2.500,211.500
SF/PF,Dario Saric,4700,Phi@Atl 07:00PM ET,20.835,Phi,0,0,25.857,13.238,23.375,16.500,20.250,28.200,0.213,10.000,198.500
PG,Emmanuel Mudiay,4700,LAC@Den 09:00PM ET,24.663,Den,1,1,28.143,14.650,30.812,19.750,2.500,28.200,0.383,-5.000,222.500
PF,Marvin Williams,4700,Bkn@Cha 07:00PM ET,22.189,Cha,1,0,23.607,16.111,23.688,26.000,29.000,28.200,0.206,-12.000,221.500
PF,Ryan Anderson,4700,Hou@Mem 08:00PM ET,23.824,Hou,0,0,30.036,16.720,18.375,2.500,5.000,28.200,0.333,-1.500,215.500
C,Joakim Noah,4700,Pho@NY 07:30PM ET,23.164,NY,1,1,28.786,15.500,27.625,38.250,24.000,28.200,0.315,-5.500,222.500
PF/C,Kelly Olynyk,4600,Por@Bos 05:00PM ET,19.208,Bos,1,0,21.000,11.847,27.062,9.000,29.000,27.600,0.185,-8.000,218.000
PF,Nikola Mirotic,4600,Sac@Chi 09:00PM ET,20.987,Chi,1,0,19.929,13.395,16.438,12.500,23.500,27.600,0.255,-6.500,205.000
PF,JaMychal Green,4600,Hou@Mem 08:00PM ET,22.949,Mem,1,0,22.714,16.087,22.438,16.750,15.500,27.600,0.295,1.500,215.500
PF/C,Channing Frye,4600,SA@Cle 08:30PM ET,17.088,Cle,1,0,20.321,10.972,18.812,39.000,2.750,27.600,0.104,-2.500,211.500
SG/SF,Kent Bazemore,4500,Phi@Atl 07:00PM ET,21.415,Atl,1,0,20.821,13.200,23.188,9.500,19.000,27.000,0.281,-10.000,198.500
C,Nerlens Noel,4500,Phi@Atl 07:00PM ET,16.400,Phi,0,0,18.679,9.906,16.688,22.250,4.000,27.000,0.115,10.000,198.500
SG,Jamal Crawford,4500,LAC@Den 09:00PM ET,18.989,LAC,0,0,16.929,12.073,12.875,23.000,29.000,27.000,0.192,5.000,222.500
SG/SF,Josh Richardson,4500,Mil@Mia 07:30PM ET,22.473,Mia,1,1,22.643,15.467,23.500,9.750,22.500,27.000,0.326,-1.500,206.000
PG,Tony Parker,4500,SA@Cle 08:30PM ET,21.414,SA,0,1,21.321,15.206,23.750,21.000,18.000,27.000,0.240,2.500,211.500
SG,Gary Harris,4400,LAC@Den 09:00PM ET,22.292,Den,1,1,21.964,11.750,19.062,0.000,7.500,26.400,0.339,-5.000,222.500
PG,Michael Carter-Williams,4400,Sac@Chi 09:00PM ET,19.000,Chi,1,0,19.357,13.861,21.250,13.250,22.000,26.400,0.147,-6.500,205.000
SF/PF,Matt Barnes,4400,Sac@Chi 09:00PM ET,19.032,Sac,0,0,18.786,12.310,16.750,12.750,13.750,26.400,0.209,6.500,205.000
C,Robin Lopez,4400,Sac@Chi 09:00PM ET,22.739,Chi,1,0,21.107,16.807,27.438,24.500,11.000,26.400,0.309,-6.500,205.000
SG,Bojan Bogdanovic,4400,Bkn@Cha 07:00PM ET,21.988,Bkn,0,0,17.643,15.719,24.438,37.500,18.000,26.400,0.310,12.000,221.500
SG,Tony Allen,4400,Hou@Mem 08:00PM ET,22.559,Mem,1,0,22.571,15.825,26.062,26.500,26.500,26.400,0.332,1.500,215.500
SF,T.J. Warren,4400,Pho@NY 07:30PM ET,23.466,Pho,0,0,20.500,11.964,20.188,29.250,14.000,26.400,0.412,5.500,222.500
SG/SF,Joe Ingles,4400,Ind@Uta 09:00PM ET,15.449,Uta,1,0,15.750,7.635,18.938,27.750,19.750,26.400,0.141,-7.500,200.000
SG,Rodney Hood,4400,Ind@Uta 09:00PM ET,23.547,Uta,1,1,24.464,15.625,28.000,23.500,26.500,26.400,0.384,-7.500,200.000
SF/PF,Anthony Tolliver,4300,Sac@Chi 09:00PM ET,14.208,Sac,0,0,16.643,7.062,17.500,14.000,13.750,25.800,0.112,6.500,205.000
PF/C,Marreese Speights,4200,LAC@Den 09:00PM ET,19.813,LAC,0,0,22.536,14.096,24.188,19.500,13.500,25.200,0.268,5.000,222.500
PF,Jon Leuer,4200,Was@Det 06:00PM ET,22.711,Det,1,1,21.393,15.562,13.875,1.500,23.500,25.200,0.378,-1.000,208.000
PG/SG,Garrett Temple,4200,Sac@Chi 09:00PM ET,17.720,Sac,0,0,26.000,12.478,20.188,29.250,14.000,25.200,0.163,6.500,205.000
SF,Doug McDermott,4200,Sac@Chi 09:00PM ET,17.105,Chi,1,0,18.464,10.375,22.375,8.250,11.000,25.200,0.194,-6.500,205.000
C,Tristan Thompson,4200,SA@Cle 08:30PM ET,23.762,Cle,1,1,22.393,18.240,19.812,14.500,3.000,25.200,0.430,-2.500,211.500
SG/SF,Evan Turner,4100,Por@Bos 05:00PM ET,21.119,Por,0,0,20.429,15.652,20.562,16.250,14.500,24.600,0.313,8.000,218.000
SG,Sean Kilpatrick,4100,Bkn@Cha 07:00PM ET,24.543,Bkn,0,1,20.964,15.830,16.938,12.750,18.000,24.600,0.498,12.000,221.500
SF/PF,Michael Beasley,4100,Mil@Mia 07:30PM ET,16.583,Mil,0,0,22.429,9.434,18.062,4.500,7.750,24.600,0.212,1.500,206.000
SG/SF,Kyle Korver,4100,SA@Cle 08:30PM ET,18.682,Cle,1,0,23.679,11.583,18.375,19.750,12.500,24.600,0.239,-2.500,211.500
SF,Mindaugas Kuzminskas,4100,Pho@NY 07:30PM ET,11.169,NY,1,0,19.071,5.716,19.500,10.250,25.000,24.600,0.060,-5.500,222.500
PG,Sergio Rodriguez,4000,Phi@Atl 07:00PM ET,22.372,Phi,0,0,22.321,14.105,15.875,10.250,23.500,24.000,0.433,10.000,198.500
SF,Maurice Harkless,4000,Por@Bos 05:00PM ET,22.919,Por,0,0,19.643,14.972,15.812,14.000,17.500,24.000,0.449,8.000,218.000
PF/C,Amir Johnson,4000,Por@Bos 05:00PM ET,17.207,Bos,1,0,21.929,10.534,15.625,27.750,29.000,24.000,0.231,-8.000,218.000
SG/SF,Stanley Johnson,4000,Was@Det 06:00PM ET,10.838,Det,1,0,9.321,5.352,19.625,21.500,13.000,24.000,0.042,-1.000,208.000
PG,Ty Lawson,4000,Sac@Chi 09:00PM ET,20.100,Sac,0,0,21.429,12.139,19.250,27.000,14.000,24.000,0.328,6.500,205.000
SG,Jeremy Lamb,4000,Bkn@Cha 07:00PM ET,18.536,Cha,1,1,15.429,8.188,19.812,25.750,30.000,24.000,0.309,-12.000,221.500
SF,Rondae Hollis-Jefferson,4000,Bkn@Cha 07:00PM ET,19.638,Bkn,0,0,20.143,13.560,24.438,24.250,19.500,24.000,0.309,12.000,221.500
C,Clint Capela,4000,Hou@Mem 08:00PM ET,26.323,Hou,0,0,20.929,19.033,20.312,43.000,1.000,24.000,0.610,-1.500,215.500
PG,Shelvin Mack,4000,Ind@Uta 09:00PM ET,16.195,Uta,1,0,14.107,8.961,4.875,4.000,16.500,24.000,0.173,-7.500,200.000
PG,Rajon Rondo,3900,Sac@Chi 09:00PM ET,26.686,Chi,1,0,25.536,18.125,15.188,14.750,22.000,23.400,0.607,-6.500,205.000
C,Willie Reed,3900,Mil@Mia 07:30PM ET,13.544,Mia,1,0,10.464,7.545,13.812,15.250,13.000,23.400,0.198,-1.500,206.000
PG/SG,Iman Shumpert,3900,SA@Cle 08:30PM ET,16.163,Cle,1,0,17.357,11.159,23.438,27.500,14.000,23.400,0.147,-2.500,211.500
SF/PF,P.J. Tucker,3900,Pho@NY 07:30PM ET,18.107,Pho,0,0,16.821,10.250,20.188,15.250,17.500,23.400,0.289,5.500,222.500
C,Dewayne Dedmon,3800,SA@Cle 08:30PM ET,15.451,SA,0,0,11.750,8.926,19.062,17.500,6.000,22.800,0.184,2.500,211.500
PF,Richaun Holmes,3700,Phi@Atl 07:00PM ET,16.393,Phi,0,0,17.107,7.667,16.438,10.750,17.500,22.200,0.251,10.000,198.500
SG/SF,Allen Crabbe,3700,Por@Bos 05:00PM ET,17.972,Por,0,0,16.393,12.300,11.938,8.250,14.500,22.200,0.295,8.000,218.000
PG,Jameer Nelson,3700,LAC@Den 09:00PM ET,19.104,Den,1,0,17.500,11.978,22.438,27.000,2.500,22.200,0.376,-5.000,222.500
C,Aron Baynes,3700,Was@Det 06:00PM ET,10.571,Det,1,0,9.750,6.560,12.875,20.000,9.000,22.200,0.040,-1.000,208.000
SG/SF,Marco Belinelli,3700,Bkn@Cha 07:00PM ET,18.434,Cha,1,0,15.643,12.762,16.688,14.250,30.000,22.200,0.318,-12.000,221.500
PF,Frank Kaminsky,3700,Bkn@Cha 07:00PM ET,21.030,Cha,1,0,25.000,14.978,19.500,36.000,29.000,22.200,0.446,-12.000,221.500
PG,Andrew Harrison,3700,Hou@Mem 08:00PM ET,17.024,Mem,1,0,11.964,10.630,7.250,12.250,9.000,22.200,0.289,1.500,215.500
PG,Dejounte Murray,3700,SA@Cle 08:30PM ET,6.405,SA,0,0,5.143,2.000,13.688,32.500,18.000,22.200,0.028,2.500,211.500
SG,Manu Ginobili,3700,SA@Cle 08:30PM ET,18.181,SA,0,0,19.679,12.679,18.938,32.750,28.000,22.200,0.302,2.500,211.500
SG/SF,Thabo Sefolosha,3600,Phi@Atl 07:00PM ET,19.781,Atl,1,0,16.857,12.632,15.062,22.500,19.000,21.600,0.415,-10.000,198.500
PG,Spencer Dinwiddie,3600,Bkn@Cha 07:00PM ET,13.921,Bkn,0,0,18.214,6.556,16.625,18.000,19.000,21.600,0.182,12.000,221.500
SG,Nik Stauskas,3500,Phi@Atl 07:00PM ET,16.449,Phi,0,0,16.536,10.963,10.625,11.000,24.000,21.000,0.258,10.000,198.500
SG,Reggie Bullock,3500,Was@Det 06:00PM ET,12.357,Det,1,0,13.938,5.438,14.062,30.500,10.000,21.000,0.206,-1.000,208.000
SF,Omri Casspi,3500,Sac@Chi 09:00PM ET,13.614,Sac,0,1,16.964,7.100,9.062,4.750,10.000,21.000,0.155,6.500,205.000
PF/C,Spencer Hawes,3500,Bkn@Cha 07:00PM ET,16.258,Cha,1,0,11.321,9.235,20.062,7.750,29.500,21.000,0.313,-12.000,221.500
C,John Henson,3500,Mil@Mia 07:30PM ET,18.006,Mil,0,0,12.321,11.607,17.625,18.250,18.000,21.000,0.364,1.500,206.000
SG,J.R. Smith,3500,SA@Cle 08:30PM ET,17.321,Cle,1,1,17.750,11.300,19.688,8.250,23.000,21.000,0.317,-2.500,211.500
SG,Danny Green,3500,SA@Cle 08:30PM ET,17.750,SA,0,0,16.214,10.786,16.562,19.750,28.000,21.000,0.321,2.500,211.500
PG,Brandon Jennings,3500,Pho@NY 07:30PM ET,20.307,NY,1,0,14.857,13.054,17.125,10.750,26.500,21.000,0.472,-5.500,222.500
PF,Juancho Hernangomez,3400,LAC@Den 09:00PM ET,8.362,Den,1,0,3.036,3.618,9.188,21.000,4.000,20.400,0.074,-5.000,222.500
PG,Jerian Grant,3400,Sac@Chi 09:00PM ET,11.022,Chi,1,0,12.107,4.667,15.312,14.000,22.000,20.400,0.147,-6.500,205.000
PG,Ramon Sessions,3400,Bkn@Cha 07:00PM ET,13.308,Cha,1,0,12.857,9.641,13.938,14.750,30.000,20.400,0.087,-12.000,221.500
SG/SF,Caris LeVert,3400,Bkn@Cha 07:00PM ET,14.761,Bkn,0,0,16.821,8.596,21.188,36.250,18.750,20.400,0.275,12.000,221.500
PF/C,Justin Hamilton,3400,Bkn@Cha 07:00PM ET,16.682,Bkn,0,0,19.607,10.472,18.062,12.250,17.500,20.400,0.321,12.000,221.500
SG/SF,Vince Carter,3400,Hou@Mem 08:00PM ET,17.816,Mem,1,0,17.500,12.762,17.812,24.000,26.250,20.400,0.358,1.500,215.500
SF/PF,Sam Dekker,3400,Hou@Mem 08:00PM ET,15.598,Hou,0,0,16.179,10.615,19.875,31.250,5.500,20.400,0.250,-1.500,215.500
C,Alex Len,3400,Pho@NY 07:30PM ET,20.444,Pho,0,0,15.607,13.571,11.562,9.750,26.000,20.400,0.502,5.500,222.500
SG/SF,Joe Johnson,3400,Ind@Uta 09:00PM ET,15.733,Uta,1,0,8.286,8.583,14.812,24.750,19.750,20.400,0.298,-7.500,200.000
SG,Gerald Henderson,3300,Phi@Atl 07:00PM ET,16.791,Phi,0,0,15.679,10.389,15.500,15.750,24.000,19.800,0.340,10.000,198.500
PF/C,Kris Humphries,3300,Phi@Atl 07:00PM ET,11.176,Atl,1,0,9.964,5.083,19.938,25.750,16.500,19.800,0.173,-10.000,198.500
SG/SF,Kelly Oubre Jr.,3300,Was@Det 06:00PM ET,13.319,Was,0,0,14.357,7.812,17.188,15.750,5.000,19.800,0.231,1.000,208.000
PG,Isaiah Whitehead,3300,Bkn@Cha 07:00PM ET,15.875,Bkn,0,0,15.857,11.250,13.438,18.750,19.000,19.800,0.267,12.000,221.500
PG/SG,Matthew Dellavedova,3300,Mil@Mia 07:30PM ET,19.115,Mil,0,0,14.250,13.079,9.438,1.250,6.000,19.800,0.465,1.500,206.000
SF,Tony Snell,3300,Mil@Mia 07:30PM ET,16.341,Mil,0,0,12.036,10.955,13.188,6.750,8.500,19.800,0.309,1.500,206.000
SG,Courtney Lee,3300,Pho@NY 07:30PM ET,18.564,NY,1,0,15.643,12.833,17.312,15.500,15.000,19.800,0.426,-5.500,222.500
SG,Justin Holiday,3300,Pho@NY 07:30PM ET,14.938,NY,1,0,12.036,9.040,20.562,21.000,15.000,19.800,0.280,-5.500,222.500
SG,Monta Ellis,3300,Ind@Uta 09:00PM ET,19.279,Ind,0,0,12.857,11.958,14.812,13.500,1.000,19.800,0.479,7.500,200.000
PG,Ish Smith,3200,Was@Det 06:00PM ET,20.703,Det,1,0,14.821,14.052,13.750,15.250,4.000,19.200,0.565,-1.000,208.000
SF,Chandler Parsons,3200,Hou@Mem 08:00PM ET,11.944,Mem,1,1,12.042,7.143,13.562,10.000,26.000,19.200,0.076,1.500,215.500
PG/SG,Brandon Knight,3200,Pho@NY 07:30PM ET,19.564,Pho,0,0,17.286,12.463,10.625,3.000,20.000,19.200,0.516,5.500,222.500
PG/SG,Ron Baker,3200,Pho@NY 07:30PM ET,8.632,NY,1,0,9.357,3.727,11.312,8.000,20.750,19.200,0.082,-5.500,222.500
PF,Marquese Chriss,3200,Pho@NY 07:30PM ET,14.292,Pho,0,0,14.000,9.217,14.438,14.500,21.000,19.200,0.255,5.500,222.500
C,Guillermo Hernangomez,3200,Pho@NY 07:30PM ET,13.375,NY,1,0,6.536,4.528,14.688,33.250,24.000,19.200,0.291,-5.500,222.500
SG/SF,Glenn Robinson III,3200,Ind@Uta 09:00PM ET,13.956,Ind,0,0,12.250,6.662,12.625,8.500,1.000,19.200,0.278,7.500,200.000
SF,C.J. Miles,3200,Ind@Uta 09:00PM ET,18.188,Ind,0,0,16.786,11.375,15.125,10.250,1.000,19.200,0.452,7.500,200.000
PG,Malcolm Delaney,3100,Phi@Atl 07:00PM ET,13.157,Atl,1,0,15.607,7.361,16.750,15.500,12.500,18.600,0.205,-10.000,198.500
PG/SG,Jamal Murray,3100,LAC@Den 09:00PM ET,15.140,Den,1,0,7.286,8.310,11.750,24.500,5.000,18.600,0.365,-5.000,222.500
SF,James Ennis III,3100,Hou@Mem 08:00PM ET,17.613,Mem,1,0,12.643,11.233,17.812,25.000,26.000,18.600,0.449,1.500,215.500
SF,Wayne Ellington,3100,Mil@Mia 07:30PM ET,17.272,Mia,1,0,17.750,10.396,12.312,4.500,29.000,18.600,0.444,-1.500,206.000
PG,Patty Mills,3100,SA@Cle 08:30PM ET,19.165,SA,0,0,18.393,12.932,11.500,7.250,18.000,18.600,0.526,2.500,211.500
SG/SF,Jonathon Simmons,3100,SA@Cle 08:30PM ET,13.357,SA,0,0,10.571,8.238,15.250,15.000,27.500,18.600,0.227,2.500,211.500
C,Al Jefferson,3100,Ind@Uta 09:00PM ET,16.286,Ind,0,0,19.429,11.269,19.750,33.000,2.000,18.600,0.383,7.500,200.000
PG,Gary Neal,3000,Phi@Atl 07:00PM ET,3.375,Atl,1,0,0.000,0.000,3.375,0.000,12.500,18.000,0.095,-10.000,198.500
PG,Jerryd Bayless,3000,Phi@Atl 07:00PM ET,21.333,Phi,0,1,0.000,15.750,21.333,18.500,23.500,18.000,0.635,10.000,198.500
PG,Chasson Randle,3000,Phi@Atl 07:00PM ET,11.250,Phi,0,0,11.250,5.500,11.250,17.000,23.500,18.000,0.214,10.000,198.500
SG/SF,Timothe Luwawu-Cabarrot,3000,Phi@Atl 07:00PM ET,5.982,Phi,0,0,7.179,2.125,10.938,7.000,23.500,18.000,0.010,10.000,198.500
SF,Mike Dunleavy,3000,Phi@Atl 07:00PM ET,10.143,Atl,1,0,13.536,5.641,13.875,10.500,21.000,18.000,0.129,-10.000,198.500
SF,Taurean Prince,3000,Phi@Atl 07:00PM ET,7.894,Atl,1,0,6.393,2.446,4.125,1.000,21.000,18.000,0.081,-10.000,198.500
SF,DeAndre' Bembry,3000,Phi@Atl 07:00PM ET,4.618,Atl,1,0,2.643,2.125,6.125,4.000,21.000,18.000,0.011,-10.000,198.500
SF,Ben Simmons,3000,Phi@Atl 07:00PM ET,0.000,Phi,0,1,0.000,0.000,0.000,0.000,23.000,18.000,0.000,10.000,198.500
PF/C,Mike Muscala,3000,Phi@Atl 07:00PM ET,16.594,Atl,1,1,10.286,9.344,11.375,0.000,16.500,18.000,0.422,-10.000,198.500
PF,Mike Scott,3000,Phi@Atl 07:00PM ET,8.295,Atl,1,0,10.917,3.650,5.875,14.000,6.000,18.000,0.060,-10.000,198.500
C,Tiago Splitter,3000,Phi@Atl 07:00PM ET,0.000,Atl,1,1,0.000,0.000,0.000,0.000,27.000,18.000,0.000,-10.000,198.500
PG,Shabazz Napier,3000,Por@Bos 05:00PM ET,7.232,Por,0,0,8.500,2.650,5.125,0.750,20.000,18.000,0.040,8.000,218.000
PG,Tim Quarterman,3000,Por@Bos 05:00PM ET,3.250,Por,0,0,3.357,1.750,1.750,3.750,20.000,18.000,0.001,8.000,218.000
PG,Demetrius Jackson,3000,Por@Bos 05:00PM ET,5.000,Bos,1,0,7.625,1.583,5.000,2.750,10.500,18.000,0.082,-8.000,218.000
PG,Terry Rozier,3000,Por@Bos 05:00PM ET,13.858,Bos,1,0,11.393,8.287,12.438,11.750,10.500,18.000,0.287,-8.000,218.000
SG,Gerald Green,3000,Por@Bos 05:00PM ET,10.000,Bos,1,0,10.500,4.661,5.125,1.500,9.000,18.000,0.149,-8.000,218.000
SG,James Young,3000,Por@Bos 05:00PM ET,3.523,Bos,1,1,2.500,0.594,2.125,1.250,9.000,18.000,0.033,-8.000,218.000
SF,Pat Connaughton,3000,Por@Bos 05:00PM ET,3.345,Por,0,0,3.714,1.227,4.938,4.000,17.500,18.000,0.001,8.000,218.000
SF,Jaylen Brown,3000,Por@Bos 05:00PM ET,9.390,Bos,1,0,9.929,4.729,10.500,19.000,23.000,18.000,0.118,-8.000,218.000
PF/C,Meyers Leonard,3000,Por@Bos 05:00PM ET,11.853,Por,0,0,7.679,5.310,12.312,13.500,22.750,18.000,0.242,8.000,218.000
PF,Jonas Jerebko,3000,Por@Bos 05:00PM ET,11.125,Bos,1,1,10.000,6.310,9.000,7.250,30.000,18.000,0.128,-8.000,218.000
PF,Jake Layman,3000,Por@Bos 05:00PM ET,4.348,Por,0,0,2.321,1.516,3.750,3.500,25.000,18.000,0.017,8.000,218.000
PF,Jordan Mickey,3000,Por@Bos 05:00PM ET,5.886,Bos,1,0,5.625,2.600,6.188,8.000,30.000,18.000,0.010,-8.000,218.000
PF,Noah Vonleh,3000,Por@Bos 05:00PM ET,9.122,Por,0,0,9.964,4.333,16.188,18.750,25.000,18.000,0.088,8.000,218.000
C,Festus Ezeli,3000,Por@Bos 05:00PM ET,0.000,Por,0,1,0.000,0.000,0.000,0.000,20.500,18.000,0.000,8.000,218.000
C,Ed Davis,3000,Por@Bos 05:00PM ET,12.726,Por,0,1,8.250,6.714,10.125,11.000,20.500,18.000,0.241,8.000,218.000
C,Tyler Zeller,3000,Por@Bos 05:00PM ET,10.454,Bos,1,1,3.893,3.650,3.125,8.000,28.000,18.000,0.215,-8.000,218.000
PG,Malik Beasley,3000,LAC@Den 09:00PM ET,4.545,Den,1,0,4.857,0.821,5.188,5.250,2.500,18.000,0.017,-5.000,222.500
SG,Mike Miller,3000,LAC@Den 09:00PM ET,4.607,Den,1,0,5.438,1.312,4.188,8.250,7.500,18.000,0.027,-5.000,222.500
SG,Alan Anderson,3000,LAC@Den 09:00PM ET,5.406,LAC,0,0,7.750,2.450,6.125,7.750,29.000,18.000,0.015,5.000,222.500
SF,Paul Pierce,3000,LAC@Den 09:00PM ET,6.917,LAC,0,0,9.542,3.500,6.938,8.250,19.500,18.000,0.012,5.000,222.500
SF,Wesley Johnson,3000,LAC@Den 09:00PM ET,10.304,LAC,0,0,11.179,5.475,10.125,5.250,19.500,18.000,0.122,5.000,222.500
PF,Brandon Bass,3000,LAC@Den 09:00PM ET,10.080,LAC,0,0,11.500,5.167,12.688,22.000,11.500,18.000,0.132,5.000,222.500
PF,Luc Richard Mbah a Moute,3000,LAC@Den 09:00PM ET,13.369,LAC,0,0,13.143,9.400,12.062,14.250,11.500,18.000,0.223,5.000,222.500
PF,Darrell Arthur,3000,LAC@Den 09:00PM ET,11.176,Den,1,1,12.000,5.611,16.125,19.000,4.000,18.000,0.165,-5.000,222.500
PF,Brice Johnson,3000,LAC@Den 09:00PM ET,0.000,LAC,0,1,0.000,0.000,0.000,0.000,11.500,18.000,0.000,5.000,222.500
C,Jusuf Nurkic,3000,LAC@Den 09:00PM ET,20.507,Den,1,0,12.786,11.562,6.688,7.750,9.000,18.000,0.586,-5.000,222.500
C,Diamond Stone,3000,LAC@Den 09:00PM ET,2.813,LAC,0,0,0.000,0.250,2.812,0.000,15.500,18.000,0.048,5.000,222.500
PG/SG,Tomas Satoransky,3000,Was@Det 06:00PM ET,9.917,Was,0,0,6.036,4.891,16.188,11.000,14.500,18.000,0.160,1.000,208.000
PG,Beno Udrih,3000,Was@Det 06:00PM ET,13.278,Det,1,0,16.250,7.929,9.062,0.000,4.000,18.000,0.239,-1.000,208.000
PG,Trey Burke,3000,Was@Det 06:00PM ET,8.270,Was,0,0,6.536,4.477,8.875,4.500,23.500,18.000,0.083,1.000,208.000
SG,Darrun Hilliard,3000,Was@Det 06:00PM ET,6.413,Det,1,0,6.036,2.554,4.750,6.500,10.000,18.000,0.016,-1.000,208.000
SG,Sheldon McClellan,3000,Was@Det 06:00PM ET,7.500,Was,0,0,12.214,2.500,5.062,2.500,5.500,18.000,0.058,1.000,208.000
SG,Danuel House,3000,Was@Det 06:00PM ET,1.250,Was,0,1,0.000,0.000,0.000,,5.500,18.000,,1.000,208.000
SF,Marcus Thornton,3000,Was@Det 06:00PM ET,12.712,Was,0,0,9.500,6.875,13.688,3.000,4.500,18.000,0.232,1.000,208.000
SF,Michael Gbinije,3000,Was@Det 06:00PM ET,1.344,Det,1,1,1.100,0.625,1.500,1.250,16.000,18.000,0.003,-1.000,208.000
PF/C,Jason Smith,3000,Was@Det 06:00PM ET,9.881,Was,0,0,11.250,6.074,15.188,19.500,8.250,18.000,0.116,1.000,208.000
PF,Henry Ellenson,3000,Was@Det 06:00PM ET,2.964,Det,1,0,2.429,1.361,4.750,3.500,23.500,18.000,0.001,-1.000,208.000
C,Ian Mahinmi,3000,Was@Det 06:00PM ET,5.250,Was,0,1,0.000,0.000,0.000,,5.000,18.000,,1.000,208.000
C,Andrew Nicholson,3000,Was@Det 06:00PM ET,5.840,Was,0,0,9.250,2.300,5.062,7.250,5.000,18.000,0.024,1.000,208.000
C,Boban Marjanovic,3000,Was@Det 06:00PM ET,9.842,Det,1,0,11.821,2.841,14.938,4.500,9.000,18.000,0.206,-1.000,208.000
C,Daniel Ochefu,3000,Was@Det 06:00PM ET,3.025,Was,0,0,3.667,1.042,5.375,5.750,5.000,18.000,0.003,1.000,208.000
PG,Isaiah Canaan,3000,Sac@Chi 09:00PM ET,10.768,Chi,1,0,7.179,5.703,3.312,0.750,22.000,18.000,0.174,-6.500,205.000
SG/SF,Denzel Valentine,3000,Sac@Chi 09:00PM ET,7.611,Chi,1,0,7.607,2.922,15.125,27.000,15.750,18.000,0.096,-6.500,205.000
SG,Arron Afflalo,3000,Sac@Chi 09:00PM ET,12.379,Sac,0,0,9.964,6.944,11.250,11.000,14.000,18.000,0.192,6.500,205.000
SG,Ben McLemore,3000,Sac@Chi 09:00PM ET,8.485,Sac,0,0,9.929,2.554,1.312,3.500,14.000,18.000,0.071,6.500,205.000
SG,Malachi Richardson,3000,Sac@Chi 09:00PM ET,4.607,Sac,0,0,4.700,1.450,3.125,3.750,14.000,18.000,0.044,6.500,205.000
SF,Paul Zipser,3000,Sac@Chi 09:00PM ET,4.982,Chi,1,0,4.083,1.688,10.938,11.750,11.000,18.000,0.014,-6.500,205.000
PF,Bobby Portis,3000,Sac@Chi 09:00PM ET,9.858,Chi,1,0,7.643,5.361,10.375,20.250,23.500,18.000,0.125,-6.500,205.000
PF,Skal Labissiere,3000,Sac@Chi 09:00PM ET,5.450,Sac,0,0,5.812,2.250,3.875,8.750,17.500,18.000,0.044,6.500,205.000
C,Kosta Koufos,3000,Sac@Chi 09:00PM ET,15.851,Sac,0,0,22.393,10.295,14.125,18.000,9.000,18.000,0.397,6.500,205.000
C,Willie Cauley-Stein,3000,Sac@Chi 09:00PM ET,8.450,Sac,0,0,6.893,3.587,4.125,12.500,9.000,18.000,0.079,6.500,205.000
C,Cristiano Felicio,3000,Sac@Chi 09:00PM ET,12.160,Chi,1,0,17.964,6.737,10.188,3.500,11.000,18.000,0.222,-6.500,205.000
C,Georgios Papagiannis,3000,Sac@Chi 09:00PM ET,1.375,Sac,0,0,2.750,0.000,1.375,0.000,9.000,18.000,0.081,6.500,205.000
PG,Randy Foye,3000,Bkn@Cha 07:00PM ET,11.897,Bkn,0,0,14.429,7.031,17.500,17.250,19.000,18.000,0.174,12.000,221.500
PG,Brian Roberts,3000,Bkn@Cha 07:00PM ET,3.229,Cha,1,0,2.500,0.542,2.375,5.250,30.000,18.000,0.003,-12.000,221.500
SF,Joe Harris,3000,Bkn@Cha 07:00PM ET,15.806,Bkn,0,1,17.179,9.816,14.312,16.000,19.500,18.000,0.384,12.000,221.500
SF,Treveon Graham,3000,Bkn@Cha 07:00PM ET,3.232,Cha,1,0,3.357,0.929,2.125,3.250,30.000,18.000,0.001,-12.000,221.500
PF/C,Luis Scola,3000,Bkn@Cha 07:00PM ET,12.532,Bkn,0,0,12.286,6.446,12.562,18.250,17.500,18.000,0.227,12.000,221.500
PF,Quincy Acy,3000,Bkn@Cha 07:00PM ET,7.682,Bkn,0,0,8.000,3.607,14.562,23.500,10.000,18.000,0.094,12.000,221.500
PF,Christian Wood,3000,Bkn@Cha 07:00PM ET,2.500,Cha,1,0,0.000,0.000,0.000,,29.000,18.000,,-12.000,221.500
C,Roy Hibbert,3000,Bkn@Cha 07:00PM ET,13.188,Cha,1,0,13.036,8.537,14.125,9.500,30.000,18.000,0.266,-12.000,221.500
PG,Bobby Brown,3000,Hou@Mem 08:00PM ET,1.688,Hou,0,0,1.071,0.583,3.750,7.500,7.000,18.000,0.001,-1.500,215.500
PG,Tyler Ennis,3000,Hou@Mem 08:00PM ET,4.654,Hou,0,0,5.143,1.600,2.062,7.000,7.000,18.000,0.005,-1.500,215.500
PG,Wade Baldwin IV,3000,Hou@Mem 08:00PM ET,9.402,Mem,1,0,9.214,3.327,3.125,6.250,9.000,18.000,0.179,1.500,215.500
SG/SF,Corey Brewer,3000,Hou@Mem 08:00PM ET,9.810,Hou,0,0,10.429,6.080,11.250,9.750,4.500,18.000,0.073,-1.500,215.500
SG,Troy Daniels,3000,Hou@Mem 08:00PM ET,14.159,Mem,1,1,11.643,5.368,6.188,-0.500,26.500,18.000,0.370,1.500,215.500
SG,Troy Williams,3000,Hou@Mem 08:00PM ET,10.720,Mem,1,0,12.964,2.729,4.188,0.000,26.500,18.000,0.234,1.500,215.500
SF,K.J. McDaniels,3000,Hou@Mem 08:00PM ET,5.688,Hou,0,0,3.536,2.033,3.062,1.500,6.000,18.000,0.024,-1.500,215.500
PF/C,Jarell Martin,3000,Hou@Mem 08:00PM ET,10.128,Mem,1,0,8.714,4.631,4.375,0.000,18.750,18.000,0.147,1.500,215.500
PF,Brandan Wright,3000,Hou@Mem 08:00PM ET,0.000,Mem,1,1,0.000,0.000,0.000,,15.500,18.000,,1.500,215.500
PF,Kyle Wiltjer,3000,Hou@Mem 08:00PM ET,2.306,Hou,0,0,1.042,0.375,1.000,3.250,5.000,18.000,0.006,-1.500,215.500
PF,Deyonta Davis,3000,Hou@Mem 08:00PM ET,5.670,Mem,1,0,6.500,2.000,4.500,1.250,15.500,18.000,0.037,1.500,215.500
C,Nene Hilario,3000,Hou@Mem 08:00PM ET,15.388,Hou,0,0,16.071,9.803,18.312,12.000,1.000,18.000,0.340,-1.500,215.500
C,Chinanu Onuaku,3000,Hou@Mem 08:00PM ET,6.625,Hou,0,0,0.000,0.000,6.625,0.000,1.000,18.000,0.160,-1.500,215.500
SG/SF,Rodney McGruder,3000,Mil@Mia 07:30PM ET,13.962,Mia,1,0,12.250,7.721,12.250,14.250,22.500,18.000,0.276,-1.500,206.000
SG,Jason Terry,3000,Mil@Mia 07:30PM ET,8.284,Mil,0,0,8.857,4.382,5.750,4.000,4.000,18.000,0.031,1.500,206.000
SG,Khris Middleton,3000,Mil@Mia 07:30PM ET,0.000,Mil,0,0,0.000,0.000,0.000,0.000,4.000,18.000,0.000,1.500,206.000
SG,Rashad Vaughn,3000,Mil@Mia 07:30PM ET,7.611,Mil,0,0,5.786,2.136,6.812,15.000,4.000,18.000,0.126,1.500,206.000
SF,Steve Novak,3000,Mil@Mia 07:30PM ET,1.156,Mil,0,0,1.600,0.000,1.688,2.000,8.500,18.000,0.003,1.500,206.000
PF,Chris Bosh,3000,Mil@Mia 07:30PM ET,0.000,Mia,1,0,0.000,0.000,0.000,0.000,19.000,18.000,0.000,-1.500,206.000
PF,Josh McRoberts,3000,Mil@Mia 07:30PM ET,13.523,Mia,1,1,15.107,8.917,9.188,10.000,19.000,18.000,0.234,-1.500,206.000
PF,Luke Babbitt,3000,Mil@Mia 07:30PM ET,8.809,Mia,1,0,6.321,3.653,11.375,7.250,19.000,18.000,0.094,-1.500,206.000
PF,Derrick Williams,3000,Mil@Mia 07:30PM ET,12.326,Mia,1,0,12.429,7.769,11.312,5.500,19.000,18.000,0.188,-1.500,206.000
PF,Okaro White,3000,Mil@Mia 07:30PM ET,0.750,Mia,1,0,0.750,0.000,0.750,0.750,19.000,18.000,0.159,-1.500,206.000
PF,Mirza Teletovic,3000,Mil@Mia 07:30PM ET,12.729,Mil,0,0,8.536,6.603,2.188,2.750,7.000,18.000,0.252,1.500,206.000
PF,Justise Winslow,3000,Mil@Mia 07:30PM ET,25.833,Mia,1,1,25.464,20.250,23.875,32.750,19.000,18.000,0.784,-1.500,206.000
PF,Thon Maker,3000,Mil@Mia 07:30PM ET,4.237,Mil,0,0,3.214,1.886,3.500,3.250,7.000,18.000,0.001,1.500,206.000
C,Udonis Haslem,3000,Mil@Mia 07:30PM ET,5.679,Mia,1,0,4.208,1.321,10.750,3.500,13.000,18.000,0.037,-1.500,206.000
C,Miles Plumlee,3000,Mil@Mia 07:30PM ET,5.681,Mil,0,0,2.536,1.618,3.188,9.000,18.000,18.000,0.027,1.500,206.000
PG,Bryn Forbes,3000,SA@Cle 08:30PM ET,1.483,SA,0,0,0.643,0.114,0.812,0.000,18.000,18.000,0.000,2.500,211.500
PG,Kay Felder,3000,SA@Cle 08:30PM ET,9.375,Cle,1,0,10.179,4.150,5.375,2.000,5.000,18.000,0.141,-2.500,211.500
SG,James Jones,3000,SA@Cle 08:30PM ET,4.971,Cle,1,0,5.821,1.422,7.312,20.000,23.000,18.000,0.018,-2.500,211.500
SG,DeAndre Liggins,3000,SA@Cle 08:30PM ET,9.152,Cle,1,0,9.286,3.350,5.875,7.000,23.000,18.000,0.082,-2.500,211.500
SG,Jordan McRae,3000,SA@Cle 08:30PM ET,7.929,Cle,1,0,10.071,2.683,3.062,0.000,23.000,18.000,0.104,-2.500,211.500
SG,Kyle Anderson,3000,SA@Cle 08:30PM ET,8.459,SA,0,0,9.179,3.885,4.500,0.000,28.000,18.000,0.111,2.500,211.500
SF/PF,Richard Jefferson,3000,SA@Cle 08:30PM ET,10.226,Cle,1,0,14.643,5.977,11.750,10.500,2.250,18.000,0.106,-2.500,211.500
SF/PF,Davis Bertans,3000,SA@Cle 08:30PM ET,6.950,SA,0,0,0.929,2.250,5.438,10.000,20.500,18.000,0.074,2.500,211.500
C,Chris Andersen,3000,SA@Cle 08:30PM ET,7.979,Cle,1,1,8.714,4.607,8.312,11.000,3.000,18.000,0.035,-2.500,211.500
PG/SG,Leandro Barbosa,3000,Pho@NY 07:30PM ET,10.305,Pho,0,0,11.500,4.464,6.250,-0.500,20.000,18.000,0.161,5.500,222.500
PG,Tyler Ulis,3000,Pho@NY 07:30PM ET,6.907,Pho,0,0,4.786,3.347,3.562,4.250,15.000,18.000,0.065,5.500,222.500
SG,Sasha Vujacic,3000,Pho@NY 07:30PM ET,5.728,NY,1,0,7.857,1.000,9.188,14.250,15.000,18.000,0.024,-5.500,222.500
SF/PF,Lance Thomas,3000,Pho@NY 07:30PM ET,9.150,NY,1,1,10.964,5.375,7.562,0.000,22.500,18.000,0.050,-5.500,222.500
SF/PF,Dragan Bender,3000,Pho@NY 07:30PM ET,8.221,Pho,0,0,13.036,3.773,11.375,7.750,17.500,18.000,0.118,5.500,222.500
SF,Derrick Jones Jr.,3000,Pho@NY 07:30PM ET,1.500,Pho,0,0,0.000,0.000,1.500,3.000,14.000,18.000,0.081,5.500,222.500
PF,Jared Dudley,3000,Pho@NY 07:30PM ET,16.858,Pho,0,1,12.786,11.000,7.750,2.000,21.000,18.000,0.443,5.500,222.500
PF,Maurice Ndour,3000,Pho@NY 07:30PM ET,5.176,NY,1,0,3.964,2.714,5.000,6.750,20.000,18.000,0.001,-5.500,222.500
C,Marshall Plumlee,3000,Pho@NY 07:30PM ET,7.900,NY,1,0,2.250,1.500,9.562,3.250,24.000,18.000,0.159,-5.500,222.500
C,Alan Williams,3000,Pho@NY 07:30PM ET,9.250,Pho,0,0,16.429,3.000,3.750,2.000,26.000,18.000,0.258,5.500,222.500
PG/SG,Rodney Stuckey,3000,Ind@Uta 09:00PM ET,15.794,Ind,0,1,17.357,8.306,14.625,2.000,3.500,18.000,0.409,7.500,200.000
PG,Aaron Brooks,3000,Ind@Uta 09:00PM ET,12.083,Ind,0,0,14.964,7.523,13.250,10.000,6.000,18.000,0.202,7.500,200.000
PG,Raul Neto,3000,Ind@Uta 09:00PM ET,5.728,Uta,1,0,6.714,1.500,7.625,8.000,16.500,18.000,0.020,-7.500,200.000
PG,Dante Exum,3000,Ind@Uta 09:00PM ET,11.656,Uta,1,0,12.643,5.385,6.125,0.000,16.500,18.000,0.156,-7.500,200.000
SG,Alec Burks,3000,Ind@Uta 09:00PM ET,5.156,Uta,1,0,10.500,0.375,7.750,10.000,26.500,18.000,0.055,-7.500,200.000
SG,Joe Young,3000,Ind@Uta 09:00PM ET,4.875,Ind,0,0,9.071,0.479,2.188,6.000,1.000,18.000,0.037,7.500,200.000
PF/C,Boris Diaw,3000,Ind@Uta 09:00PM ET,10.707,Uta,1,0,8.536,5.773,14.438,9.000,22.500,18.000,0.170,-7.500,200.000
PF/C,Kevin Seraphin,3000,Ind@Uta 09:00PM ET,10.020,Ind,0,0,8.571,4.214,8.938,4.250,1.500,18.000,0.163,7.500,200.000
PF,Rakeem Christmas,3000,Ind@Uta 09:00PM ET,3.417,Ind,0,0,1.375,1.375,3.417,0.000,1.000,18.000,0.055,7.500,200.000
PF,Georges Niang,3000,Ind@Uta 09:00PM ET,2.444,Ind,0,0,2.036,0.568,2.000,6.000,1.000,18.000,0.000,7.500,200.000
PF,Joel Bolomboy,3000,Ind@Uta 09:00PM ET,2.833,Uta,1,0,1.938,1.050,2.812,3.500,28.000,18.000,0.004,-7.500,200.000
PF,Trey Lyles,3000,Ind@Uta 09:00PM ET,16.585,Uta,1,0,17.679,9.800,9.938,11.500,28.000,18.000,0.427,-7.500,200.000
C,Lavoy Allen,3000,Ind@Uta 09:00PM ET,6.573,Ind,0,0,3.964,3.639,2.312,2.750,2.000,18.000,0.005,7.500,200.000
C,Jeff Withey,3000,Ind@Uta 09:00PM ET,7.615,Uta,1,0,6.679,3.538,4.250,1.000,17.000,18.000,0.035,-7.500,200.000
