Player_ID,,Name,TEAM,ou,odds,Position,GAME_DATE,Game_ID,Home,OPP,PACE,AST,TO,ORR,DRR,REBR,EFF FG%,TS%,OFF EFF,DEF EFF,DKFPS,salary,shiftedDKFPS,shiftedsalaryavg,shiftedsalarystd,shiftedDEF_RAT,shiftedOFF_RAT,shiftedNET_RAT,shiftedDKFPSavg,shiftedMIN,shiftedMINavg,shiftedMINstd,shiftedDKFPSstd,shiftedOFF_RATINGavg,shiftedDEF_RATINGavg,shiftedNET_RATINGavg
1938,46130,Manu Ginobili,SAS,196.0,-5.0,SG/SF,2017-12-30,21700530.0,0.0,DET,96.5,17.2,13.3,23.8,79.6,51.9,51.3,54.9,105.1,101.5,0.0,3900.0,0.0,3890.0,191.19507199599983,109.69999999999985,87.90000000000022,-21.900000000000006,14.7,0.0,17.2,10.685400216078847,10.601231584637285,105.28999999999999,2.650000000000007,107.95000000000002
2200,46131,Pau Gasol,SAS,196.0,-5.0,PF/C,2017-12-30,21700530.0,0.0,DET,96.5,17.2,13.3,23.8,79.6,51.9,51.3,54.9,105.1,101.5,0.0,7000.0,0.0,5710.0,504.3147165543886,103.8000000000001,122.70000000000007,18.900000000000016,21.45,0.0,18.6,11.217050513491591,19.10599091617309,105.79999999999993,-4.6699999999999955,101.16000000000011
2207,46184,Joe Johnson,UTA,208.0,4.0,SG/SF,2017-12-30,21700534.0,1.0,CLE,96.9,16.6,13.7,19.8,78.3,48.2,51.6,55.5,104.1,104.6,0.0,3700.0,0.0,3680.0,103.27955589886444,129.09999999999985,95.40000000000016,-33.699999999999996,9.125,0.0,16.6,10.123679612121709,6.7938391208505955,113.48000000000005,-17.73,95.74999999999997
2210,46124,Richard Jefferson,DEN,216.0,-7.0,SF/PF,2017-12-30,21700536.0,1.0,PHI,98.4,17.4,13.9,27.3,78.3,52.6,52.8,56.000000000000014,107.9,106.60000000000002,0.0,3000.0,0.0,3000.0,0.0,5.684341886080802e-14,0.0,-5.684341886080802e-14,0.0,0.0,0.0,0.0,0.0,5.149999999999994,21.010000000000012,26.160000000000053
2225,46135,Tony Parker,SAS,196.0,-5.0,PG,2017-12-30,21700530.0,0.0,DET,96.5,17.2,13.3,23.8,79.6,51.9,51.3,54.9,105.1,101.5,0.0,4100.0,0.0,4030.0,249.6664441476535,122.70000000000002,142.2,19.500000000000004,16.05,0.0,17.2,9.437513796899404,10.768911014789026,104.63999999999999,0.2400000000000116,104.86999999999996
2544,46095,LeBron James,CLE,208.0,-4.0,SF/PF,2017-12-30,21700534.0,0.0,UTA,98.6,18.0,13.5,20.2,76.6,49.3,55.5,59.4,111.4,108.7,0.0,11500.0,0.0,11660.0,259.0581230363393,120.30000000000004,105.10000000000008,-15.19999999999999,54.475,0.0,34.3,12.247902314727652,21.792726233004124,114.27000000000001,1.519999999999995,115.80999999999992
2548,46089,Dwyane Wade,CLE,208.0,-4.0,PG/SG,2017-12-30,21700534.0,0.0,UTA,98.6,18.0,13.500000000000004,20.2,76.59999999999997,49.3,55.5,59.4,111.39999999999998,108.7,0.0,4900.0,0.0,5310.0,310.73389830457114,140.40000000000003,89.80000000000003,-50.60000000000001,21.825,0.0,22.3,8.17924201867141,9.813574781902892,107.50000000000003,3.0100000000000002,110.52999999999994
2561,46085,David West,GSW,207.0,-14.0,PF/C,2017-12-30,21700535.0,1.0,MEM,102.4,21.4,14.6,21.8,76.4,51.6,57.4,60.7,112.4,100.6,0.0,3400.0,0.0,3530.0,67.49485577105528,1.2789769243681803e-13,-1.9895196601282805e-13,7.105427357601002e-15,13.7,0.0,12.6,7.026932316294062,9.243466160843921,87.37999999999995,7.040000000000009,94.41
2585,46087,Zaza Pachulia,GSW,207.0,-14.0,C,2017-12-30,21700535.0,1.0,MEM,102.4,21.4,14.6,21.8,76.4,51.6,57.4,60.7,112.4,100.6,0.0,3200.0,0.0,3200.0,94.28090415820647,-8.526512829121202e-14,1.1368683772161603e-13,-2.4868995751603507e-14,13.525,0.0,10.5,8.329999333066528,11.892720696104641,75.16000000000007,21.840000000000018,96.99999999999999
2594,46098,Kyle Korver,CLE,208.0,-4.0,SG/SF,2017-12-30,21700534.0,0.0,UTA,98.6,18.000000000000007,13.5,20.2,76.59999999999997,49.3,55.5,59.4,111.4,108.7,0.0,3600.0,0.0,3650.0,70.71067811865476,165.79999999999978,98.30000000000007,-67.50000000000001,14.025,0.0,21.3,7.746683878351515,7.939397192342608,110.24000000000005,1.8599999999999919,112.11999999999993
2617,46032,Udonis Haslem,MIA,204.0,-2.0,PF/C,2017-12-30,21700531.0,0.0,ORL,97.0,16.7,14.8,19.3,79.0,49.4,52.8,55.9,103.0,104.4,0.0,3000.0,0.0,3000.0,0.0,1.4210854715202004e-14,0.0,5.329070518200751e-15,1.05,0.0,3.2,4.709328803319831,1.4033689623347267,48.52,22.120000000000005,70.64
2733,46082,Shaun Livingston,GSW,207.0,-14.0,PG/SG,2017-12-30,21700535.0,1.0,MEM,102.4,21.4,14.6,21.8,76.4,51.6,57.4,60.7,112.4,100.6,0.0,3600.0,0.0,3760.0,254.73297566057067,1.4210854715202004e-14,-4.263256414560601e-14,-7.105427357601002e-15,8.325,0.0,14.4,8.821690440172018,5.605119187948738,93.66999999999993,6.830000000000015,100.51000000000002
2738,46078,Andre Iguodala,GSW,207.0,-14.0,SG/SF,2017-12-30,21700535.0,1.0,MEM,102.4,21.4,14.6,21.8,76.4,51.6,57.4,60.7,112.4,100.6,0.0,4000.0,0.0,4210.0,159.51314818673865,1.2789769243681803e-13,1.7053025658242404e-13,-7.105427357601002e-15,15.95,0.0,22.8,12.787146323989226,11.096045341572019,86.02000000000005,10.620000000000003,96.65000000000002
2747,46090,J.R. Smith,CLE,208.0,-4.0,SG/SF,2017-12-30,21700534.0,0.0,UTA,98.6,18.0,13.5,20.2,76.6,49.3,55.5,59.4,111.4,108.7,0.0,4000.0,0.0,3980.0,78.88106377466171,104.30000000000004,115.90000000000005,11.59999999999999,15.575,0.0,26.2,10.685400216078833,8.447591701517988,110.38,-0.40000000000000285,110.00999999999996
2749,46111,Jameer Nelson,NOP,218.0,-6.0,PG/SG,2017-12-30,21700532.0,1.0,NYK,101.9,19.5,14.6,20.3,76.9,49.8,55.8,58.8,108.6,107.4,0.0,3300.0,0.0,3390.0,31.622776601690337,-2.842170943040401e-14,0.0,-7.105427357601002e-15,11.425,0.0,18.2,10.612361764575395,7.459194549905029,103.69000000000001,-9.540000000000001,94.16
101112,46096,Channing Frye,CLE,208.0,-4.0,PF/C,2017-12-30,21700534.0,0.0,UTA,98.6,18.0,13.5,20.2,76.6,49.3,55.5,59.4,111.4,108.7,0.0,3300.0,0.0,3270.0,82.32726023485645,161.2999999999999,105.60000000000005,-55.70000000000006,5.55,0.0,7.9,6.854844191437846,4.676774767104148,95.32,-4.719999999999991,90.59
101127,46172,Jarrett Jack,NYK,218.0,6.0,PG,2017-12-30,21700532.0,0.0,NOP,98.70000000000003,17.0,14.3,26.2,76.9,52.100000000000016,51.2,54.8,104.29999999999997,104.6,0.0,4300.0,0.0,4480.0,91.89365834726814,122.00000000000003,108.60000000000004,-13.3,18.825,0.0,20.6,11.529671865813583,11.592053072879041,110.02000000000005,-7.019999999999998,103.02000000000001
101141,46159,Ersan Ilyasova,ATL,208.0,4.0,SF/PF,2017-12-30,21700533.0,1.0,POR,99.49999999999994,18.2,14.3,21.800000000000008,74.29999999999997,47.8,52.3,55.8,104.4,108.50000000000006,0.0,5100.0,0.0,4960.0,271.6206504995115,1.2789769243681803e-13,-1.1368683772161603e-13,2.0594637106796654e-14,20.65,0.0,23.7,12.996153277027785,13.37763473530023,101.97000000000003,0.7599999999999969,102.7
101161,46021,Amir Johnson,PHI,216.0,7.0,PF/C,2017-12-30,21700536.0,0.0,DEN,103.3,18.3,15.799999999999997,26.4,77.8,52.9,51.7,55.2,103.40000000000003,103.7,0.0,3700.0,0.0,3600.0,94.28090415820688,115.70000000000007,104.50000000000003,-11.199999999999996,11.775,0.0,14.2,7.269418439218113,9.789059936707133,116.90000000000009,-26.940000000000005,89.95
101181,46093,Jose Calderon,CLE,208.0,-4.0,PG,2017-12-30,21700534.0,0.0,UTA,98.6,18.000000000000007,13.500000000000004,20.2,76.60000000000002,49.3,55.499999999999986,59.4,111.4,108.7,0.0,3700.0,0.0,3470.0,356.05867181937555,81.6999999999999,110.10000000000002,28.39999999999994,17.4,0.0,21.3,8.525126261691259,9.456919865015953,113.25999999999996,1.3499999999999983,114.61999999999998
200746,46133,LaMarcus Aldridge,SAS,196.0,-5.0,PF/C,2017-12-30,21700530.0,0.0,DET,96.5,17.2,13.3,23.8,79.6,51.9,51.3,54.9,105.1,101.5,0.0,7500.0,0.0,8010.0,317.80497164141406,120.70000000000005,135.1,14.40000000000001,28.9,0.0,27.0,14.757295747452433,16.963277330096872,103.29999999999998,3.2900000000000085,106.61000000000006
200755,46019,J.J. Redick,PHI,216.0,7.0,SG/SF,2017-12-30,21700536.0,0.0,DEN,103.3,18.3,15.8,26.39999999999999,77.8,52.9,51.70000000000002,55.2,103.4,103.7,0.0,5300.0,0.0,5300.0,182.57418583505552,110.69999999999996,111.90000000000013,1.0999999999999517,25.4,0.0,30.5,13.235054464061205,12.476199563791672,106.05999999999999,0.4500000000000052,106.51999999999987
200757,46183,Thabo Sefolosha,UTA,208.0,4.0,SG/SF,2017-12-30,21700534.0,1.0,CLE,96.9,16.599999999999994,13.7,19.8,78.3,48.2,51.6,55.5,104.1,104.6,0.0,3500.0,0.0,3640.0,177.6388345929897,115.29999999999994,94.09999999999984,-21.2,9.75,0.0,14.5,10.458914326491488,8.19298480408698,92.00000000000003,-5.340000000000008,86.66000000000005
200765,46101,Rajon Rondo,NOP,218.0,-6.0,PG,2017-12-30,21700532.0,1.0,NYK,101.9,19.5,14.6,20.3,76.89999999999998,49.8,55.8,58.8,108.59999999999997,107.40000000000003,0.0,6400.0,0.0,5880.0,257.33678754158376,-1.4210854715202004e-13,-1.7053025658242404e-13,7.105427357601002e-15,21.725,0.0,21.2,13.878840809744231,18.67613227268073,103.80999999999995,-1.1299999999999972,102.68000000000002
201142,46079,Kevin Durant,GSW,207.0,-14.0,SF/PF,2017-12-30,21700535.0,1.0,MEM,102.4,21.4,14.6,21.8,76.4,51.6,57.4,60.7,112.4,100.6,0.0,10300.0,0.0,11120.0,446.7164151400252,-5.684341886080802e-14,-1.2789769243681803e-13,-7.105427357601002e-15,45.075,0.0,29.3,15.620855005764287,27.221327933156463,88.95,8.510000000000023,97.45999999999992
201145,46091,Jeff Green,CLE,208.0,-4.0,SF/PF,2017-12-30,21700534.0,0.0,UTA,98.6,18.0,13.5,20.2,76.6,49.3,55.5,59.4,111.4,108.7,0.0,3800.0,0.0,4200.0,141.4213562373095,132.10000000000022,101.50000000000018,-30.699999999999996,16.35,0.0,22.0,8.615231988880051,9.21215983843576,108.46000000000001,0.449999999999995,108.93000000000002
201148,46071,Brandan Wright,MEM,207.0,14.0,PF/C,2017-12-30,21700535.0,0.0,GSW,95.4,16.4,13.7,20.8,76.0,48.3,49.7,54.1,101.9,105.6,0.0,3600.0,0.0,3300.0,200.0,89.39999999999999,72.80000000000001,-16.600000000000033,11.45,0.0,12.3,6.1833108714776195,7.398197978787357,101.94999999999997,-3.140000000000002,98.78
201156,46084,Nick Young,GSW,207.0,-14.0,SG,2017-12-30,21700535.0,1.0,MEM,102.4,21.4,14.6,21.8,76.40000000000003,51.6,57.4,60.70000000000002,112.4,100.6,0.0,3400.0,0.0,3400.0,141.4213562373095,-1.5631940186722204e-13,-1.2789769243681803e-13,-7.105427357601002e-15,8.6,0.0,13.3,8.327331171776722,7.138705142468833,87.49999999999991,6.1,93.63
201158,46157,Marco Belinelli,ATL,208.0,4.0,SG,2017-12-30,21700533.0,1.0,POR,99.5,18.200000000000006,14.3,21.800000000000008,74.3,47.8,52.3,55.8,104.4,108.5,0.0,3800.0,0.0,3840.0,183.78731669453623,-9.947598300641403e-14,-1.4210854715202004e-14,0.0,12.6,0.0,15.5,10.987366482566332,12.238486652995773,108.34999999999995,-20.9,87.4499999999999
201163,46115,Wilson Chandler,DEN,216.0,-7.0,SF/PF,2017-12-30,21700536.0,1.0,PHI,98.4,17.4,13.9,27.3,78.3,52.6,52.8,56.0,107.9,106.6,0.0,5000.0,0.0,4520.0,113.52924243950935,130.8,112.4000000000001,-18.400000000000006,22.425,0.0,27.5,15.269795894728476,12.859308128960732,101.66,6.840000000000001,108.50999999999996
201167,46045,Arron Afflalo,ORL,204.0,2.0,SG/SF,2017-12-30,21700531.0,1.0,MIA,101.9,17.2,13.5,18.800000000000008,75.4,47.0,51.8,54.90000000000001,102.69999999999997,108.20000000000003,0.0,3400.0,0.0,3450.0,108.01234497346404,82.8999999999999,128.70000000000016,45.90000000000002,4.85,0.0,13.2,8.954204474869766,4.460007473835302,110.78000000000004,-12.18,98.58000000000001
201188,46065,Marc Gasol,MEM,207.0,14.0,C,2017-12-30,21700535.0,0.0,GSW,95.4,16.4,13.7,20.8,76.0,48.3,49.7,54.1,101.9,105.6,0.0,8000.0,0.0,8010.0,453.2597979574715,98.19999999999979,104.70000000000013,6.499999999999995,31.775,0.0,29.0,15.513435037626808,18.44415369583424,109.15000000000002,-9.109999999999994,100.05999999999996
201196,46176,Ramon Sessions,NYK,218.0,6.0,PG,2017-12-30,21700532.0,0.0,NOP,98.7,17.0,14.3,26.2,76.90000000000003,52.1,51.2,54.8,104.3,104.60000000000002,0.0,3000.0,0.0,3090.0,31.622776601680016,1.2789769243681803e-13,8.526512829121202e-14,0.0,0.2,0.0,0.7,2.2135943621177825,0.6324555320336667,5.329999999999986,4.020000000000001,9.359999999999994
201229,46145,Anthony Tolliver,DET,196.0,5.0,SF/PF,2017-12-30,21700530.0,1.0,SAS,97.80000000000003,16.8,13.100000000000003,24.199999999999992,77.69999999999997,50.0,51.3,54.40000000000001,104.6,104.5,0.0,3700.0,0.0,3610.0,166.332999331662,96.60000000000018,70.00000000000006,-26.6,14.325,0.0,18.8,11.81148217249263,9.270660110741249,102.57999999999996,-4.179999999999992,98.39999999999992
201563,46165,Michael Beasley,NYK,218.0,6.0,SF/PF,2017-12-30,21700532.0,0.0,NOP,98.7,17.0,14.299999999999997,26.2,76.89999999999998,52.1,51.19999999999999,54.80000000000001,104.3,104.60000000000002,0.0,4700.0,0.0,4480.0,571.1586664161039,116.30000000000005,108.80000000000001,-7.599999999999966,21.25,0.0,18.2,12.470409420348282,18.201419358573837,105.93999999999991,-4.6699999999999875,101.24999999999997
201567,46094,Kevin Love,CLE,208.0,-4.0,PF/C,2017-12-30,21700534.0,0.0,UTA,98.6,18.0,13.5,20.2,76.6,49.3,55.5,59.4,111.4,108.7,0.0,8500.0,0.0,8100.0,312.69438398822865,107.60000000000016,112.19999999999996,4.600000000000046,37.75,0.0,27.4,10.123679612121725,16.298432099097422,114.41000000000015,0.37999999999999046,114.8
201571,46047,D.J. Augustin,ORL,204.0,2.0,PG/SG,2017-12-30,21700531.0,1.0,MIA,101.9,17.2,13.5,18.8,75.4,47.0,51.8,54.9,102.7,108.2,0.0,3700.0,0.0,3960.0,189.73665961010275,59.60000000000004,112.59999999999998,53.00000000000002,13.2,0.0,21.0,11.60459679035281,9.863513009515872,101.50999999999999,-7.039999999999997,94.47999999999992
201573,46017,Jerryd Bayless,PHI,216.0,7.0,PG/SG,2017-12-30,21700536.0,0.0,DEN,103.3,18.3,15.8,26.4,77.8,52.9,51.7,55.2,103.4,103.7,0.0,3700.0,0.0,3530.0,176.6981104093143,115.80000000000004,73.70000000000002,-42.099999999999994,14.825,0.0,21.5,9.300537618869141,6.873914055648674,103.78999999999999,-4.960000000000001,98.82999999999996
201578,46038,Marreese Speights,ORL,204.0,2.0,PF/C,2017-12-30,21700531.0,1.0,MIA,101.9,17.2,13.5,18.8,75.4,47.000000000000014,51.80000000000001,54.9,102.7,108.2,0.0,4000.0,0.0,3180.0,285.9681411936962,72.69999999999986,129.69999999999993,56.99999999999999,3.45,0.0,7.5,8.19552723542949,3.9857384649662246,68.59999999999991,0.2800000000000125,68.88000000000002
201580,46081,JaVale McGee,GSW,207.0,-14.0,C,2017-12-30,21700535.0,1.0,MEM,102.4,21.4,14.6,21.8,76.4,51.6,57.4,60.7,112.4,100.6,0.0,3100.0,0.0,3110.0,99.44289260117532,8.526512829121202e-14,-1.7053025658242404e-13,3.907985046680551e-14,4.325,0.0,5.0,6.036923425424947,5.852409285451964,70.8600000000001,-10.289999999999992,60.56999999999996
201584,46167,Courtney Lee,NYK,218.0,6.0,SG/SF,2017-12-30,21700532.0,0.0,NOP,98.7,17.0,14.3,26.2,76.9,52.1,51.2,54.8,104.3,104.6,0.0,5200.0,0.0,5400.0,368.1787005729087,115.50000000000001,107.5,-8.000000000000002,19.9,0.0,25.1,14.317433041187547,15.44128664759946,103.45000000000002,0.45000000000000445,103.91999999999993
201596,46067,Mario Chalmers,MEM,207.0,14.0,PG,2017-12-30,21700535.0,0.0,GSW,95.4,16.4,13.7,20.8,76.0,48.3,49.7,54.1,101.9,105.6,0.0,3500.0,0.0,3990.0,328.12599206199235,100.89999999999998,116.59999999999998,15.6,9.55,0.0,13.9,12.17876111196135,10.837050644278937,98.37000000000003,-23.159999999999997,75.22999999999999
201600,46108,Omer Asik,NOP,218.0,-6.0,C,2017-12-30,21700532.0,1.0,NYK,101.9,19.5,14.6,20.3,76.9,49.8,55.8,58.8,108.6,107.4,0.0,3000.0,0.0,3000.0,0.0,-5.684341886080802e-14,8.526512829121202e-14,0.0,1.025,0.0,3.0,4.268749491621908,1.853862334574946,87.03,-33.709999999999994,53.309999999999945
201609,46027,Goran Dragic,MIA,204.0,-2.0,PG,2017-12-30,21700531.0,0.0,ORL,97.0,16.7,14.8,19.3,79.0,49.4,52.8,55.9,103.0,104.4,0.0,5900.0,0.0,6280.0,248.55135843076332,1.2789769243681803e-13,-7.105427357601002e-14,7.993605777301127e-15,18.25,0.0,19.8,13.766303465749692,13.637672496108378,79.90999999999994,-0.4100000000000087,79.50000000000009
201936,46066,Tyreke Evans,MEM,207.0,14.0,SG/SF,2017-12-30,21700535.0,0.0,GSW,95.4,16.399999999999984,13.7,20.800000000000008,76.0,48.3,49.7,54.100000000000016,101.9,105.6,0.0,7700.0,0.0,7530.0,594.5119380167603,90.80000000000001,124.2000000000001,33.5,32.575,0.0,27.4,14.997777613144335,21.616624903583403,105.51999999999998,0.6199999999999897,106.12000000000009
201937,46177,Ricky Rubio,UTA,208.0,4.0,PG,2017-12-30,21700534.0,1.0,CLE,96.9,16.6,13.699999999999996,19.8,78.3,48.2,51.6,55.499999999999986,104.10000000000002,104.6,0.0,5200.0,0.0,5270.0,346.5704994818675,110.19999999999992,90.80000000000003,-19.39999999999999,19.6,0.0,24.0,13.613718571108096,13.72305440571531,111.2399999999999,-17.19999999999999,94.04000000000008
201939,46076,Stephen Curry,GSW,207.0,-14.0,PG/SG,2017-12-30,21700535.0,1.0,MEM,102.4,21.4,14.6,21.8,76.4,51.6,57.4,60.7,112.4,100.6,0.0,8100.0,58.75,9400.0,326.5986323710923,118.19999999999976,110.50000000000006,-7.699999999999957,48.7,34.0,32.9,3.381321240777542,10.700337481697577,106.01000000000006,8.72999999999999,114.75000000000004
201950,46104,Jrue Holiday,NOP,218.0,-6.0,PG/SG,2017-12-30,21700532.0,1.0,NYK,101.9,19.5,14.6,20.3,76.9,49.8,55.8,58.8,108.6,107.4,0.0,7100.0,0.0,7150.0,327.44804507314166,8.526512829121202e-14,-8.526512829121202e-14,-7.105427357601002e-15,32.925,0.0,29.7,16.207337158761703,20.50475893271824,94.18,12.509999999999996,106.70000000000005
201956,46083,Omri Casspi,GSW,207.0,-14.0,SF/PF,2017-12-30,21700535.0,1.0,MEM,102.4,21.400000000000006,14.6,21.799999999999994,76.4,51.600000000000016,57.4,60.7,112.4,100.6,0.0,3800.0,0.0,4050.0,548.2294734466176,-7.105427357601002e-14,2.842170943040401e-14,-1.0658141036401503e-14,17.35,0.0,16.7,11.18580449597713,13.986203519500522,87.27000000000001,7.07,94.37999999999998
201961,46030,Wayne Ellington,MIA,204.0,-2.0,SG/SF,2017-12-30,21700531.0,0.0,ORL,97.0,16.7,14.8,19.3,79.0,49.4,52.8,55.9,103.0,104.4,0.0,4800.0,0.0,3910.0,299.8147576235848,-1.8474111129762605e-13,-5.684341886080802e-14,-1.0658141036401503e-14,18.75,0.0,25.1,13.92400006383862,12.597949568613668,94.98999999999997,6.879999999999998,101.86000000000001
201967,46106,Dante Cunningham,NOP,218.0,-6.0,SF/PF,2017-12-30,21700532.0,1.0,NYK,101.9,19.5,14.6,20.3,76.9,49.8,55.8,58.8,108.6,107.4,0.0,3200.0,0.0,3440.0,157.7621275493231,0.0,-5.684341886080802e-14,1.4210854715202004e-14,9.9,0.0,16.6,11.908913561791525,8.10452548477289,84.29,6.500000000000002,90.77999999999996
201973,46185,Jonas Jerebko,UTA,208.0,4.0,SF/PF,2017-12-30,21700534.0,1.0,CLE,96.9,16.599999999999994,13.699999999999996,19.8,78.3,48.20000000000002,51.6,55.5,104.10000000000002,104.6,0.0,3600.0,0.0,3630.0,82.32726023485645,0.0,7.105427357601002e-14,4.618527782440651e-14,12.775,0.0,15.2,8.978987817244336,9.663397435684823,99.44999999999997,-12.760000000000002,86.68999999999997
201980,46132,Danny Green,SAS,196.0,-5.0,SG/SF,2017-12-30,21700530.0,0.0,DET,96.5,17.2,13.3,23.8,79.6,51.9,51.3,54.9,105.1,101.5,0.0,4400.0,0.0,4630.0,298.328677803526,118.49999999999983,150.69999999999987,32.20000000000002,13.65,0.0,19.7,11.614645926587682,10.143552960706941,103.82000000000001,-1.9999999999999976,101.83000000000003
201988,46136,Patty Mills,SAS,196.0,-5.0,PG,2017-12-30,21700530.0,0.0,DET,96.5,17.2,13.3,23.8,79.6,51.9,51.3,54.9,105.1,101.5,0.0,3800.0,0.0,4180.0,198.88578520235063,101.09999999999975,99.20000000000016,-2.0000000000000284,12.7,0.0,18.5,9.846036991827956,8.240145629781075,106.50999999999995,3.6500000000000012,110.14000000000006
202323,46056,Evan Turner,POR,208.0,-4.0,SG/SF,2017-12-30,21700533.0,0.0,ATL,98.8,14.2,13.4,22.7,79.6,51.4,49.7,53.6,102.1,101.7,0.0,3700.0,0.0,3860.0,107.49676997731399,136.6000000000001,93.79999999999993,-42.79999999999998,15.875,0.0,25.3,10.32849349023263,6.597821610198313,115.49999999999996,-15.339999999999998,100.15000000000002
202324,46179,Derrick Favors,UTA,208.0,4.0,PF/C,2017-12-30,21700534.0,1.0,CLE,96.9,16.6,13.7,19.8,78.3,48.2,51.6,55.5,104.1,104.6,0.0,5600.0,0.0,5720.0,436.65394383500734,107.20000000000009,95.6000000000001,-11.599999999999973,14.8,0.0,20.9,12.591443302673623,9.424259475771366,116.21000000000001,-21.990000000000002,94.22
202326,46102,DeMarcus Cousins,NOP,218.0,-6.0,PF/C,2017-12-30,21700532.0,1.0,NYK,101.9,19.5,14.600000000000003,20.300000000000008,76.9,49.8,55.8,58.8,108.6,107.4,0.0,10700.0,0.0,11080.0,364.53928305312843,1.4210854715202004e-14,1.7053025658242404e-13,1.4210854715202004e-14,40.35,0.0,27.1,14.722997883130565,22.29760824244015,96.86999999999993,10.539999999999997,107.41999999999993
202327,46186,Ekpe Udoh,UTA,208.0,4.0,PF/C,2017-12-30,21700534.0,1.0,CLE,96.9,16.6,13.7,19.8,78.3,48.2,51.6,55.5,104.1,104.6,0.0,3600.0,0.0,3520.0,502.88059108389626,133.30000000000007,93.29999999999998,-40.000000000000014,10.375,0.0,13.7,13.157591809378426,12.92835492671481,89.33999999999995,-5.640000000000002,83.69999999999999
202329,46052,Al-Farouq Aminu,POR,208.0,-4.0,SF/PF,2017-12-30,21700533.0,0.0,ATL,98.8,14.2,13.4,22.7,79.6,51.4,49.7,53.6,102.1,101.7,0.0,4500.0,0.0,4770.0,245.17567397911057,108.79999999999997,113.9,5.100000000000017,20.425,0.0,26.7,10.812030336620419,10.569906180599084,109.89999999999993,-9.78,100.12999999999998
202334,46059,Ed Davis,POR,208.0,-4.0,PF/C,2017-12-30,21700533.0,0.0,ATL,98.8,14.2,13.4,22.7,79.6,51.4,49.7,53.6,102.1,101.7,0.0,3600.0,0.0,3910.0,196.92073983655908,102.49999999999991,108.29999999999994,5.800000000000011,14.625,0.0,18.1,8.504247304860215,8.487940792023048,99.73,3.9599999999999924,103.67999999999999
202337,46163,Luke Babbitt,ATL,208.0,4.0,SF/PF,2017-12-30,21700533.0,1.0,POR,99.5,18.2,14.3,21.8,74.30000000000003,47.8,52.3,55.8,104.4,108.5,0.0,3100.0,0.0,3340.0,267.49870196985177,-4.263256414560601e-14,2.842170943040401e-14,-3.552713678800501e-14,4.8,0.0,8.7,9.019115502334163,6.485882103975275,71.05,-18.939999999999998,52.129999999999995
202344,46075,Trevor Booker,,,,PF/C,2017-12-30,21700536.0,,DEN,,,,,,,,,,,0.0,3900.0,0.0,4250.0,150.9230856356236,100.09999999999995,79.99999999999994,-20.2,11.225,0.0,10.4,9.535897091167314,12.389763920269031,74.71000000000008,-1.7499999999999964,72.95999999999995
202355,46031,Hassan Whiteside,MIA,204.0,-2.0,C,2017-12-30,21700531.0,0.0,ORL,97.0,16.7,14.8,19.3,79.0,49.4,52.8,55.9,103.0,104.4,0.0,6700.0,0.0,8180.0,726.9418439218123,8.526512829121202e-14,2.842170943040401e-14,3.197442310920451e-14,27.675,0.0,20.8,11.91451029440804,16.672103279963718,87.88000000000002,-1.7399999999999978,86.13999999999996
202397,46141,Ish Smith,DET,196.0,5.0,PG,2017-12-30,21700530.0,1.0,SAS,97.8,16.8,13.1,24.2,77.7,50.0,51.3,54.4,104.6,104.5,0.0,5500.0,0.0,3990.0,334.82997343593826,92.89999999999989,93.49999999999991,0.5999999999999694,14.925,0.0,17.2,10.22850048747235,9.829836949026383,101.39999999999995,4.940000000000004,106.35999999999994
202498,46171,Lance Thomas,NYK,218.0,6.0,SF/PF,2017-12-30,21700532.0,0.0,NOP,98.7,17.0,14.3,26.2,76.9,52.1,51.2,54.8,104.3,104.6,0.0,3200.0,0.0,3230.0,48.3045891539648,145.69999999999987,113.0999999999999,-32.599999999999966,8.25,0.0,19.8,11.153474794878946,5.671566509057859,109.13,-1.1899999999999935,107.92999999999992
202683,46164,Enes Kanter,NYK,218.0,6.0,PF/C,2017-12-30,21700532.0,0.0,NOP,98.7,17.0,14.3,26.2,76.9,52.1,51.2,54.8,104.3,104.6,0.0,6200.0,0.0,6480.0,282.05594401741575,134.20000000000016,104.00000000000003,-30.099999999999987,26.175,0.0,20.6,11.843422928641305,20.13014944471766,108.66000000000004,-4.84999999999999,103.79999999999998
202684,46100,Tristan Thompson,CLE,208.0,-4.0,PF/C,2017-12-30,21700534.0,0.0,UTA,98.6,18.0,13.5,20.2,76.6,49.3,55.5,59.4,111.4,108.7,0.0,3500.0,0.0,3710.0,264.365067451978,121.19999999999993,86.1,-35.1,8.35,0.0,13.6,7.321202087089227,6.32697048796307,109.21999999999996,-8.010000000000002,101.20000000000002
202687,46036,Bismack Biyombo,ORL,204.0,2.0,PF/C,2017-12-30,21700531.0,1.0,MIA,101.9,17.2,13.5,18.8,75.4,47.0,51.8,54.9,102.7,108.2,0.0,5300.0,0.0,3410.0,465.3553003411002,96.29999999999984,91.6,-4.6999999999999815,8.525,0.0,11.4,7.229568912920519,6.24216175161565,109.44000000000001,-24.9,84.5399999999999
202691,46080,Klay Thompson,GSW,207.0,-14.0,SG,2017-12-30,21700535.0,1.0,MEM,102.4,21.4,14.6,21.8,76.4,51.6,57.4,60.7,112.4,100.6,0.0,6600.0,0.0,6960.0,283.62729848243526,1.1368683772161603e-13,-1.9895196601282805e-13,-1.0658141036401503e-14,27.375,0.0,29.3,15.599501416533933,15.14341165875995,86.76999999999997,8.899999999999995,95.66
202692,46180,Alec Burks,UTA,208.0,4.0,PG/SG,2017-12-30,21700534.0,1.0,CLE,96.9,16.6,13.7,19.8,78.3,48.2,51.6,55.5,104.1,104.6,0.0,4200.0,0.0,4610.0,255.82111805799858,131.29999999999998,91.00000000000006,-40.29999999999999,15.525,0.0,15.6,9.845472732852048,11.491814719858455,114.13000000000002,-13.920000000000007,100.20000000000005
202695,46129,Kawhi Leonard,SAS,196.0,-5.0,SF/PF,2017-12-30,21700530.0,0.0,DET,96.5,17.2,13.3,23.8,79.6,51.9,51.3,54.9,105.1,101.5,0.0,6300.0,0.0,8650.0,2050.609665440988,88.39999999999995,119.40000000000003,31.000000000000007,9.075,0.0,6.9,8.974655672751107,12.298402109397886,45.26999999999997,3.760000000000003,49.040000000000056
202699,46143,Tobias Harris,DET,196.0,5.0,SF/PF,2017-12-30,21700530.0,1.0,SAS,97.8,16.8,13.1,24.2,77.7,50.0,51.3,54.4,104.6,104.5,0.0,6800.0,0.0,6280.0,198.88578520235083,104.4,103.29999999999998,-1.0999999999999872,20.4,0.0,25.2,14.15627069534912,12.881511298498058,104.42000000000003,-2.669999999999998,101.74999999999991
202702,46125,Kenneth Faried,DEN,216.0,-7.0,PF/C,2017-12-30,21700536.0,1.0,PHI,98.4,17.4,13.9,27.3,78.3,52.6,52.8,56.0,107.9,106.6,0.0,3600.0,0.0,4260.0,699.5236474439827,1.2789769243681803e-13,-4.263256414560601e-14,-2.842170943040401e-14,5.025,0.0,5.4,10.6687497965892,9.484966174601446,33.32000000000002,-1.6799999999999966,31.640000000000065
202714,46042,Shelvin Mack,ORL,204.0,2.0,PG/SG,2017-12-30,21700531.0,1.0,MIA,101.9,17.199999999999992,13.5,18.8,75.4,47.0,51.8,54.90000000000001,102.70000000000003,108.20000000000003,0.0,3400.0,0.0,3420.0,168.6548085423105,-1.8474111129762605e-13,-1.5631940186722204e-13,7.105427357601002e-15,8.225,0.0,14.1,10.619165064479729,8.829755564755638,74.74999999999997,-5.570000000000002,69.18999999999997
202722,46128,Davis Bertans,SAS,196.0,-5.0,SF/PF,2017-12-30,21700530.0,0.0,DET,96.5,17.2,13.3,23.8,79.6,51.9,51.3,54.9,105.1,101.5,0.0,3800.0,0.0,3430.0,200.27758514399736,50.00000000000003,109.89999999999995,59.900000000000055,9.675,0.0,11.5,9.264628073124872,9.782389221907337,92.96000000000001,6.810000000000008,99.78000000000006
202734,46105,E'Twaun Moore,NOP,218.0,-6.0,SG/SF,2017-12-30,21700532.0,1.0,NYK,101.9,19.5,14.6,20.3,76.9,49.8,55.8,58.8,108.6,107.4,0.0,4800.0,0.0,4660.0,134.9897115421104,7.105427357601002e-14,0.0,-3.552713678800501e-15,19.225,0.0,27.4,15.791699648162574,14.026487839481097,100.25000000000003,0.2699999999999914,100.51999999999995
202779,46150,Dwight Buycks,DET,196.0,5.0,PG,2017-12-30,21700530.0,1.0,SAS,97.8,16.8,13.1,24.2,77.7,50.0,51.3,54.4,104.6,104.5,0.0,3000.0,0.0,,,0.0,103.1,103.1,,0.0,,,,,,
203076,46103,Anthony Davis,NOP,218.0,-6.0,PF/C,2017-12-30,21700532.0,1.0,NYK,101.9,19.5,14.6,20.3,76.9,49.8,55.8,58.8,108.6,107.4,0.0,10500.0,0.0,10430.0,231.18054512532868,-1.4210854715202004e-13,-2.842170943040401e-14,-2.1316282072803006e-14,35.8,0.0,28.3,15.499462356266864,20.86324519340174,93.94999999999997,9.099999999999996,103.04000000000003
203081,46057,Damian Lillard,POR,208.0,-4.0,PG,2017-12-30,21700533.0,0.0,ATL,98.8,14.2,13.4,22.7,79.6,51.4,49.7,53.6,102.1,101.7,0.0,8200.0,30.5,8960.0,327.2783388968954,93.59999999999994,89.09999999999985,-4.500000000000005,43.6,34.0,38.5,2.758824226207845,9.557719393244387,107.20999999999997,-5.679999999999998,101.49999999999999
203083,46146,Andre Drummond,DET,196.0,5.0,C,2017-12-30,21700530.0,1.0,SAS,97.8,16.8,13.1,24.2,77.7,50.0,51.3,54.4,104.6,104.5,0.0,9300.0,0.0,9220.0,261.6188916046479,105.3000000000001,98.09999999999994,-7.200000000000031,29.45,0.0,23.3,12.763228431709583,18.558017135459263,107.84,-6.069999999999995,101.77999999999996
203086,46051,Meyers Leonard,POR,208.0,-4.0,PF/C,2017-12-30,21700533.0,0.0,ATL,98.8,14.2,13.4,22.7,79.6,51.4,49.7,53.6,102.1,101.7,0.0,3400.0,0.0,3440.0,241.29281427805142,138.8999999999999,50.999999999999986,-87.90000000000003,3.7,0.0,4.4,7.805980613179439,6.474093673162975,63.10000000000004,-20.36,42.74000000000007
203090,46061,Maurice Harkless,POR,208.0,-4.0,SF/PF,2017-12-30,21700533.0,0.0,ATL,98.8,14.2,13.4,22.7,79.6,51.4,49.7,53.6,102.1,101.7,0.0,3500.0,0.0,3410.0,31.622776601682975,87.60000000000002,121.2,33.60000000000002,6.225,0.0,7.0,9.104333522498527,11.080795448783345,64.65000000000006,-3.530000000000004,61.11
203095,46048,Evan Fournier,ORL,204.0,2.0,SG/SF,2017-12-30,21700531.0,1.0,MIA,101.9,17.2,13.5,18.8,75.4,47.0,51.8,54.9,102.7,108.2,0.0,5400.0,0.0,5750.0,259.27248643506744,90.8999999999999,97.40000000000012,6.500000000000014,21.375,0.0,26.1,14.895562351847541,13.178923619847637,115.63,-12.50000000000001,103.15
203101,46156,Miles Plumlee,ATL,208.0,4.0,C,2017-12-30,21700533.0,1.0,POR,99.5,18.200000000000006,14.299999999999997,21.800000000000008,74.3,47.80000000000001,52.29999999999998,55.80000000000001,104.4,108.5,0.0,3500.0,0.0,3420.0,139.8411797560202,4.263256414560601e-14,-1.4210854715202004e-14,1.4210854715202004e-14,8.0,0.0,14.4,10.200217862597077,7.5295713320510105,86.65999999999997,4.430000000000004,91.1
203109,46092,Jae Crowder,CLE,208.0,-4.0,SF/PF,2017-12-30,21700534.0,0.0,UTA,98.6,18.000000000000007,13.500000000000004,20.2,76.6,49.30000000000001,55.5,59.4,111.40000000000003,108.7,0.0,4000.0,0.0,3610.0,128.66839377079148,110.19999999999989,114.90000000000003,4.7000000000000135,16.15,0.0,24.6,9.856751775080648,7.916403504397968,111.82000000000001,3.059999999999998,114.9
203110,46077,Draymond Green,GSW,207.0,-14.0,PF/C,2017-12-30,21700535.0,1.0,MEM,102.4,21.4,14.6,21.8,76.4,51.6,57.4,60.7,112.4,100.6,0.0,7400.0,0.0,7430.0,221.35943621178654,-2.842170943040401e-14,5.684341886080802e-14,-3.552713678800501e-15,34.175,0.0,28.3,15.246493221575765,19.966656232607182,86.70000000000002,14.699999999999994,101.38999999999999
203115,46118,Will Barton,DEN,216.0,-7.0,SG/SF,2017-12-30,21700536.0,1.0,PHI,98.4,17.4,13.9,27.3,78.3,52.6,52.8,56.0,107.9,106.6,0.0,6000.0,0.0,6400.0,605.5300708194984,117.99999999999994,132.09999999999997,14.09999999999999,25.9,0.0,26.9,15.516657715715285,16.37884814834874,101.2199999999999,6.15,107.34999999999998
203121,46109,Darius Miller,NOP,218.0,-6.0,SF,2017-12-30,21700532.0,1.0,NYK,101.9,19.5,14.6,20.3,76.9,49.8,55.8,58.8,108.6,107.4,0.0,3200.0,0.0,3510.0,233.09511649396117,0.0,9.947598300641403e-14,1.0658141036401503e-14,11.325,0.0,19.7,11.991200477387112,8.298301365674517,94.32000000000004,7.329999999999998,101.64999999999999
203124,46173,Kyle O'Quinn,NYK,218.0,6.0,PF/C,2017-12-30,21700532.0,0.0,NOP,98.7,17.0,14.3,26.2,76.9,52.1,51.2,54.8,104.3,104.6,0.0,3800.0,0.0,3920.0,122.92725943057184,140.2999999999999,105.49999999999997,-34.800000000000004,15.7,0.0,13.7,8.602971063017188,9.646386773179776,108.52999999999994,-6.250000000000004,102.27999999999996
203145,46155,Kent Bazemore,ATL,208.0,4.0,SG/SF,2017-12-30,21700533.0,1.0,POR,99.5,18.2,14.3,21.8,74.3,47.8,52.3,55.8,104.4,108.5,0.0,6100.0,0.0,5910.0,445.8450154232722,-2.1316282072803006e-13,1.1368683772161603e-13,2.842170943040401e-14,26.275,0.0,22.7,12.275087689209299,16.72508511853444,97.35000000000001,3.5499999999999923,100.90999999999993
203210,46073,JaMychal Green,MEM,207.0,14.0,SF/PF,2017-12-30,21700535.0,0.0,GSW,95.4,16.4,13.7,20.8,76.0,48.3,49.7,54.1,101.9,105.6,0.0,4700.0,28.5,4680.0,257.33678754158376,98.20000000000013,109.40000000000008,11.300000000000004,21.675,27.0,30.7,4.423422506008985,8.563528932500775,114.21999999999996,-13.22999999999999,100.96000000000006
203463,46072,Ben McLemore,MEM,207.0,14.0,SG/SF,2017-12-30,21700535.0,0.0,GSW,95.4,16.4,13.7,20.800000000000008,76.0,48.3,49.7,54.09999999999999,101.9,105.6,0.0,3200.0,0.0,3320.0,91.89365834726814,0.0,1.4210854715202004e-13,-1.4210854715202004e-14,7.825,0.0,11.3,10.58353018189637,8.843586816319382,74.87999999999998,-11.570000000000004,63.32000000000001
203464,46139,Brandon Paul,SAS,196.0,-5.0,SG,2017-12-30,21700530.0,0.0,DET,96.5,17.2,13.3,23.8,79.6,51.9,51.3,54.9,105.1,101.5,0.0,3400.0,0.0,3530.0,163.63916944844775,101.69999999999997,106.40000000000006,4.600000000000017,5.55,0.0,9.4,9.834180754445748,8.724804996228984,83.5100000000001,-2.5599999999999965,80.97
203468,46054,C.J. McCollum,POR,208.0,-4.0,PG/SG,2017-12-30,21700533.0,0.0,ATL,98.8,14.2,13.4,22.7,79.6,51.4,49.7,53.6,102.1,101.7,0.0,7200.0,0.0,6880.0,355.2776691859794,117.09999999999982,112.89999999999998,-4.200000000000001,29.075,0.0,33.5,11.974509964457361,11.35784726277146,107.22000000000006,-7.139999999999995,100.10000000000004
203471,46153,Dennis Schroder,ATL,208.0,4.0,PG,2017-12-30,21700533.0,1.0,POR,99.5,18.2,14.3,21.8,74.3,47.8,52.3,55.8,104.4,108.5,0.0,6700.0,0.0,7220.0,358.39146815241617,2.842170943040401e-14,0.0,-7.993605777301127e-15,24.2,0.0,21.7,15.642179444622737,18.8818696108198,86.82000000000002,2.150000000000005,88.98000000000006
203482,46035,Kelly Olynyk,MIA,204.0,-2.0,PF/C,2017-12-30,21700531.0,0.0,ORL,97.0,16.7,14.799999999999997,19.3,79.0,49.4,52.8,55.9,102.99999999999997,104.4,0.0,6300.0,0.0,5520.0,466.19023298792246,1.1368683772161603e-13,9.947598300641403e-14,-7.105427357601002e-15,20.725,0.0,22.4,12.946041866145801,14.684860874005201,94.37,1.1800000000000073,95.53
203486,46117,Mason Plumlee,DEN,216.0,-7.0,PF/C,2017-12-30,21700536.0,1.0,PHI,98.4,17.4,13.9,27.3,78.29999999999997,52.6,52.8,56.0,107.9,106.6,0.0,4600.0,0.0,4330.0,216.28170930011115,133.3,117.70000000000003,-15.600000000000026,22.375,0.0,21.5,11.853269591129704,13.543781886082549,103.60999999999999,6.619999999999997,110.22999999999995
203493,46140,Reggie Bullock,DET,196.0,5.0,SG/SF,2017-12-30,21700530.0,1.0,SAS,97.8,16.8,13.1,24.2,77.7,50.0,51.3,54.4,104.6,104.5,0.0,4500.0,0.0,3400.0,418.9935029992178,102.9,91.69999999999993,-11.199999999999992,11.775,0.0,17.1,13.787675656179323,11.801277002464134,94.74000000000001,-2.940000000000004,91.79999999999995
203496,46015,Robert Covington,PHI,216.0,7.0,SF/PF,2017-12-30,21700536.0,0.0,DEN,103.3,18.3,15.8,26.4,77.8,52.9,51.7,55.2,103.4,103.7,0.0,5700.0,0.0,6120.0,147.57295747452437,94.09999999999988,133.50000000000006,39.3,31.4,0.0,32.5,12.633729105498153,13.77659045063199,102.44999999999996,5.3600000000000065,107.83
203516,46074,James Ennis III,MEM,207.0,14.0,SG/SF,2017-12-30,21700535.0,0.0,GSW,95.4,16.4,13.7,20.8,76.0,48.3,49.7,54.1,101.9,105.6,0.0,3200.0,0.0,3360.0,157.762127549323,122.09999999999994,98.60000000000011,-23.500000000000007,7.65,0.0,13.3,10.791457526930992,6.647054485509606,91.95999999999995,-5.610000000000005,86.35000000000002
203530,46137,Joffrey Lauvergne,SAS,196.0,-5.0,PF/C,2017-12-30,21700530.0,0.0,DET,96.5,17.2,13.3,23.8,79.6,51.9,51.3,54.9,105.1,101.5,0.0,3000.0,0.0,3000.0,0.0,-8.526512829121202e-14,-1.4210854715202004e-14,-2.1316282072803006e-14,7.975,0.0,8.4,8.408989898383217,7.653475971376953,84.91999999999999,-3.5399999999999947,81.35999999999999
203546,46107,Ian Clark,NOP,218.0,-6.0,PG/SG,2017-12-30,21700532.0,1.0,NYK,101.9,19.5,14.6,20.3,76.9,49.80000000000001,55.79999999999998,58.8,108.6,107.4,0.0,3000.0,0.0,3100.0,105.40925533894598,-1.1368683772161603e-13,-2.842170943040401e-14,2.842170943040401e-14,7.85,0.0,12.0,11.035296904831233,9.686904103536447,75.27000000000004,3.5999999999999956,78.87000000000006
203613,46037,Jonathon Simmons,ORL,204.0,2.0,SG/SF,2017-12-30,21700531.0,1.0,MIA,101.9,17.2,13.5,18.8,75.4,47.000000000000014,51.8,54.9,102.7,108.2,0.0,5900.0,0.0,6440.0,469.5151163109069,96.70000000000007,100.40000000000008,3.6999999999999886,26.1,0.0,26.5,14.439529078193665,16.90340202444467,112.30999999999992,-14.409999999999997,97.91000000000005
203894,46049,Shabazz Napier,POR,208.0,-4.0,PG/SG,2017-12-30,21700533.0,0.0,ATL,98.8,14.2,13.4,22.7,79.6,51.4,49.7,53.6,102.1,101.7,0.0,5000.0,0.0,3810.0,550.6561742341788,99.90000000000006,109.00000000000006,9.100000000000003,16.175,0.0,17.3,13.565069521057055,13.621903317818694,75.86,3.0200000000000005,78.87999999999998
203901,46039,Elfrid Payton,ORL,204.0,2.0,PG,2017-12-30,21700531.0,1.0,MIA,101.9,17.2,13.5,18.8,75.4,47.0,51.8,54.9,102.7,108.2,0.0,7100.0,0.0,6270.0,596.3779562212765,98.09999999999994,104.10000000000008,5.999999999999986,23.275,0.0,24.0,12.995725793078616,17.76132267972555,114.14000000000001,-13.59,100.56999999999996
203914,46119,Gary Harris,DEN,216.0,-7.0,SG,2017-12-30,21700536.0,1.0,PHI,98.4,17.4,13.9,27.3,78.3,52.6,52.8,56.0,107.9,106.6,0.0,6100.0,0.0,6380.0,244.04006956964167,121.09999999999984,115.8000000000001,-5.300000000000022,26.1,0.0,29.5,16.614919667442134,16.240894885032247,100.17999999999999,11.470000000000002,111.64999999999989
203918,46178,Rodney Hood,UTA,208.0,4.0,SG/SF,2017-12-30,21700534.0,1.0,CLE,96.9,16.6,13.7,19.8,78.3,48.2,51.6,55.5,104.1,104.6,0.0,5700.0,0.0,5740.0,445.22154285504,121.30000000000001,88.50000000000004,-32.80000000000001,21.625,0.0,23.5,12.695143428361362,14.244516488810696,119.04,-14.99,104.03
203926,46175,Doug McDermott,NYK,218.0,6.0,SF/PF,2017-12-30,21700532.0,0.0,NOP,98.7,17.0,14.3,26.2,76.9,52.1,51.2,54.8,104.3,104.6,0.0,3500.0,0.0,3650.0,126.92955176439847,134.2000000000001,119.89999999999998,-14.300000000000004,10.9,0.0,20.4,12.375603240066948,8.177883453423489,111.45000000000009,-9.810000000000004,101.63000000000001
203932,46041,Aaron Gordon,ORL,204.0,2.0,SF/PF,2017-12-30,21700531.0,1.0,MIA,101.9,17.2,13.5,18.8,75.4,47.0,51.8,54.9,102.7,108.2,0.0,7300.0,0.0,7640.0,442.7188724235731,91.00000000000009,96.99999999999997,5.9999999999999964,34.925,0.0,32.8,13.036700332352334,20.77192616650336,110.3000000000001,-5.289999999999995,104.99999999999993
203937,46127,Kyle Anderson,SAS,196.0,-5.0,PG/SF,2017-12-30,21700530.0,0.0,DET,96.5,17.2,13.3,23.8,79.6,51.9,51.3,54.9,105.1,101.5,0.0,5100.0,0.0,4980.0,382.39014399199965,109.30000000000004,151.69999999999985,42.400000000000006,17.175,0.0,21.3,11.870130580579143,12.53387077748397,97.77999999999994,13.209999999999976,111.00999999999996
203940,46043,Adreian Payne,ORL,204.0,2.0,PF,2017-12-30,21700531.0,1.0,MIA,101.9,17.199999999999992,13.5,18.799999999999994,75.4,47.0,51.8,54.9,102.7,108.19999999999997,0.0,3600.0,0.0,3120.0,252.98221281347034,0.0,-1.4210854715202004e-14,0.0,3.425,0.0,4.1,7.187179944564875,5.87609327889051,72.08000000000001,-19.360000000000003,52.72000000000003
203943,46053,Noah Vonleh,POR,208.0,-4.0,PF/C,2017-12-30,21700533.0,0.0,ATL,98.8,14.2,13.4,22.7,79.6,51.4,49.7,53.6,102.1,101.7,0.0,3000.0,1.25,3710.0,334.82997343593826,103.1000000000001,133.2999999999999,30.200000000000003,6.275,3.0,8.2,5.75036230742609,6.9805782154648455,83.86999999999998,5.220000000000013,89.08999999999996
203949,46020,James Michael McAdoo,PHI,216.0,7.0,PF,2017-12-30,21700536.0,0.0,DEN,103.3,18.3,15.799999999999997,26.400000000000006,77.8,52.9,51.69999999999999,55.2,103.4,103.7,0.0,3000.0,0.0,3000.0,0.0,-2.842170943040401e-14,1.4210854715202004e-14,0.0,0.0,0.0,0.0,0.0,0.0,2.842170943040401e-14,0.0,1.4210854715202004e-14
203961,46149,Eric Moreland,DET,196.0,5.0,PF/C,2017-12-30,21700530.0,1.0,SAS,97.8,16.8,13.1,24.2,77.7,50.0,51.3,54.4,104.6,104.5,0.0,3000.0,0.0,3000.0,0.0,92.10000000000002,55.499999999999986,-36.60000000000001,9.3,0.0,9.8,8.230026326405849,8.995214777251787,88.95999999999998,-7.660000000000004,81.28000000000002
203967,46016,Dario Saric,PHI,216.0,7.0,PF/C,2017-12-30,21700536.0,0.0,DEN,103.3,18.3,15.8,26.4,77.8,52.9,51.7,55.2,103.4,103.7,0.0,6200.0,0.0,5760.0,435.1245032554859,115.49999999999991,118.50000000000001,2.999999999999985,30.425,0.0,31.6,12.580408048496151,13.938381262622372,107.89999999999995,-1.340000000000003,106.57999999999988
203994,46050,Jusuf Nurkic,POR,208.0,-4.0,C,2017-12-30,21700533.0,0.0,ATL,98.8,14.2,13.4,22.7,79.59999999999997,51.4,49.7,53.6,102.1,101.7,0.0,6800.0,0.0,6600.0,319.7221015541813,105.40000000000013,118.60000000000001,13.30000000000002,22.925,0.0,22.9,8.949860334105784,13.938879478319302,104.41999999999999,-9.620000000000001,94.78999999999998
203999,46126,Nikola Jokic,DEN,216.0,-7.0,C,2017-12-30,21700536.0,1.0,PHI,98.4,17.4,13.9,27.3,78.3,52.6,52.8,56.0,107.9,106.6,0.0,8600.0,0.0,8120.0,532.9165037789692,127.30000000000001,126.10000000000002,-1.2000000000000135,23.65,0.0,19.9,15.329347307987023,18.173622521543543,98.72,0.7300000000000036,99.46000000000005
204001,46166,Kristaps Porzingis,NYK,218.0,6.0,PF/C,2017-12-30,21700532.0,0.0,NOP,98.7,17.0,14.3,26.2,76.9,52.1,51.2,54.8,104.3,104.6,0.0,8400.0,0.0,8540.0,462.3610902506587,116.39999999999996,104.19999999999997,-12.200000000000017,29.925,0.0,26.1,15.408871903333257,22.66116661211913,104.29999999999991,-1.1499999999999997,103.14000000000006
204020,46028,Tyler Johnson,MIA,204.0,-2.0,PG/SG,2017-12-30,21700531.0,0.0,ORL,97.0,16.7,14.8,19.3,79.0,49.4,52.8,55.9,103.0,104.4,0.0,5800.0,0.0,4950.0,622.2718234198156,1.2789769243681803e-13,-5.684341886080802e-14,7.105427357601002e-15,21.775,0.0,25.3,14.445683707522386,12.922015021745727,91.25000000000003,8.979999999999993,100.21999999999998
204038,46144,Langston Galloway,DET,196.0,5.0,PG/SG,2017-12-30,21700530.0,1.0,SAS,97.80000000000003,16.799999999999994,13.100000000000003,24.199999999999992,77.69999999999997,50.0,51.3,54.40000000000001,104.6,104.5,0.0,3700.0,0.0,3510.0,310.73389830457114,125.30000000000001,78.29999999999998,-46.99999999999998,11.725,0.0,11.9,9.409805760186797,11.282022326594541,82.82000000000006,8.179999999999996,91.01000000000005
204060,46181,Joe Ingles,UTA,208.0,4.0,SG/SF,2017-12-30,21700534.0,1.0,CLE,96.9,16.6,13.7,19.8,78.3,48.2,51.6,55.5,104.1,104.6,0.0,4700.0,0.0,4900.0,105.40925533894598,131.99999999999972,91.3,-40.599999999999994,19.0,0.0,26.4,14.569374271624254,11.195857368787006,114.96999999999996,-18.0,96.96000000000006
204456,46018,T.J. McConnell,PHI,216.0,7.0,PG,2017-12-30,21700536.0,0.0,DEN,103.3,18.3,15.8,26.4,77.8,52.9,51.7,55.2,103.4,103.7,0.0,4300.0,0.0,4300.0,216.02468994692867,116.9,94.99999999999993,-21.9,15.4,0.0,20.6,9.045563676312396,9.995971410745636,101.81000000000009,-3.910000000000005,97.90000000000006
1626144,46120,Emmanuel Mudiay,DEN,216.0,-7.0,PG,2017-12-30,21700536.0,1.0,PHI,98.4,17.4,13.9,27.3,78.3,52.6,52.8,56.0,107.9,106.6,0.0,3800.0,0.0,3950.0,254.95097567963924,-9.947598300641403e-14,-1.1368683772161603e-13,0.0,10.425,0.0,12.9,10.979273402390707,11.907659766348338,87.35,6.570000000000009,93.91000000000004
1626150,46063,Andrew Harrison,MEM,207.0,14.0,PG/SG,2017-12-30,21700535.0,0.0,GSW,95.4,16.4,13.7,20.8,76.0,48.3,49.7,54.1,101.9,105.6,0.0,4600.0,0.0,4000.0,343.18767136623336,82.19999999999995,131.50000000000009,49.299999999999976,17.45,0.0,21.3,12.561404733901732,12.041479237295647,109.49000000000004,-10.41,99.06999999999992
1626158,46024,Richaun Holmes,PHI,216.0,7.0,PF/C,2017-12-30,21700536.0,0.0,DEN,103.3,18.3,15.8,26.4,77.8,52.9,51.7,55.2,103.4,103.7,0.0,4200.0,0.0,4020.0,391.01008796307144,8.526512829121202e-14,2.842170943040401e-14,7.105427357601002e-15,19.925,0.0,18.5,11.355370731263877,12.309690175720192,82.4,-0.5600000000000017,81.85
1626168,46114,Trey Lyles,DEN,216.0,-7.0,SF/PF,2017-12-30,21700536.0,1.0,PHI,98.4,17.4,13.9,27.3,78.3,52.6,52.80000000000001,56.0,107.9,106.6,0.0,4900.0,0.0,4450.0,195.78900207451218,122.39999999999989,133.59999999999988,11.300000000000061,22.4,0.0,22.7,12.34728940114208,13.351654079800998,106.36000000000006,2.9800000000000084,109.34999999999994
1626169,46142,Stanley Johnson,DET,196.0,5.0,SG/SF,2017-12-30,21700530.0,1.0,SAS,97.8,16.8,13.1,24.2,77.7,50.0,51.3,54.4,104.6,104.5,0.0,3900.0,0.0,3880.0,204.39612955674522,112.09999999999994,101.20000000000002,-10.900000000000011,12.85,0.0,17.3,10.832564075252195,10.70903045720448,107.89000000000006,-9.479999999999993,98.39999999999993
1626175,46029,Jordan Mickey,MIA,204.0,-2.0,PF/C,2017-12-30,21700531.0,0.0,ORL,97.0,16.7,14.799999999999997,19.3,79.0,49.4,52.8,55.9,102.99999999999997,104.4,0.0,4000.0,0.0,3480.0,482.58562855610285,-5.684341886080802e-14,2.842170943040401e-14,-1.0658141036401503e-14,12.1,0.0,13.3,11.479934184867476,11.058053877403363,86.86999999999998,5.21,92.07
1626185,46064,Jarell Martin,MEM,207.0,14.0,PF/C,2017-12-30,21700535.0,0.0,GSW,95.4,16.4,13.7,20.8,76.0,48.3,49.7,54.1,101.9,105.6,0.0,4500.0,0.0,3430.0,275.07574714370344,95.4,103.90000000000003,8.500000000000007,7.825,0.0,10.1,8.399074023036372,8.953622792541081,111.93999999999994,-9.289999999999996,102.64999999999995
1626192,46060,Pat Connaughton,POR,208.0,-4.0,SG/SF,2017-12-30,21700533.0,0.0,ATL,98.8,14.2,13.4,22.7,79.6,51.4,49.7,53.6,102.1,101.7,0.0,3200.0,0.0,3400.0,149.07119849998597,104.10000000000002,115.00000000000003,10.900000000000006,8.8,0.0,16.1,8.849984306326323,6.011331891611966,100.26,8.210000000000004,108.46999999999998
1626195,46174,,NYK,218.0,6.0,,2017-12-30,21700532.0,0.0,NOP,98.7,17.0,14.3,26.2,76.9,52.1,51.2,54.8,104.3,104.6,0.0,3400.0,0.0,3480.0,42.16370213557839,1.4210854715202004e-14,-2.842170943040401e-14,-1.4210854715202004e-14,0.45,0.0,0.5,1.581138830083962,1.423024947075785,5.000000000000044,4.9300000000000015,9.929999999999975
1626196,46026,Josh Richardson,MIA,204.0,-2.0,SG/SF,2017-12-30,21700531.0,0.0,ORL,97.0,16.7,14.8,19.3,79.0,49.4,52.8,55.9,103.0,104.4,0.0,6500.0,0.0,5520.0,1047.5367933076782,-1.9895196601282805e-13,-7.105427357601002e-14,-1.4210854715202004e-14,26.8,0.0,28.8,15.454592988637538,16.711522970693007,91.01000000000005,8.179999999999996,99.19999999999996
1626205,46070,Vince Hunter,MEM,207.0,14.0,PF,2017-12-30,21700535.0,0.0,GSW,95.4,16.4,13.7,20.8,76.0,48.3,49.7,54.1,101.9,105.6,0.0,3000.0,0.0,3000.0,0.0,0.0,0.0,0.0,0.525,0.0,0.2,0.6324555320336759,1.660195771588399,13.330000000000002,-6.67,6.67
1626209,46040,Mario Hezonja,ORL,204.0,2.0,SG,2017-12-30,21700531.0,1.0,MIA,101.9,17.2,13.5,18.8,75.4,47.0,51.8,54.9,102.7,108.2,0.0,4300.0,0.0,4250.0,589.2556509887896,85.20000000000009,112.99999999999994,27.799999999999997,18.9,0.0,20.8,13.472605951007068,16.90586683176386,106.0,-6.01000000000001,100.00000000000003
1626220,46187,Royce O'Neale,UTA,208.0,4.0,SF,2017-12-30,21700534.0,1.0,CLE,96.9,16.6,13.7,19.8,78.3,48.2,51.6,55.5,104.1,104.6,0.0,3000.0,0.0,3000.0,0.0,110.70000000000012,138.40000000000003,27.700000000000014,4.45,0.0,5.1,6.384877968032488,6.732797008343228,72.48,0.39999999999999647,72.88999999999996
1626224,46099,Cedi Osman,CLE,208.0,-4.0,SG/SF,2017-12-30,21700534.0,0.0,UTA,98.6,18.0,13.5,20.2,76.6,49.3,55.5,59.4,111.4,108.7,0.0,3000.0,0.0,3000.0,0.0,-4.263256414560601e-14,77.29999999999995,77.30000000000004,6.575,0.0,10.6,7.633260552782583,5.605119187948737,101.75999999999998,-3.3500000000000036,98.41999999999999
1626246,46148,Boban Marjanovic,DET,196.0,5.0,C,2017-12-30,21700530.0,1.0,SAS,97.8,16.8,13.1,24.2,77.7,50.0,51.3,54.4,104.6,104.5,0.0,3300.0,0.0,3250.0,190.02923751652298,0.0,-1.4210854715202004e-14,-7.105427357601002e-15,5.0,0.0,4.6,6.449806198638843,8.186201126828545,44.91000000000001,6.289999999999997,51.19000000000001
1626643,46023,Jacob Pullen,PHI,216.0,7.0,PG,2017-12-30,21700536.0,0.0,DEN,103.3,18.3,15.8,26.4,77.8,52.9,51.7,55.2,103.4,103.7,0.0,3000.0,0.0,3000.0,0.0,0.0,0.0,0.0,0.0,0.0,0.0,0.0,0.0,0.0,0.0,0.0
1627098,46158,Malcolm Delaney,ATL,208.0,4.0,PG/SG,2017-12-30,21700533.0,1.0,POR,99.5,18.2,14.3,21.8,74.3,47.8,52.3,55.8,104.4,108.5,0.0,3700.0,0.0,3520.0,214.99353995462798,-1.4210854715202004e-14,8.526512829121202e-14,1.4210854715202004e-14,10.475,0.0,12.1,11.36710654085335,11.353811156513828,83.30999999999996,17.499999999999993,100.79999999999995
1627732,46014,Ben Simmons,PHI,216.0,7.0,PG/SF,2017-12-30,21700536.0,0.0,DEN,103.3,18.3,15.8,26.4,77.8,52.9,51.7,55.2,103.4,103.7,0.0,8300.0,0.0,9570.0,386.0051813123749,113.49999999999996,119.60000000000001,6.0999999999999925,34.85,0.0,30.8,17.196898945255604,21.33014299061307,103.63999999999996,0.28999999999999754,103.92999999999998
1627736,46123,Malik Beasley,DEN,216.0,-7.0,SG,2017-12-30,21700536.0,1.0,PHI,98.4,17.4,13.9,27.3,78.3,52.6,52.8,56.0,107.9,106.6,0.0,3200.0,0.0,3370.0,182.87822299126938,-1.4210854715202004e-14,-1.1368683772161603e-13,2.842170943040401e-14,4.4,0.0,9.5,8.195527235429498,4.850830398556062,98.72,29.17999999999999,127.90000000000005
1627738,46069,Deyonta Davis,MEM,207.0,14.0,PF/C,2017-12-30,21700535.0,0.0,GSW,95.4,16.4,13.7,20.8,76.0,48.3,49.7,54.1,101.9,105.6,0.0,3000.0,0.0,3060.0,96.6091783079296,105.89999999999998,137.20000000000007,31.299999999999997,6.675,0.0,7.9,5.342700108039424,6.272791776128607,109.78999999999999,-6.290000000000011,103.47999999999998
1627740,46151,Henry Ellenson,DET,196.0,5.0,PF/C,2017-12-30,21700530.0,1.0,SAS,97.8,16.8,13.1,24.2,77.7,50.0,51.3,54.4,104.6,104.5,0.0,3000.0,0.0,3000.0,0.0,8.526512829121202e-14,100.00000000000003,100.00000000000001,1.575,0.0,1.4,2.674987019698511,3.3334374983724486,53.610000000000014,2.629999999999998,56.23
1627749,46134,Dejounte Murray,SAS,196.0,-5.0,PG,2017-12-30,21700530.0,0.0,DET,96.5,17.2,13.3,23.8,79.6,51.9,51.3,54.9,105.1,101.5,0.0,3900.0,0.0,4140.0,254.73297566057067,85.59999999999994,117.50000000000014,31.900000000000013,17.25,0.0,16.4,10.772392698209828,12.434271635729656,96.70000000000003,15.169999999999998,111.86999999999998
1627750,46116,Jamal Murray,DEN,216.0,-7.0,PG/SG,2017-12-30,21700536.0,1.0,PHI,98.4,17.4,13.9,27.3,78.3,52.6,52.8,56.0,107.9,106.6,0.0,6200.0,0.0,5700.0,221.10831935702666,124.50000000000024,121.99999999999996,-2.499999999999993,25.625,0.0,24.8,13.934768666101988,18.73286253856812,104.47999999999999,8.45999999999999,112.94000000000001
1627752,46152,Taurean Prince,ATL,208.0,4.0,SG/SF,2017-12-30,21700533.0,1.0,POR,99.5,18.2,14.3,21.8,74.3,47.8,52.3,55.8,104.4,108.5,0.0,5100.0,0.0,5780.0,370.5851229249946,7.105427357601002e-14,-5.684341886080802e-14,3.552713678800501e-15,22.25,0.0,25.6,14.307729068972165,15.33650329551471,98.92999999999999,1.8200000000000007,100.74
1627758,46170,Ron Baker,NYK,218.0,6.0,PG/SG,2017-12-30,21700532.0,0.0,NOP,98.7,17.0,14.3,26.2,76.9,52.1,51.2,54.8,104.3,104.6,0.0,3200.0,0.0,3270.0,94.86832980505137,163.39999999999998,117.99999999999997,-45.39999999999999,8.65,0.0,13.0,10.466878978738388,8.230363836969113,103.45999999999997,-13.51999999999999,89.93999999999996
1627767,46113,Cheick Diallo,NOP,218.0,-6.0,PF,2017-12-30,21700532.0,1.0,NYK,101.9,19.5,14.6,20.3,76.9,49.8,55.8,58.8,108.6,107.4,0.0,3000.0,0.0,3000.0,0.0,0.0,-4.263256414560601e-14,1.4210854715202004e-14,1.975,0.0,1.5,2.460803843372238,3.369491389248869,50.75000000000004,-18.660000000000007,32.08
1627774,46058,Jake Layman,POR,208.0,-4.0,SF/PF,2017-12-30,21700533.0,0.0,ATL,98.8,14.2,13.4,22.7,79.6,51.4,49.7,53.6,102.1,101.7,0.0,3000.0,0.0,3000.0,0.0,0.0,0.0,-5.684341886080802e-14,1.8,0.0,4.6,6.818276093624319,3.767182855485869,43.05999999999998,-1.1999999999999944,41.84999999999995
1627775,46088,Patrick McCaw,GSW,207.0,-14.0,PG/SF,2017-12-30,21700535.0,1.0,MEM,102.4,21.4,14.6,21.8,76.4,51.6,57.4,60.7,112.4,100.6,0.0,3700.0,0.0,3540.0,150.5545305418162,-1.2789769243681803e-13,-5.684341886080802e-14,-2.1316282072803006e-14,8.35,0.0,15.4,12.980326994682718,7.732686754579188,88.62000000000003,9.799999999999997,98.44000000000003
1627789,46022,Timothe Luwawu-Cabarrot,PHI,216.0,7.0,SG/SF,2017-12-30,21700536.0,0.0,DEN,103.3,18.3,15.8,26.4,77.8,52.9,51.7,55.2,103.4,103.7,0.0,3300.0,0.0,3220.0,103.27955589886444,-1.4210854715202004e-14,5.684341886080802e-14,-8.881784197001252e-15,5.275,0.0,10.6,8.834276679187973,5.443459378005861,80.88,-8.400000000000002,72.49000000000002
1627790,46097,Ante Zizic,CLE,208.0,-4.0,PF/C,2017-12-30,21700534.0,0.0,UTA,98.6,18.0,13.5,20.2,76.6,49.3,55.5,59.4,111.4,108.7,0.0,3000.0,0.0,3040.0,84.32740427115637,2.842170943040401e-14,0.0,2.842170943040401e-14,0.725,0.0,0.8,1.751190071541826,1.5831140198987563,31.910000000000004,-23.57999999999999,8.33
1627819,46162,Isaiah Taylor,ATL,208.0,4.0,PG,2017-12-30,21700533.0,1.0,POR,99.5,18.2,14.3,21.8,74.3,47.8,52.3,55.8,104.4,108.5,0.0,3700.0,0.0,3430.0,216.28170930011115,2.842170943040401e-14,-1.4210854715202004e-14,3.019806626980426e-14,9.35,0.0,11.2,6.64663657632774,7.067334874068317,96.78000000000002,-9.160000000000005,87.60999999999999
1627823,46122,Juancho Hernangomez,DEN,216.0,-7.0,SF/PF,2017-12-30,21700536.0,1.0,PHI,98.4,17.4,13.9,27.3,78.3,52.6,52.8,56.0,107.9,106.6,0.0,3300.0,0.0,3360.0,96.6091783079296,5.684341886080802e-14,-1.1368683772161603e-13,1.4210854715202004e-14,1.05,0.0,2.0,4.3461349368017546,2.2261077142752175,52.71000000000005,-5.080000000000003,47.63000000000002
1627854,46138,Bryn Forbes,SAS,196.0,-5.0,PG/SG,2017-12-30,21700530.0,0.0,DET,96.5,17.2,13.3,23.8,79.6,51.9,51.3,54.9,105.1,101.5,0.0,3400.0,0.0,3560.0,157.7621275493231,111.5,116.09999999999987,4.500000000000008,10.925,0.0,21.6,12.545030003064076,7.1966909834389226,110.07000000000002,-6.99,103.08
1627883,46112,Jalen Jones,NOP,218.0,-6.0,SF,2017-12-30,21700532.0,1.0,NYK,101.9,19.5,14.6,20.3,76.9,49.8,55.8,58.8,108.6,107.4,0.0,3000.0,0.0,3000.0,0.0,0.0,-2.842170943040401e-14,0.0,0.125,0.0,0.9,2.8460498941515415,0.39528470752104744,14.220000000000002,-4.709999999999999,9.51
1628373,46169,Frank Ntilikina,NYK,218.0,6.0,PG/SG,2017-12-30,21700532.0,0.0,NOP,98.7,17.0,14.3,26.2,76.9,52.1,51.2,54.8,104.3,104.6,0.0,3900.0,0.0,3890.0,272.6414006223804,112.89999999999996,115.09999999999992,2.2000000000000037,12.475,0.0,16.3,12.074306973441121,11.515961145779848,100.78000000000002,5.600000000000003,106.39000000000001
1628378,46182,Donovan Mitchell,UTA,208.0,4.0,PG/SG,2017-12-30,21700534.0,1.0,CLE,96.9,16.6,13.7,19.8,78.3,48.2,51.6,55.5,104.1,104.6,0.0,6900.0,0.0,6980.0,229.97584414213787,110.79999999999998,94.60000000000004,-16.199999999999985,28.525,0.0,27.6,15.334782540210854,18.01405701112329,113.14000000000001,-12.710000000000003,100.40999999999998
1628379,46147,Luke Kennard,DET,196.0,5.0,SG,2017-12-30,21700530.0,1.0,SAS,97.8,16.8,13.1,24.2,77.7,50.0,51.3,54.4,104.6,104.5,0.0,3600.0,0.0,3430.0,249.6664441476534,111.40000000000003,62.900000000000034,-48.499999999999986,9.05,0.0,13.9,7.894442489639289,7.592759709091287,100.88999999999996,15.249999999999996,116.14000000000001
1628380,46055,Zach Collins,POR,208.0,-4.0,PF/C,2017-12-30,21700533.0,0.0,ATL,98.8,14.2,13.4,22.7,79.6,51.4,49.7,53.6,102.1,101.7,0.0,3500.0,0.0,3360.0,206.5591117977289,105.50000000000001,105.70000000000005,0.20000000000000995,15.275,0.0,18.3,8.06983408889069,7.759805624713376,97.05,7.259999999999996,104.31000000000002
1628381,46154,John Collins,ATL,208.0,4.0,PF/C,2017-12-30,21700533.0,1.0,POR,99.5,18.2,14.3,21.8,74.3,47.8,52.3,55.8,104.4,108.5,0.0,5000.0,0.0,5370.0,188.85620632287072,5.684341886080802e-14,0.0,3.552713678800501e-15,19.425,0.0,18.2,10.119288512538812,12.35698745200014,98.94000000000001,-7.589999999999998,91.33000000000001
1628389,46025,Bam Adebayo,MIA,204.0,-2.0,PF/C,2017-12-30,21700531.0,0.0,ORL,97.0,16.7,14.8,19.3,79.0,49.4,52.8,55.9,103.0,104.4,0.0,4700.0,0.0,4180.0,204.3961295567429,5.684341886080802e-14,-2.842170943040401e-14,0.0,18.875,0.0,22.0,12.587471725666136,11.96363123061816,92.37000000000003,7.57,99.94000000000001
1628395,46086,Jordan Bell,GSW,207.0,-14.0,PF/C,2017-12-30,21700535.0,1.0,MEM,102.4,21.4,14.6,21.8,76.4,51.6,57.4,60.7,112.4,100.6,0.0,4700.0,0.0,4330.0,518.6520991955977,1.4210854715202004e-14,-4.263256414560601e-14,0.0,17.075,0.0,15.6,11.834037537731765,14.607860327006597,83.77999999999994,17.019999999999996,100.79
1628411,46044,Wes Iwundu,ORL,204.0,2.0,SG/SF,2017-12-30,21700531.0,1.0,MIA,101.9,17.2,13.5,18.8,75.4,47.0,51.8,54.9,102.7,108.2,0.0,3200.0,0.0,3210.0,152.3883926754995,59.7,73.19999999999997,13.5,8.7,0.0,16.7,10.60450637962727,6.14387680721401,96.64000000000001,-6.840000000000005,89.79999999999998
1628415,46068,Dillon Brooks,MEM,207.0,14.0,SG/SF,2017-12-30,21700535.0,0.0,GSW,95.4,16.4,13.7,20.8,76.0,48.3,49.7,54.1,101.9,105.6,0.0,3700.0,0.0,3800.0,81.64965809277261,102.10000000000001,109.29999999999998,7.299999999999999,11.5,0.0,21.0,12.675435561221024,8.61039423539299,105.16000000000001,-3.9899999999999913,101.15
1628416,46160,Tyler Dorsey,ATL,208.0,4.0,PG/SG,2017-12-30,21700533.0,1.0,POR,99.5,18.2,14.3,21.8,74.3,47.8,52.3,55.8,104.4,108.5,0.0,3000.0,0.0,3000.0,0.0,-2.842170943040401e-14,0.0,0.0,0.7,0.0,1.3,3.1989581637360205,2.2135943621178655,15.140000000000004,16.81,31.949999999999996
1628422,46168,Damyean Dotson,NYK,218.0,6.0,SG,2017-12-30,21700532.0,0.0,NOP,98.7,17.0,14.3,26.2,76.9,52.1,51.2,54.8,104.3,104.6,0.0,3100.0,0.0,3380.0,42.16370213557839,1.4210854715202004e-14,0.0,0.0,1.85,0.0,2.7,5.735852159879995,3.9864353333105345,22.849999999999987,-2.1,20.750000000000004
1628424,46062,Kobi Simmons,MEM,207.0,14.0,SG,2017-12-30,21700535.0,0.0,GSW,95.4,16.4,13.7,20.8,76.0,48.3,49.7,54.1,101.9,105.6,0.0,3500.0,0.0,3000.0,0.0,134.90000000000006,109.00000000000003,-26.0,3.1,0.0,5.1,8.659612513784255,5.806127031947468,62.54,-4.12,58.45
1628429,46110,Charles Cooke,NOP,218.0,-6.0,SG,2017-12-30,21700532.0,1.0,NYK,101.9,19.5,14.6,20.3,76.9,49.8,55.8,58.8,108.6,107.4,0.0,3000.0,0.0,3000.0,0.0,-2.842170943040401e-14,0.0,0.0,0.4,0.0,1.2,1.9888578520235065,1.449137674618944,36.05000000000001,-16.8,19.229999999999997
1628463,46161,Tyler Cavanaugh,ATL,208.0,4.0,PF,2017-12-30,21700533.0,1.0,POR,99.5,18.2,14.3,21.8,74.3,47.8,52.3,55.8,104.4,108.5,0.0,3300.0,0.0,3740.0,306.2315754094894,4.263256414560601e-14,5.684341886080802e-14,-7.105427357601002e-15,8.15,0.0,8.8,10.570398920255249,9.349093836065373,66.81000000000003,1.3400000000000003,68.14999999999996
1628470,46121,Torrey Craig,DEN,216.0,-7.0,SG/SF,2017-12-30,21700536.0,1.0,PHI,98.4,17.4,13.9,27.3,78.3,52.6,52.8,56.0,107.9,106.6,0.0,3700.0,0.0,3360.0,383.5506630304674,138.6,121.0,-17.700000000000003,7.7,0.0,11.7,13.39195446693441,9.618991631143048,89.53999999999999,-4.19,85.36
1628475,46034,Matt Williams,MIA,204.0,-2.0,SG,2017-12-30,21700531.0,0.0,ORL,97.0,16.7,14.8,19.3,79.0,49.4,52.8,55.9,103.0,104.4,0.0,3000.0,0.0,3000.0,0.0,0.0,-2.842170943040401e-14,-7.105427357601002e-15,0.075,0.0,0.3,0.9486832980505139,0.23717082451262847,14.9,17.06,31.979999999999997
1628476,46033,Derrick Walton Jr.,MIA,204.0,-2.0,PG,2017-12-30,21700531.0,0.0,ORL,97.0,16.7,14.8,19.3,79.0,49.4,52.8,55.9,103.0,104.4,0.0,3000.0,0.0,3000.0,0.0,0.0,1.4210854715202004e-14,7.105427357601002e-15,3.225,0.0,4.9,7.852105167122735,5.615516697310923,63.34000000000001,-12.690000000000001,50.65
1628503,46046,Jamel Artis,ORL,204.0,2.0,SG/SF,2017-12-30,21700531.0,1.0,MIA,101.9,17.2,13.5,18.8,75.4,47.0,51.8,54.9,102.7,108.2,0.0,3000.0,0.0,,,-2.842170943040401e-14,1.4210854715202004e-14,1.0658141036401503e-14,,0.0,,,,,,
