GAME_ID,tdate,player_id,Target,avg(t2.DKFPS),std(t2.DKFPS),min(t2.DKFPS),max(t2.DKFPS),avg(t2.MIN),min(s1.salary),max(s1.salary),avg(s1.salary),DISPLAY_FIRST_LAST,id,fantasy_pts,avg_pts,fpts_diff,player_name,date,salary,salary_change,salary_diff,salary_diff_percentage,GAME_ID,GAME_DATE,Player_ID,team,ou,odds,home,OPP
21700267,21700267-203086,203086,?,9.125,8.889073349,0,21.25,11.75,3200,3200,3200,Meyers Leonard,170,4.77,9.5,-4.73,Meyers Leonard,11/22/17,3200,0,0,0,21700267,11/24/17,203086,POR,211,-5,0,BKN
21700267,21700267-203894,203894,?,23.35,7.735631842,10.5,32,24.8,3700,3700,3700,Shabazz Napier,118,22.02,15.05,6.97,Shabazz Napier,11/22/17,3700,0,0,0,21700267,11/24/17,203894,POR,211,-5,0,BKN
21700267,21700267-203943,203943,?,21.2,10.54205862,14.25,42,22.8,3500,3500,3500,Noah Vonleh,217,19.28,16.95,2.33,Noah Vonleh,11/22/17,3500,0,0,0,21700267,11/24/17,203943,POR,211,-5,0,BKN
21700267,21700267-202334,202334,?,14.85,3.948417404,10.25,22,18.4,3400,3400,3400,Ed Davis,208,15.05,17.74,-2.69,Ed Davis,11/22/17,3400,0,0,0,21700267,11/24/17,202334,POR,211,-5,0,BKN
21700267,21700267-203081,203081,?,41,7.546522378,30.25,53.25,35.8,8800,8800,8800,Damian Lillard,48,45.62,43.74,1.88,Damian Lillard,11/22/17,8800,-3.3,-300,-3.3,21700267,11/24/17,203081,POR,211,-5,0,BKN
21700267,21700267-203090,203090,?,9.15,5.62716625,1,15.75,22,3500,3500,3500,Maurice Harkless,213,12.28,14.82,-2.54,Maurice Harkless,11/22/17,3500,0,0,0,21700267,11/24/17,203090,POR,211,-5,0,BKN
21700267,21700267-1626192,1626192,?,8.25,3.758324095,5,15.5,12,3000,3000,3000,Pat Connaughton,177,7.97,10.74,-2.77,Pat Connaughton,11/22/17,3000,0,0,0,21700267,11/24/17,1626192,POR,211,-5,0,BKN
21700267,21700267-203468,203468,?,31.35,10.35929534,11.75,40,36.8,7200,7200,7200,CJ McCollum,107,33.47,33.82,-0.35,C.J. McCollum,11/22/17,7200,-1.4,-100,-1.4,21700267,11/24/17,203468,POR,211,-5,0,BKN
21700267,21700267-1627774,1627774,?,2.583333333,2.144113388,0,5.25,4,3000,3000,3000,Jake Layman,137,0.89,3.11,-2.22,Jake Layman,11/22/17,3000,0,0,0,21700267,11/24/17,1627774,POR,211,-5,0,BKN
21700267,21700267-1628380,1628380,?,1.25,2.25,-1,3.5,2.5,3000,3000,3000,Zach Collins,230,1.61,1.57,0.04,Zach Collins,11/22/17,3000,0,0,0,21700267,11/24/17,1628380,POR,211,-5,0,BKN
21700267,21700267-1628403,1628403,?,2.875,4.218634258,-0.5,10,5.25,3700,3700,3700,Caleb Swanigan,156,2.35,8.04,-5.69,Caleb Swanigan,11/22/17,3700,0,0,0,21700267,11/24/17,1628403,POR,211,-5,0,BKN
21700267,21700267-203994,203994,?,25.3,6.427285586,16.25,31.75,28,6500,6500,6500,Jusuf Nurkic,104,32.61,28.51,4.1,Jusuf Nurkic,11/22/17,6500,-1.5,-100,-1.5,21700267,11/24/17,203994,POR,211,-5,0,BKN
21700267,21700267-202323,202323,?,9.15,4.657252409,2.5,16.5,22.6,4400,4400,4400,Evan Turner,163,20.54,18.63,1.92,Evan Turner,11/22/17,4400,0,0,0,21700267,11/24/17,202323,POR,211,-5,0,BKN
21700267,21700267-203092,203092,?,14,3.973873006,8.5,17.75,20.3333,3400,3400,3400,Tyler Zeller,127,16.2,14.61,1.59,Tyler Zeller,11/22/17,3400,0,0,0,21700267,11/24/17,203092,BKN,211,5,1,POR
21700267,21700267-1626178,1626178,?,29.1875,7.824990016,18.5,40.5,29,6200,6200,6200,Rondae Hollis-Jefferson,51,29.65,27.69,1.96,Rondae Hollis-Jefferson,11/22/17,6200,-3.1,-200,-3.1,21700267,11/24/17,1626178,BKN,211,5,1,POR
21700267,21700267-203459,203459,?,30.6875,4.790534286,25,38.25,31.75,4800,4800,4800,Allen Crabbe,34,24.32,22.37,1.95,Allen Crabbe,11/22/17,4800,4.3,200,4.3,21700267,11/24/17,203459,BKN,211,5,1,POR
21700267,21700267-1627747,1627747,?,24.375,3.625,19,29,22.25,4100,4100,4100,Caris LeVert,123,18.81,22.09,-3.28,Caris LeVert,11/22/17,4100,0,0,0,21700267,11/24/17,1627747,BKN,211,5,1,POR
21700267,21700267-1627785,1627785,?,4.625,2.625,2,7.25,8,3500,3500,3500,Isaiah Whitehead,212,4.09,9.35,-5.26,Isaiah Whitehead,11/22/17,3500,0,0,0,21700267,11/24/17,1627785,BKN,211,5,1,POR
21700267,21700267-203925,203925,?,22.25,11.01561392,6.5,36.75,23.25,3500,3500,3500,Joe Harris,180,15.69,17.36,-1.67,Joe Harris,11/22/17,3500,0,0,0,21700267,11/24/17,203925,BKN,211,5,1,POR
21700267,21700267-1628386,1628386,?,10.5,4.420595737,4.75,15.5,13.3333,3000,3000,3000,Jarrett Allen,223,10.39,11.22,-0.83,Jarrett Allen,11/22/17,3000,0,0,0,21700267,11/24/17,1628386,BKN,211,5,1,POR
21700267,21700267-201960,201960,?,25.1875,7.120338387,17.75,35.25,31.5,5600,5600,5600,DeMarre Carroll,14,27.35,27.81,-0.46,DeMarre Carroll,11/22/17,5600,5.7,300,5.7,21700267,11/24/17,201960,BKN,211,5,1,POR
21700267,21700267-203112,203112,?,12.1875,0.596212001,11.5,13,19.5,3300,3300,3300,Quincy Acy,134,14.95,13.02,1.93,Quincy Acy,11/22/17,3300,0,0,0,21700267,11/24/17,203112,BKN,211,5,1,POR
21700267,21700267-203915,203915,?,38.3125,8.093930983,27.75,50.25,30.75,6600,6600,6600,Spencer Dinwiddie,22,32.07,26.69,5.38,Spencer Dinwiddie,11/22/17,6600,4.8,300,4.8,21700267,11/24/17,203915,BKN,211,5,1,POR
21700267,21700267-203930,203930,?,5.5,3.894440482,0,8.5,7,3400,3400,3400,Sean Kilpatrick,126,4.24,7.5,-3.26,Sean Kilpatrick,11/22/17,3400,0,0,0,21700267,11/24/17,203930,BKN,211,5,1,POR
21700267,21700267-202344,202344,?,17.83333333,9.63140119,4.25,25.5,21.3333,4700,4700,4700,Trevor Booker,88,22.21,21.46,0.75,Trevor Booker,11/22/17,4700,-2.1,-100,-2.1,21700267,11/24/17,202344,BKN,211,5,1,POR
21700268,21700268-203501,203501,?,41.125,12.82880061,27.75,61,33.25,6600,6600,6600,Tim Hardaway Jr.,103,31.74,32.54,-0.8,Tim Hardaway Jr.,11/22/17,6600,1.5,100,1.5,21700268,11/24/17,203501,NYK,208,-2,0,ATL
21700268,21700268-203926,203926,?,17.75,4.653627617,12.5,25.25,25.75,3500,3500,3500,Doug McDermott,218,15.77,14.93,0.84,Doug McDermott,11/22/17,3500,0,0,0,21700268,11/24/17,203926,NYK,208,-2,0,ATL
21700268,21700268-201196,201196,?,9.375,3.375,6,12.75,7.5,3300,3300,3300,Ramon Sessions,58,1.17,13.71,-12.54,Ramon Sessions,11/22/17,3300,-2.9,-100,-2.9,21700268,11/24/17,201196,NYK,208,-2,0,ATL
21700268,21700268-201584,201584,?,29.0625,6.994138171,19,37.75,33.5,4600,4600,4600,Courtney Lee,83,25.35,24.25,1.1,Courtney Lee,11/22/17,4600,-2.1,-100,-2.1,21700268,11/24/17,201584,NYK,208,-2,0,ATL
21700268,21700268-202683,202683,?,27.25,8.257572282,19,40,28.25,6100,6100,6100,Enes Kanter,100,30.81,30.43,0.38,Enes Kanter,11/22/17,6100,1.7,100,1.7,21700268,11/24/17,202683,NYK,208,-2,0,ATL
21700268,21700268-101127,101127,?,19.4375,5.512414965,13,26.5,28,3800,3800,3800,Jarrett Jack,63,20.46,16.75,3.71,Jarrett Jack,11/22/17,3800,2.7,100,2.7,21700268,11/24/17,101127,NYK,208,-2,0,ATL
21700268,21700268-1626195,1626195,?,3.125,0.375,2.75,3.5,3.5,3400,3400,3400,Willy Hernangomez,56,2.32,6.83,-4.51,Willy Hernangomez,11/22/17,3400,-2.9,-100,-2.9,21700268,11/24/17,1626195,NYK,208,-2,0,ATL
21700268,21700268-1628373,1628373,?,8.8125,5.813172004,-0.5,15.5,16,4000,4000,4000,Frank Ntilikina,184,14.54,15.22,-0.68,Frank Ntilikina,11/22/17,4000,0,0,0,21700268,11/24/17,1628373,NYK,208,-2,0,ATL
21700268,21700268-204001,204001,?,38.3125,7.86879716,25.5,46,33.75,8900,8900,8900,Kristaps Porzingis,44,39.83,43.84,-4.01,Kristaps Porzingis,11/22/17,8900,3.5,300,3.5,21700268,11/24/17,204001,NYK,208,-2,0,ATL
21700268,21700268-1628422,1628422,?,3.75,3.75,0,7.5,7,3300,3300,3300,Damyean Dotson,13,0.81,4.64,-3.83,Damyean Dotson,11/22/17,3300,-5.7,-200,-5.7,21700268,11/24/17,1628422,NYK,208,-2,0,ATL
21700268,21700268-201563,201563,?,11.125,6.875,4.25,18,8,3300,3300,3300,Michael Beasley,9373,4.35,10.23,-5.88,Michael Beasley,11/22/17,3300,-2.9,-100,-2.9,21700268,11/24/17,201563,NYK,208,-2,0,ATL
21700268,21700268-202498,202498,?,7.75,3.302461203,3.25,12.5,13.75,3400,3400,3400,Lance Thomas,173,9.85,7.8,2.05,Lance Thomas,11/22/17,3400,0,0,0,21700268,11/24/17,202498,NYK,208,-2,0,ATL
21700268,21700268-203124,203124,?,13.6875,3.079036984,11,18.5,14.25,3500,3500,3500,Kyle O'Quinn,17,16.58,18.01,-1.43,Kyle O'Quinn,11/22/17,3500,-5.4,-200,-5.4,21700268,11/24/17,203124,NYK,208,-2,0,ATL
21700268,21700268-1627098,1627098,?,11,4.201934078,7,18,23.25,3400,3400,3400,Malcolm Delaney,59,13.12,12.83,0.29,Malcolm Delaney,11/22/17,3400,-2.9,-100,-2.9,21700268,11/24/17,1627098,ATL,208,2,1,NYK
21700268,21700268-1627761,1627761,?,3.25,3.910456069,0,8.75,6,3000,3000,3000,DeAndre' Bembry,215,9.78,7.44,2.34,DeAndre' Bembry,11/22/17,3000,0,0,0,21700268,11/24/17,1627761,ATL,208,2,1,NYK
21700268,21700268-1628381,1628381,?,31.75,6.361505325,22.5,39.5,30.25,4800,4800,4800,John Collins,35,30.27,24.9,5.37,John Collins,11/22/17,4800,4.3,200,4.3,21700268,11/24/17,1628381,ATL,208,2,1,NYK
21700268,21700268-1628463,1628463,?,8.125,6.016903273,1.5,17.75,13.25,3300,3300,3300,Tyler Cavanaugh,57,8.3,7.58,0.72,Tyler Cavanaugh,11/22/17,3300,-2.9,-100,-2.9,21700268,11/24/17,1628463,ATL,208,2,1,NYK
21700268,21700268-203145,203145,?,23.5,5.16599458,19.25,32.25,26.75,5400,5400,5400,Kent Bazemore,96,28.04,28.13,-0.09,Kent Bazemore,11/22/17,5400,-1.8,-100,-1.8,21700268,11/24/17,203145,ATL,208,2,1,NYK
21700268,21700268-203473,203473,?,32.4375,13.79806938,17.5,55,25.5,5100,5100,5100,Dewayne Dedmon,39,26.46,25.29,1.17,Dewayne Dedmon,11/22/17,5100,-3.8,-200,-3.8,21700268,11/24/17,203473,ATL,208,2,1,NYK
21700268,21700268-1627752,1627752,?,27.1875,11.07132416,10.75,41.25,31.25,5200,5200,5200,Taurean Prince,38,26.14,26.63,-0.49,Taurean Prince,11/22/17,5200,4,200,4,21700268,11/24/17,1627752,ATL,208,2,1,NYK
21700268,21700268-203705,203705,?,16.5,0,16.5,16.5,15,3000,3000,3000,Josh Magette,249,2.52,4.63,-2.11,Josh Magette,11/22/17,3000,0,0,0,21700268,11/24/17,203705,ATL,208,2,1,NYK
21700268,21700268-201158,201158,?,20.8125,7.577464533,9.5,30.75,25.5,3800,3800,3800,Marco Belinelli,19,22.97,21.42,1.55,Marco Belinelli,11/22/17,3800,-5,-200,-5,21700268,11/24/17,201158,ATL,208,2,1,NYK
21700268,21700268-101141,101141,?,7.833333333,4.656238348,2.75,14,10,3800,3800,3800,Ersan Ilyasova,67,8.17,13.14,-4.97,Ersan Ilyasova,11/22/17,3800,-2.6,-100,-2.6,21700268,11/24/17,101141,ATL,208,2,1,NYK
21700268,21700268-203471,203471,?,35.875,4.295710069,31.5,43,31.5,6600,6600,6600,Dennis Schroder,105,37.12,35.48,1.64,Dennis Schroder,11/22/17,6600,-1.5,-100,-1.5,21700268,11/24/17,203471,ATL,208,2,1,NYK
21700269,21700269-202687,202687,?,13.3125,3.684320663,8.75,18.25,17.25,3200,3200,3200,Bismack Biyombo,202,13.43,12.39,1.04,Bismack Biyombo,11/22/17,3200,0,0,0,21700269,11/24/17,202687,ORL,209,8,0,BOS
21700269,21700269-202696,202696,?,34.5625,9.820856314,22.5,49.25,29.5,6600,6600,6600,Nikola Vucevic,33,34.62,35.31,-0.69,Nikola Vucevic,11/22/17,6600,-4.3,-300,-4.3,21700269,11/24/17,202696,ORL,209,8,0,BOS
21700269,21700269-203082,203082,?,20.9375,6.66702473,14.25,32,26.25,3700,3700,3700,Terrence Ross,197,19.51,19.4,0.11,Terrence Ross,11/22/17,3700,0,0,0,21700269,11/24/17,203082,ORL,209,8,0,BOS
21700269,21700269-203613,203613,?,16.8125,4.874599343,10,23.75,23,4200,4200,4200,Jonathon Simmons,30,19.3,22.06,-2.76,Jonathon Simmons,11/22/17,4200,-4.5,-200,-4.5,21700269,11/24/17,203613,ORL,209,8,0,BOS
21700269,21700269-203932,203932,?,33.1875,7.446423219,23.75,44.25,33.5,6500,6500,6500,Aaron Gordon,9,31.86,35.06,-3.2,Aaron Gordon,11/22/17,6500,-7.1,-500,-7.1,21700269,11/24/17,203932,ORL,209,8,0,BOS
21700269,21700269-201167,201167,?,8.666666667,6.989078782,0.75,17.75,16,3000,3000,3000,Arron Afflalo,227,5.26,5.13,0.13,Arron Afflalo,11/22/17,3000,0,0,0,21700269,11/24/17,201167,ORL,209,8,0,BOS
21700269,21700269-202714,202714,?,8.75,2,6.75,10.75,13.5,3400,3400,3400,Shelvin Mack,150,3.37,16.32,-12.95,Shelvin Mack,11/22/17,3400,0,0,0,21700269,11/24/17,202714,ORL,209,8,0,BOS
21700269,21700269-203095,203095,?,24.625,4.839615171,18.25,30.25,31.75,5900,5900,5900,Evan Fournier,11,27.85,31.18,-3.33,Evan Fournier,11/22/17,5900,-6.3,-400,-6.3,21700269,11/24/17,203095,ORL,209,8,0,BOS
21700269,21700269-1626209,1626209,?,7.625,4.375,3.25,12,11,3000,3000,3000,Mario Hezonja,116,2.17,7.63,-5.46,Mario Hezonja,11/22/17,3000,0,0,0,21700269,11/24/17,1626209,ORL,209,8,0,BOS
21700269,21700269-203901,203901,?,26.3125,9.042218685,18.75,41.5,28.25,5700,5700,5700,Elfrid Payton,7,33.59,25.69,7.9,Elfrid Payton,11/22/17,5700,-8.1,-500,-8.1,21700269,11/24/17,203901,ORL,209,8,0,BOS
21700269,21700269-201578,201578,?,15.1875,3.337172269,10,19.25,12.75,3100,3100,3100,Marreese Speights,142,11.57,12.63,-1.06,Marreese Speights,11/22/17,3100,0,0,0,21700269,11/24/17,201578,ORL,209,8,0,BOS
21700269,21700269-1626179,1626179,?,12.05,8.053570637,2.5,23,19.8,4400,4400,4400,Terry Rozier,166,19.52,20.68,-1.16,Terry Rozier,11/22/17,4400,0,0,0,21700269,11/24/17,1626179,BOS,209,-8,1,ORL
21700269,21700269-203382,203382,?,7.85,2.791057147,5.5,13.25,12.4,3500,3500,3500,Aron Baynes,188,13.23,14.88,-1.65,Aron Baynes,11/22/17,3500,0,0,0,21700269,11/24/17,203382,BOS,209,-8,1,ORL
21700269,21700269-1627759,1627759,?,32.15,6.727926872,20.75,40.25,33.6,6500,6500,6500,Jaylen Brown,169,30.23,28.87,1.36,Jaylen Brown,11/22/17,6500,0,0,0,21700269,11/24/17,1627759,BOS,209,-8,1,ORL
21700269,21700269-1628369,1628369,?,30.95,6.605679375,18.5,37.75,31.6,5700,5700,5700,Jayson Tatum,101,30.01,27.39,2.62,Jayson Tatum,11/22/17,5700,-1.7,-100,-1.7,21700269,11/24/17,1628369,BOS,209,-8,1,ORL
21700269,21700269-1628464,1628464,?,5.3,4.495553359,2.5,14.25,6.6,3300,3300,3300,Daniel Theis,136,5.74,10.89,-5.15,Daniel Theis,11/22/17,3300,0,0,0,21700269,11/24/17,1628464,BOS,209,-8,1,ORL
21700269,21700269-202681,202681,?,43.1,10.51855503,34.25,62.75,33.2,8300,8300,8300,Kyrie Irving,113,40.48,38.42,2.06,Kyrie Irving,11/22/17,8300,1.2,100,1.2,21700269,11/24/17,202681,BOS,209,-8,1,ORL
21700269,21700269-202694,202694,?,26.85,4.856953778,22.5,36,24.4,4900,4900,4900,Marcus Morris,235,21.05,24.18,-3.13,Marcus Morris,11/22/17,4900,0,0,0,21700269,11/24/17,202694,BOS,209,-8,1,ORL
21700269,21700269-203499,203499,?,3.75,2.455860338,0,6.5,8.25,3200,3200,3200,Shane Larkin,187,4.39,6.17,-1.78,Shane Larkin,11/22/17,3200,0,0,0,21700269,11/24/17,203499,BOS,209,-8,1,ORL
21700269,21700269-1627846,1627846,?,-0.5,0,-0.5,-0.5,4,3000,3000,3000,Abdel Nader,247,1.5,3.64,-2.14,Abdel Nader,11/22/17,3000,0,0,0,21700269,11/24/17,1627846,BOS,209,-8,1,ORL
21700269,21700269-1628400,1628400,?,3.1,2.839894364,0,8.25,9,3200,3200,3200,Semi Ojeleye,209,3.33,5.35,-2.02,Semi Ojeleye,11/22/17,3200,0,0,0,21700269,11/24/17,1628400,BOS,209,-8,1,ORL
21700269,21700269-203935,203935,?,20.6,5.782732918,13.75,31.25,32.4,5100,5100,5100,Marcus Smart,41,28.45,25.59,2.86,Marcus Smart,11/22/17,5100,-3.8,-200,-3.8,21700269,11/24/17,203935,BOS,209,-8,1,ORL
21700269,21700269-201143,201143,?,30.65,4.088398219,24.5,36.25,34.4,6900,6900,6900,Al Horford,60,36.44,34.34,2.1,Al Horford,11/22/17,6900,-2.8,-200,-2.8,21700269,11/24/17,201143,BOS,209,-8,1,ORL
21700273,21700273-203083,203083,?,39.5,10.8699701,21.5,50.5,30.5,8800,8800,8800,Andre Drummond,124,41.77,42.51,-0.74,Andre Drummond,11/20/17,8800,0,0,0,21700273,11/24/17,203083,DET,203,8,0,OKC
21700273,21700273-203493,203493,?,7.125,7.125,0,14.25,8.5,3000,3000,3000,Reggie Bullock,171,2.58,7.73,-5.15,Reggie Bullock,11/20/17,3000,0,0,0,21700273,11/24/17,203493,DET,203,8,0,OKC
21700273,21700273-1626169,1626169,?,13.4375,5.721054863,7.75,22,27.25,3800,3800,3800,Stanley Johnson,62,17.52,16.8,0.72,Stanley Johnson,11/20/17,3800,2.7,100,2.7,21700273,11/24/17,1626169,DET,203,8,0,OKC
21700273,21700273-1627740,1627740,?,13,0,13,13,12,3000,3000,3000,Henry Ellenson,145,1.55,11.71,-10.16,Henry Ellenson,11/20/17,3000,0,0,0,21700273,11/24/17,1627740,DET,203,8,0,OKC
21700273,21700273-203961,203961,?,12.625,5.694020987,5.25,19.75,17,3000,3000,3000,Eric Moreland,189,11.46,8.07,3.39,Eric Moreland,11/20/17,3000,0,0,0,21700273,11/24/17,203961,DET,203,8,0,OKC
21700273,21700273-204038,204038,?,11,3.960744879,6.25,16.25,13.25,3000,3000,3000,Langston Galloway,119,9.12,11.14,-2.02,Langston Galloway,11/20/17,3000,0,0,0,21700273,11/24/17,204038,DET,203,8,0,OKC
21700273,21700273-202397,202397,?,14.625,4.491311056,8,20.5,20.5,3700,3700,3700,Ish Smith,70,17.28,18.59,-1.31,Ish Smith,11/20/17,3700,-2.6,-100,-2.6,21700273,11/24/17,202397,DET,203,8,0,OKC
21700273,21700273-202704,202704,?,21.875,7.989250591,9.25,29,26,6000,6000,6000,Reggie Jackson,49,27.45,29.37,-1.92,Reggie Jackson,11/20/17,6000,-3.2,-200,-3.2,21700273,11/24/17,202704,DET,203,8,0,OKC
21700273,21700273-1628379,1628379,?,13.3125,6.428391615,4.25,21.25,16.25,3300,3300,3300,Luke Kennard,160,9.83,10.98,-1.15,Luke Kennard,11/20/17,3300,0,0,0,21700273,11/24/17,1628379,DET,203,8,0,OKC
21700273,21700273-201229,201229,?,14.1875,6.389383284,8.25,23.75,18.25,3500,3500,3500,Anthony Tolliver,201,11.07,14.39,-3.32,Anthony Tolliver,11/20/17,3500,0,0,0,21700273,11/24/17,201229,DET,203,8,0,OKC
21700273,21700273-202340,202340,?,26.8125,8.929191943,15.5,40.5,31.75,6100,6100,6100,Avery Bradley,99,26.58,26.72,-0.14,Avery Bradley,11/20/17,6100,1.7,100,1.7,21700273,11/24/17,202340,DET,203,8,0,OKC
21700273,21700273-202699,202699,?,26.75,6.072478901,20.25,35.75,32.25,6500,6500,6500,Tobias Harris,23,29.63,30.54,-0.91,Tobias Harris,11/20/17,6500,4.8,300,4.8,21700273,11/24/17,202699,DET,203,8,0,OKC
21700273,21700273-203518,203518,?,8.5,3.885067567,2,12.25,15.75,3400,3400,3400,Alex Abrines,129,8.2,8.32,-0.12,Alex Abrines,11/22/17,3400,0,0,0,21700273,11/24/17,203518,OKC,203,-8,1,DET
21700273,21700273-1628390,1628390,?,0,0,0,0,3,3000,3000,3000,Terrance Ferguson,185,1.55,1.14,0.41,Terrance Ferguson,11/22/17,3000,0,0,0,21700273,11/24/17,1628390,OKC,203,-8,1,DET
21700273,21700273-201566,201566,?,55.125,13.58365286,38.75,70,36.5,10600,10600,10600,Russell Westbrook,94,59.85,50.57,9.28,Russell Westbrook,11/22/17,10600,1.9,200,1.9,21700273,11/24/17,201566,OKC,203,-8,1,DET
21700273,21700273-202335,202335,?,6.1875,4.32425933,-0.5,10.25,12.5,3100,3100,3100,Patrick Patterson,164,7.24,7.35,-0.11,Patrick Patterson,11/22/17,3100,0,0,0,21700273,11/24/17,202335,OKC,203,-8,1,DET
21700273,21700273-203460,203460,?,12.4375,2.906753989,8,15.5,26,3300,3300,3300,Andre Roberson,211,17.22,13.09,4.13,Andre Roberson,11/22/17,3300,0,0,0,21700273,11/24/17,203460,OKC,203,-8,1,DET
21700273,21700273-101109,101109,?,13,0.58630197,12,13.5,16.75,3300,3300,3300,Raymond Felton,159,11.25,14.74,-3.49,Raymond Felton,11/22/17,3300,0,0,0,21700273,11/24/17,101109,OKC,203,-8,1,DET
21700273,21700273-203500,203500,?,27.75,5.151860505,20.75,33,32.6667,5200,5200,5200,Steven Adams,8,29.11,29.27,-0.16,Steven Adams,11/22/17,5200,-7.1,-400,-7.1,21700273,11/24/17,203500,OKC,203,-8,1,DET
21700273,21700273-1626177,1626177,?,2.6875,2.079475595,1.25,6.25,5,3400,3400,3400,Dakari Johnson,246,1.43,6.72,-5.29,Dakari Johnson,11/22/17,3400,0,0,0,21700273,11/24/17,1626177,OKC,203,-8,1,DET
21700273,21700273-203924,203924,?,16.6875,10.57912892,8,34.75,20.5,4100,4100,4100,Jerami Grant,28,15.06,18.69,-3.63,Jerami Grant,11/22/17,4100,-4.7,-200,-4.7,21700273,11/24/17,203924,OKC,203,-8,1,DET
21700273,21700273-203962,203962,?,4.1875,2.819435892,1.25,7.25,9,3000,3000,3000,Josh Huestis,236,8.55,6.98,1.57,Josh Huestis,11/22/17,3000,0,0,0,21700273,11/24/17,203962,OKC,203,-8,1,DET
21700273,21700273-2546,2546,?,35.3125,3.242178087,32.25,40.75,33,6900,6900,6900,Carmelo Anthony,55,33.92,34.44,-0.52,Carmelo Anthony,11/22/17,6900,3,200,3,21700273,11/24/17,2546,OKC,203,-8,1,DET
21700273,21700273-202331,202331,?,40.5,12.47246968,19.75,50.25,38.75,8500,8500,8500,Paul George,252,44.06,40.28,3.78,Paul George,11/22/17,8500,0,0,0,21700273,11/24/17,202331,OKC,203,-8,1,DET
21700272,21700272-2617,2617,?,2,0,2,2,3,3000,3000,3000,Udonis Haslem,121,0.4,2,-1.6,Udonis Haslem,11/22/17,3000,0,0,0,21700272,11/24/17,2617,MIA,208,5,0,MIN
21700272,21700272-201949,201949,?,19.5625,9.354769839,10,32.75,26.5,5800,5800,5800,James Johnson,43,25.22,27.27,-2.05,James Johnson,11/22/17,5800,3.6,200,3.6,21700272,11/24/17,201949,MIA,208,5,0,MIN
21700272,21700272-203079,203079,?,25.375,11.3433626,7.5,39,32.25,5600,5600,5600,Dion Waiters,98,28.83,26.67,2.16,Dion Waiters,11/22/17,5600,1.8,100,1.8,21700272,11/24/17,203079,MIA,208,5,0,MIN
21700272,21700272-1626159,1626159,?,20.5625,3.680077275,17.25,26.75,22.25,4100,4100,4100,Justise Winslow,75,18.06,18.26,-0.2,Justise Winslow,11/22/17,4100,-2.4,-100,-2.4,21700272,11/24/17,1626159,MIA,208,5,0,MIN
21700272,21700272-203482,203482,?,13.1875,4.218171257,8,19.5,14.5,4000,4000,4000,Kelly Olynyk,77,14.76,19.56,-4.8,Kelly Olynyk,11/22/17,4000,-2.4,-100,-2.4,21700272,11/24/17,203482,MIA,208,5,0,MIN
21700272,21700272-1626196,1626196,?,13.1875,6.52010113,6.25,23.75,32.5,4500,4500,4500,Josh Richardson,200,21.09,19.78,1.31,Josh Richardson,11/22/17,4500,0,0,0,21700272,11/24/17,1626196,MIA,208,5,0,MIN
21700272,21700272-1628389,1628389,?,2.625,0.875,1.75,3.5,6,3600,3600,3600,Bam Adebayo,205,1.09,9.5,-8.41,Bam Adebayo,11/22/17,3600,0,0,0,21700272,11/24/17,1628389,MIA,208,5,0,MIN
21700272,21700272-204020,204020,?,21.875,4.651948516,16,28.25,26.25,4000,4000,4000,Tyler Johnson,74,21.14,20.03,1.11,Tyler Johnson,11/22/17,4000,-2.4,-100,-2.4,21700272,11/24/17,204020,MIA,208,5,0,MIN
21700272,21700272-201609,201609,?,29.4375,7.406447782,21.25,40.75,32.5,6700,6700,6700,Goran Dragic,29,30.98,32.75,-1.77,Goran Dragic,11/22/17,6700,4.7,300,4.7,21700272,11/24/17,201609,MIA,208,5,0,MIN
21700272,21700272-201961,201961,?,14.5,9.901073174,3,29,19,3400,3400,3400,Wayne Ellington,52,12.01,12.75,-0.74,Wayne Ellington,11/22/17,3400,3,100,3,21700272,11/24/17,201961,MIA,208,5,0,MIN
21700272,21700272-202355,202355,?,35.25,10.16888637,23.5,48,28.75,8500,8500,8500,Hassan Whiteside,112,38.88,38.25,0.63,Hassan Whiteside,11/22/17,8500,-1.2,-100,-1.2,21700272,11/24/17,202355,MIA,208,5,0,MIN
21700272,21700272-1626175,1626175,?,5.25,0,5.25,5.25,3,3000,3000,3000,Jordan Mickey,198,0.41,11.08,-10.67,Jordan Mickey,11/22/17,3000,0,0,0,21700272,11/24/17,1626175,MIA,208,5,0,MIN
21700272,21700272-201166,201166,?,2.5,2.5,0,5,2,3000,3000,3000,Aaron Brooks,222,0.82,3.25,-2.43,Aaron Brooks,11/22/17,3000,0,0,0,21700272,11/24/17,201166,MIN,208,-5,1,MIA
21700272,21700272-201959,201959,?,26.2,9.964185867,14.5,44.25,32.8,5100,5100,5100,Taj Gibson,40,22.84,25.35,-2.51,Taj Gibson,11/22/17,5100,-3.8,-200,-3.8,21700272,11/24/17,201959,MIN,208,-5,1,MIA
21700272,21700272-202332,202332,?,0,0,0,0,1,3000,3000,3000,Cole Aldrich,151,0.77,1.15,-0.38,Cole Aldrich,11/22/17,3000,0,0,0,21700272,11/24/17,202332,MIN,208,-5,1,MIA
21700272,21700272-202357,202357,?,12.5,6.842879511,2,23.5,14.6,3400,3400,3400,Nemanja Bjelica,148,11.07,13.51,-2.44,Nemanja Bjelica,11/22/17,3400,0,0,0,21700272,11/24/17,202357,MIN,208,-5,1,MIA
21700272,21700272-1626145,1626145,?,9.2,2.930017065,5.25,14,12.2,3000,3000,3000,Tyus Jones,250,7.95,8.67,-0.72,Tyus Jones,11/22/17,3000,0,0,0,21700272,11/24/17,1626145,MIN,208,-5,1,MIA
21700272,21700272-2037,2037,?,13.8,6.227760432,5,24.5,13.6,3600,3600,3600,Jamal Crawford,226,11.26,15.44,-4.18,Jamal Crawford,11/22/17,3600,0,0,0,21700272,11/24/17,2037,MIN,208,-5,1,MIA
21700272,21700272-201952,201952,?,34.5,9.350133689,21,49.75,35.4,6400,6400,6400,Jeff Teague,53,32.72,33.17,-0.45,Jeff Teague,11/22/17,6400,-3,-200,-3,21700272,11/24/17,201952,MIN,208,-5,1,MIA
21700272,21700272-202710,202710,?,37.55,10.76963323,24.75,54.5,36.2,6800,6800,6800,Jimmy Butler,6,37.54,34.14,3.4,Jimmy Butler,11/22/17,6800,-8.1,-600,-8.1,21700272,11/24/17,202710,MIN,208,-5,1,MIA
21700272,21700272-1626157,1626157,?,40.25,8.510287892,32.25,56.5,36.2,8700,8700,8700,Karl-Anthony Towns,16,43.97,41.9,2.07,Karl-Anthony Towns,11/22/17,8700,-5.4,-500,-5.4,21700272,11/24/17,1626157,MIN,208,-5,1,MIA
21700272,21700272-203476,203476,?,7.375,2.019436803,4.75,10,12.5,3700,3700,3700,Gorgui Dieng,239,11.46,13.65,-2.19,Gorgui Dieng,11/22/17,3700,0,0,0,21700272,11/24/17,203476,MIN,208,-5,1,MIA
21700272,21700272-203498,203498,?,7.5,4.083503398,3.5,13.5,9,3500,3500,3500,Shabazz Muhammad,245,6.55,7.56,-1.01,Shabazz Muhammad,11/22/17,3500,0,0,0,21700272,11/24/17,203498,MIN,208,-5,1,MIA
21700272,21700272-1627875,1627875,?,3.375,3.375,0,6.75,1.5,3000,3000,3000,Marcus Georges-Hunt,232,0.65,1.03,-0.38,Marcus Georges-Hunt,11/22/17,3000,0,0,0,21700272,11/24/17,1627875,MIN,208,-5,1,MIA
21700272,21700272-203952,203952,?,27.6,8.664006002,15.75,36.5,38.2,6300,6300,6300,Andrew Wiggins,50,32.23,29.9,2.33,Andrew Wiggins,11/22/17,6300,-3.1,-200,-3.1,21700272,11/24/17,203952,MIN,208,-5,1,MIA
21700271,21700271-203485,203485,?,6.75,1.5,5.25,8.25,13,3000,3000,3000,Lorenzo Brown,174,1.45,6.75,-5.3,Lorenzo Brown,11/22/17,3000,0,0,0,21700271,11/24/17,203485,TOR,217,-2,0,IND
21700271,21700271-1627751,1627751,?,9.7,4.05401036,2.25,14.5,12.6,3300,3300,3300,Jakob Poeltl,144,10.39,14.81,-4.42,Jakob Poeltl,11/22/17,3300,0,0,0,21700271,11/24/17,1627751,TOR,217,-2,0,IND
21700271,21700271-203512,203512,?,6.75,7.810249676,0,20,9.4,3400,3400,3400,Lucas Nogueira,138,6.95,12.86,-5.91,Lucas Nogueira,11/22/17,3400,0,0,0,21700271,11/24/17,203512,TOR,217,-2,0,IND
21700271,21700271-1628384,1628384,?,11.9,6.242195127,6.25,23.5,22,3700,3700,3700,OG Anunoby,193,14.41,12.68,1.73,OG Anunoby,11/22/17,3700,0,0,0,21700271,11/24/17,1628384,TOR,217,-2,0,IND
21700271,21700271-200768,200768,?,44.95,8.569422384,28.75,52,34.8,8100,8100,8100,Kyle Lowry,111,38.04,35.49,2.55,Kyle Lowry,11/22/17,8100,-1.2,-100,-1.2,21700271,11/24/17,200768,TOR,217,-2,0,IND
21700271,21700271-201586,201586,?,19.5625,2.489823036,15.25,21,27.5,5000,5000,5000,Serge Ibaka,90,28.28,23.02,5.26,Serge Ibaka,11/22/17,5000,-2,-100,-2,21700271,11/24/17,201586,TOR,217,-2,0,IND
21700271,21700271-202685,202685,?,21.05,5.795256681,13.25,31,20,4800,4800,4800,Jonas Valanciunas,89,20.34,21.65,-1.31,Jonas Valanciunas,11/22/17,4800,-2,-100,-2,21700271,11/24/17,202685,TOR,217,-2,0,IND
21700271,21700271-1626181,1626181,?,21.5,0,21.5,21.5,23,3700,3700,3700,Norman Powell,229,17.16,16.92,0.24,Norman Powell,11/22/17,3700,0,0,0,21700271,11/24/17,1626181,TOR,217,-2,0,IND
21700271,21700271-1627783,1627783,?,21.05,7.857162338,9.75,32.5,27.6,3800,3800,3800,Pascal Siakam,237,24.06,18.17,5.89,Pascal Siakam,11/22/17,3800,0,0,0,21700271,11/24/17,1627783,TOR,217,-2,0,IND
21700271,21700271-1627832,1627832,?,17.9,3.679673899,13.25,22.25,19.6,3500,3500,3500,Fred VanVleet,190,15.87,12.01,3.86,Fred VanVleet,11/22/17,3500,0,0,0,21700271,11/24/17,1627832,TOR,217,-2,0,IND
21700271,21700271-201942,201942,?,44.65,8.452218644,32.5,58,33.6,8400,8400,8400,DeMar DeRozan,220,42.22,39.22,3,DeMar DeRozan,11/22/17,8400,0,0,0,21700271,11/24/17,201942,TOR,217,-2,0,IND
21700271,21700271-202362,202362,?,20.5,6.545513731,9.25,25.5,20.75,3600,3600,3600,Lance Stephenson,61,19.99,16.96,3.03,Lance Stephenson,11/20/17,3600,-2.7,-100,-2.7,21700271,11/24/17,202362,IND,217,2,1,TOR
21700271,21700271-1626167,1626167,?,29.125,12.4367148,17.75,49.75,30.75,6700,6700,6700,Myles Turner,106,31.09,31.45,-0.36,Myles Turner,11/20/17,6700,-1.5,-100,-1.5,21700271,11/24/17,1626167,IND,217,2,1,TOR
21700271,21700271-202709,202709,?,20.875,4.445854811,16,26.25,24.75,3600,3600,3600,Cory Joseph,181,19.23,19.64,-0.41,Cory Joseph,11/20/17,3600,0,0,0,21700271,11/24/17,202709,IND,217,2,1,TOR
21700271,21700271-1626202,1626202,?,1,0,1,1,3,3000,3000,3000,Joe Young,143,0.55,3.93,-3.38,Joe Young,11/20/17,3000,0,0,0,21700271,11/24/17,1626202,IND,217,2,1,TOR
21700271,21700271-1627816,1627816,?,1.25,0,1.25,1.25,3,3000,3000,3000,Alex Poythress,243,0.8,1.64,-0.84,Alex Poythress,11/20/17,3000,0,0,0,21700271,11/24/17,1627816,IND,217,2,1,TOR
21700271,21700271-201954,201954,?,34.0625,6.320539435,30,45,34.75,6000,6000,6000,Darren Collison,102,30.13,28.93,1.2,Darren Collison,11/20/17,6000,-1.6,-100,-1.6,21700271,11/24/17,201954,IND,217,2,1,TOR
21700271,21700271-202711,202711,?,30.625,8.473303665,21.75,40.75,33.5,4500,4500,4500,Bojan Bogdanovic,26,26.58,23.43,3.15,Bojan Bogdanovic,11/20/17,4500,4.7,200,4.7,21700271,11/24/17,202711,IND,217,2,1,TOR
21700271,21700271-1627734,1627734,?,23.375,4.641861157,15.5,27.5,21.75,5700,5700,5700,Domantas Sabonis,47,24.32,28.61,-4.29,Domantas Sabonis,11/20/17,5700,-3.4,-200,-3.4,21700271,11/24/17,1627734,IND,217,2,1,TOR
21700271,21700271-203506,203506,?,47.875,12.1353049,34,65.75,35.25,8000,8000,8000,Victor Oladipo,18,37.49,39.92,-2.43,Victor Oladipo,11/20/17,8000,5.3,400,5.3,21700271,11/24/17,203506,IND,217,2,1,TOR
21700271,21700271-2863,2863,?,2,0,2,2,3,3000,3000,3000,Damien Wilkins,141,1.25,3.15,-1.9,Damien Wilkins,11/20/17,3000,0,0,0,21700271,11/24/17,2863,IND,217,2,1,TOR
21700271,21700271-1628388,1628388,?,4.083333333,3.595908168,0,8.75,4,3000,3000,3000,TJ Leaf,234,2.53,7.97,-5.44,TJ Leaf,11/20/17,3000,0,0,0,21700271,11/24/17,1628388,IND,217,2,1,TOR
21700271,21700271-201152,201152,?,27.75,6.282415937,17,32.75,33.5,6000,6000,6000,Thaddeus Young,20,28.36,27.56,0.8,Thaddeus Young,11/20/17,6000,-4.8,-300,-4.8,21700271,11/24/17,201152,IND,217,2,1,TOR
21700270,21700270-2730,2730,?,37.25,16.20570887,15.25,57,29.6,7000,7000,7000,Dwight Howard,31,36.9,35.76,1.14,Dwight Howard,11/22/17,7000,4.5,300,4.5,21700270,11/24/17,2730,CHA,221,5,0,CLE
21700270,21700270-1628407,1628407,?,5,2.669269563,1.5,9,13.6,3400,3400,3400,Dwayne Bacon,115,10.57,12.31,-1.74,Dwayne Bacon,11/22/17,3400,0,0,0,21700270,11/24/17,1628407,CHA,221,5,0,CLE
21700270,21700270-203077,203077,?,22.6,8.750142856,15.5,37.5,31.4,4000,4000,4000,Michael Kidd-Gilchrist,76,23.17,17.2,5.97,Michael Kidd-Gilchrist,11/22/17,4000,-2.4,-100,-2.4,21700270,11/24/17,203077,CHA,221,5,0,CLE
21700270,21700270-203487,203487,?,14.25,1.968501969,12.5,17,15.6667,3200,3200,3200,Michael Carter-Williams,154,13.23,12.58,0.65,Michael Carter-Williams,11/22/17,3200,0,0,0,21700270,11/24/17,203487,CHA,221,5,0,CLE
21700270,21700270-101107,101107,?,19.2,6.063002556,8.5,26,27.6,3800,3800,3800,Marvin Williams,183,22.25,18.6,3.65,Marvin Williams,11/22/17,3800,0,0,0,21700270,11/24/17,101107,CHA,221,5,0,CLE
21700270,21700270-1628370,1628370,?,3.666666667,3.299831646,0,8,6.6667,3600,3600,3600,Malik Monk,155,2,14.28,-12.28,Malik Monk,11/22/17,3600,0,0,0,21700270,11/24/17,1628370,CHA,221,5,0,CLE
21700270,21700270-202689,202689,?,41.5,12.18297993,27,64,37.4,8200,8200,8200,Kemba Walker,72,41.08,38.99,2.09,Kemba Walker,11/22/17,8200,2.5,200,2.5,21700270,11/24/17,202689,CHA,221,5,0,CLE
21700270,21700270-203087,203087,?,31.2,8.133879763,24.75,47.25,25.2,5100,5100,5100,Jeremy Lamb,92,34.37,30.25,4.12,Jeremy Lamb,11/22/17,5100,-1.9,-100,-1.9,21700270,11/24/17,203087,CHA,221,5,0,CLE
21700270,21700270-203469,203469,?,14.5,3.12649964,8.75,17.5,19,3600,3600,3600,Cody Zeller,147,15.27,18.02,-2.75,Cody Zeller,11/22/17,3600,0,0,0,21700270,11/24/17,203469,CHA,221,5,0,CLE
21700270,21700270-1626163,1626163,?,20.15,7.714596555,10.5,33.75,21.6,3900,3900,3900,Frank Kaminsky,73,20.51,20.31,0.2,Frank Kaminsky,11/22/17,3900,-2.5,-100,-2.5,21700270,11/24/17,1626163,CHA,221,5,0,CLE
21700270,21700270-1627790,1627790,?,0,0,0,0,0,3300,3300,3300,Ante Zizic,191,1.26,3.88,-2.62,Ante Zizic,11/22/17,3300,0,0,0,21700270,11/24/17,1627790,CLE,221,-5,1,CHA
21700270,21700270-201567,201567,?,40.5625,2.647965021,38,45,31.5,7700,7700,7700,Kevin Love,71,38.39,37.4,0.99,Kevin Love,11/22/17,7700,-2.5,-200,-2.5,21700270,11/24/17,201567,CLE,221,-5,1,CHA
21700270,21700270-203109,203109,?,19.5,4.479118217,13.25,25.25,26.75,3800,3800,3800,Jae Crowder,140,21.54,16.79,4.75,Jae Crowder,11/22/17,3800,0,0,0,21700270,11/24/17,203109,CLE,221,-5,1,CHA
21700270,21700270-2544,2544,?,53.375,10.12036931,38,66,35.75,11200,11200,11200,LeBron James,97,57.87,54.81,3.06,LeBron James,11/22/17,11200,-1.8,-200,-1.8,21700270,11/24/17,2544,CLE,221,-5,1,CHA
21700270,21700270-101181,101181,?,12.91666667,8.85610273,3,24.5,19.3333,3000,3000,3000,Jose Calderon,135,13.35,6.14,7.21,Jose Calderon,11/22/17,3000,0,0,0,21700270,11/24/17,101181,CLE,221,-5,1,CHA
21700270,21700270-2594,2594,?,17.25,3.791437722,13.25,22.75,24,3600,3600,3600,Kyle Korver,233,18.09,17.39,0.7,Kyle Korver,11/22/17,3600,0,0,0,21700270,11/24/17,2594,CLE,221,-5,1,CHA
21700270,21700270-1626224,1626224,?,6.75,6.214901447,0,15,7,3000,3000,3000,Cedi Osman,168,5.74,3.55,2.19,Cedi Osman,11/22/17,3000,0,0,0,21700270,11/24/17,1626224,CLE,221,-5,1,CHA
21700270,21700270-2747,2747,?,15.8125,5.987943616,9,25.25,31.75,4000,4000,4000,JR Smith,21,18.83,16.5,2.33,J.R. Smith,11/22/17,4000,-4.8,-200,-4.8,21700270,11/24/17,2747,CLE,221,-5,1,CHA
21700270,21700270-201145,201145,?,15.375,4.881406047,9.5,22.75,19,3700,3700,3700,Jeff Green,69,16.14,17.25,-1.11,Jeff Green,11/22/17,3700,-2.6,-100,-2.6,21700270,11/24/17,201145,CLE,221,-5,1,CHA
21700270,21700270-204066,204066,?,1,1,0,2,5,3000,3000,3000,John Holland,178,1.6,1,0.6,John Holland,11/22/17,3000,0,0,0,21700270,11/24/17,204066,CLE,221,-5,1,CHA
21700270,21700270-101112,101112,?,14.75,6.033759193,6.25,23,17.25,3400,3400,3400,Channing Frye,240,14.17,8.84,5.33,Channing Frye,11/22/17,3400,0,0,0,21700270,11/24/17,101112,CLE,221,-5,1,CHA
21700270,21700270-2548,2548,?,33.125,11.88026199,22,52.75,26,5200,5200,5200,Dwyane Wade,42,27.4,23.79,3.61,Dwyane Wade,11/22/17,5200,-3.7,-200,-3.7,21700270,11/24/17,2548,CLE,221,-5,1,CHA
21700274,21700274-1628415,1628415,?,17.875,4.339138739,11.5,23.25,29.75,4100,4100,4100,Dillon Brooks,27,20.04,19.01,1.03,Dillon Brooks,11/22/17,4100,-4.7,-200,-4.7,21700274,11/24/17,1628415,MEM,211,7,0,DEN
21700274,21700274-201188,201188,?,48.125,14.68045044,34.5,70.75,36.25,7900,7900,7900,Marc Gasol,24,44.31,41.31,3,Marc Gasol,11/22/17,7900,-4.8,-400,-4.8,21700274,11/24/17,201188,MEM,211,7,0,DEN
21700274,21700274-201936,201936,?,34.6875,10.21086278,19.75,44.5,29.75,6900,6900,6900,Tyreke Evans,37,33.01,32.54,0.47,Tyreke Evans,11/22/17,6900,-4.2,-300,-4.2,21700274,11/24/17,201936,MEM,211,7,0,DEN
21700274,21700274-202718,202718,?,18.75,2.468552207,15.5,21.5,24.5,4000,4000,4000,Chandler Parsons,66,18.78,16.68,2.1,Chandler Parsons,11/22/17,4000,2.6,100,2.6,21700274,11/24/17,202718,MEM,211,7,0,DEN
21700274,21700274-203210,203210,?,20.3125,5.245161461,11.25,23.75,25.5,4300,4300,4300,JaMychal Green,32,23.81,17.1,6.71,JaMychal Green,11/22/17,4300,-4.4,-200,-4.4,21700274,11/24/17,203210,MEM,211,7,0,DEN
21700274,21700274-201596,201596,?,30.0625,6.591602138,21.5,40,31.5,5300,5300,5300,Mario Chalmers,12,31.39,21.22,10.17,Mario Chalmers,11/22/17,5300,6,300,6,21700274,11/24/17,201596,MEM,211,7,0,DEN
21700274,21700274-203463,203463,?,11.6875,1.254678744,9.75,13.25,16.75,3500,3500,3500,Ben McLemore,176,10.74,9.46,1.28,Ben McLemore,11/22/17,3500,0,0,0,21700274,11/24/17,203463,MEM,211,7,0,DEN
21700274,21700274-1626150,1626150,?,5.375,3.375,2,8.75,7.5,3400,3400,3400,Andrew Harrison,130,2.52,8.88,-6.36,Andrew Harrison,11/22/17,3400,0,0,0,21700274,11/24/17,1626150,MEM,211,7,0,DEN
21700274,21700274-203516,203516,?,5.625,3.475359694,1.25,10.5,15.25,3600,3600,3600,James Ennis III,125,8.97,15.56,-6.59,James Ennis III,11/22/17,3600,0,0,0,21700274,11/24/17,203516,MEM,211,7,0,DEN
21700274,21700274-1626185,1626185,?,6.333333333,3.842380628,3.25,11.75,9.3333,3400,3400,3400,Jarell Martin,241,9.23,12.64,-3.41,Jarell Martin,11/22/17,3400,0,0,0,21700274,11/24/17,1626185,MEM,211,7,0,DEN
21700274,21700274-1627738,1627738,?,14.41666667,8.806563209,6.75,26.75,12.6667,3000,3000,3000,Deyonta Davis,221,11.7,10.65,1.05,Deyonta Davis,11/22/17,3000,0,0,0,21700274,11/24/17,1627738,MEM,211,7,0,DEN
21700274,21700274-1626144,1626144,?,17.9375,13.40752471,4.5,33.5,23.25,4200,4200,4200,Emmanuel Mudiay,78,22.14,20.56,1.58,Emmanuel Mudiay,11/22/17,4200,-2.3,-100,-2.3,21700274,11/24/17,1626144,DEN,211,-7,1,MEM
21700274,21700274-203486,203486,?,21.0625,3.890593624,16,26.5,22.75,3600,3600,3600,Mason Plumlee,172,19.17,16.9,2.27,Mason Plumlee,11/22/17,3600,0,0,0,21700274,11/24/17,203486,DEN,211,-7,1,MEM
21700274,21700274-1626168,1626168,?,14.8125,7.502864036,2,21,15.75,3200,3200,3200,Trey Lyles,165,13.78,8.04,5.74,Trey Lyles,11/22/17,3200,0,0,0,21700274,11/24/17,1626168,DEN,211,-7,1,MEM
21700274,21700274-203914,203914,?,29.5,4.697073557,23.25,34.75,33.25,5100,5100,5100,Gary Harris,95,26.33,25.78,0.55,Gary Harris,11/22/17,5100,-1.9,-100,-1.9,21700274,11/24/17,203914,DEN,211,-7,1,MEM
21700274,21700274-1627736,1627736,?,9.083333333,4.59317126,3.5,14.75,5.3333,3000,3000,3000,Malik Beasley,214,2.41,6,-3.59,Malik Beasley,11/22/17,3000,0,0,0,21700274,11/24/17,1627736,DEN,211,-7,1,MEM
21700274,21700274-2210,2210,?,1.5,0,1.5,1.5,5,3000,3000,3000,Richard Jefferson,228,1.26,2.6,-1.34,Richard Jefferson,11/22/17,3000,0,0,0,21700274,11/24/17,2210,DEN,211,-7,1,MEM
21700274,21700274-1627750,1627750,?,25.9375,8.732795586,19.75,41,26.5,5200,5200,5200,Jamal Murray,91,24.88,22.43,2.45,Jamal Murray,11/22/17,5200,-1.9,-100,-1.9,21700274,11/24/17,1627750,DEN,211,-7,1,MEM
21700274,21700274-201163,201163,?,25.16666667,10.54026671,11.25,36.75,30,4900,4900,4900,Wilson Chandler,87,24.31,20.16,4.15,Wilson Chandler,11/22/17,4900,2.1,100,2.1,21700274,11/24/17,201163,DEN,211,-7,1,MEM
21700274,21700274-202702,202702,?,11.5,5.412177627,5.75,18.75,11.6667,3800,3800,3800,Kenneth Faried,2,4.97,9.53,-4.56,Kenneth Faried,11/22/17,3800,11.8,400,11.8,21700274,11/24/17,202702,DEN,211,-7,1,MEM
21700274,21700274-203115,203115,?,27.75,13.24410246,11.25,41.5,31.25,6000,6000,6000,Will Barton,4,33.02,29.21,3.81,Will Barton,11/22/17,6000,11.1,600,11.1,21700274,11/24/17,203115,DEN,211,-7,1,MEM
21700274,21700274-203999,203999,?,33.1875,10.42139476,16,43.5,25,8600,8600,8600,Nikola Jokic,45,38.99,40.74,-1.75,Nikola Jokic,11/22/17,8600,-3.4,-300,-3.4,21700274,11/24/17,203999,DEN,211,-7,1,MEM
21700275,21700275-1627767,1627767,?,9,3.889087297,3.5,11.75,10.6667,3300,3300,3300,Cheick Diallo,122,3.08,6.38,-3.3,Cheick Diallo,11/22/17,3300,0,0,0,21700275,11/24/17,1627767,NOP,228,-7,0,PHX
21700275,21700275-2754,2754,?,11.75,4.75,7,16.5,15.5,3000,3000,3000,Tony Allen,152,8.08,9.79,-1.71,Tony Allen,11/22/17,3000,0,0,0,21700275,11/24/17,2754,NOP,228,-7,0,PHX
21700275,21700275-201950,201950,?,26.8125,6.631777194,16.25,34.5,31.75,6500,6500,6500,Jrue Holiday,10,31.16,30.96,0.2,Jrue Holiday,11/22/17,6500,6.6,400,6.6,21700275,11/24/17,201950,NOP,228,-7,0,PHX
21700275,21700275-202326,202326,?,42.5625,10.83884075,26,52.25,28.5,11400,11400,11400,DeMarcus Cousins,5,55.95,57.21,-1.26,DeMarcus Cousins,11/22/17,11400,10.7,1100,10.7,21700275,11/24/17,202326,NOP,228,-7,0,PHX
21700275,21700275-202734,202734,?,19.1875,3.954329115,16.25,26,29,3700,3700,3700,E'Twaun Moore,65,20.58,21.1,-0.52,E'Twaun Moore,11/22/17,3700,-2.6,-100,-2.6,21700275,11/24/17,202734,NOP,228,-7,0,PHX
21700275,21700275-203121,203121,?,18.5,6.903350636,8,26.25,24.75,3300,3300,3300,Darius Miller,194,10.76,10.93,-0.17,Darius Miller,11/22/17,3300,0,0,0,21700275,11/24/17,203121,NOP,228,-7,0,PHX
21700275,21700275-203546,203546,?,5.625,2.875,2.75,8.5,10,3400,3400,3400,Ian Clark,248,3.75,10.95,-7.2,Ian Clark,11/22/17,3400,0,0,0,21700275,11/24/17,203546,NOP,228,-7,0,PHX
21700275,21700275-1627883,1627883,?,3.375,1.375,2,4.75,3.5,3000,3000,3000,Jalen Jones,131,0.64,2,-1.36,Jalen Jones,11/22/17,3000,0,0,0,21700275,11/24/17,1627883,NOP,228,-7,0,PHX
21700275,21700275-2749,2749,?,19.1875,7.270176666,8,27,23,3600,3600,3600,Jameer Nelson,64,14.54,18.34,-3.8,Jameer Nelson,11/22/17,3600,-2.7,-100,-2.7,21700275,11/24/17,2749,NOP,228,-7,0,PHX
21700275,21700275-1628429,1628429,?,1.5,0,1.5,1.5,2,3000,3000,3000,Charles Cooke,117,0.52,1.83,-1.31,Charles Cooke,11/22/17,3000,0,0,0,21700275,11/24/17,1628429,NOP,228,-7,0,PHX
21700275,21700275-200765,200765,?,21.25,2.311655251,19.75,25.25,23.25,4900,4900,4900,Rajon Rondo,86,27.01,17.9,9.11,Rajon Rondo,11/22/17,4900,2.1,100,2.1,21700275,11/24/17,200765,NOP,228,-7,0,PHX
21700275,21700275-201967,201967,?,11.3125,5.360081039,4,18,23.25,3500,3500,3500,Dante Cunningham,242,9.59,12.64,-3.05,Dante Cunningham,11/22/17,3500,0,0,0,21700275,11/24/17,201967,NOP,228,-7,0,PHX
21700275,21700275-203076,203076,?,43.875,13.23525123,28.25,61.25,33.75,10700,10700,10700,Anthony Davis,3,52.81,51.28,1.53,Anthony Davis,11/22/17,10700,11.5,1100,11.5,21700275,11/24/17,203076,NOP,228,-7,0,PHX
21700275,21700275-1626164,1626164,?,37,5.341465155,29.25,43.75,33.75,7800,7800,7800,Devin Booker,109,38.83,36.92,1.91,Devin Booker,11/22/17,7800,1.3,100,1.3,21700275,11/24/17,1626164,PHX,228,7,1,NOP
21700275,21700275-203458,203458,?,32.58333333,10.54816993,25,47.5,25,4500,4500,4500,Alex Len,81,13.49,24.06,-10.57,Alex Len,11/22/17,4500,-2.2,-100,-2.2,21700275,11/24/17,203458,PHX,228,7,1,NOP
21700275,21700275-1627737,1627737,?,12,6.578848683,3.5,21.5,16.75,3800,3800,3800,Marquese Chriss,68,14.89,17.68,-2.79,Marquese Chriss,11/22/17,3800,-2.6,-100,-2.6,21700275,11/24/17,1627737,PHX,228,7,1,NOP
21700275,21700275-203584,203584,?,18.9375,9.590644856,6.25,31.75,18,3300,3300,3300,Troy Daniels,206,7.24,9.34,-2.1,Troy Daniels,11/22/17,3300,0,0,0,21700275,11/24/17,203584,PHX,228,7,1,NOP
21700275,21700275-2199,2199,?,26,0,26,26,21,4400,4400,4400,Tyson Chandler,80,20.54,21.45,-0.91,Tyson Chandler,11/22/17,4400,-2.2,-100,-2.2,21700275,11/24/17,2199,PHX,228,7,1,NOP
21700275,21700275-1628367,1628367,?,19.125,7.530147741,8.5,29.25,21.75,3600,3600,3600,Josh Jackson,149,12.8,17.64,-4.84,Josh Jackson,11/22/17,3600,0,0,0,21700275,11/24/17,1628367,PHX,228,7,1,NOP
21700275,21700275-1628455,1628455,?,18.4375,7.70830518,6.75,26.75,21.75,4200,4200,4200,Mike James,79,15.91,22.24,-6.33,Mike James,11/22/17,4200,-2.3,-100,-2.3,21700275,11/24/17,1628455,PHX,228,7,1,NOP
21700275,21700275-1627733,1627733,?,16.125,8.603233404,7.5,26.5,25.5,3400,3400,3400,Dragan Bender,175,13.17,14.49,-1.32,Dragan Bender,11/22/17,3400,0,0,0,21700275,11/24/17,1627733,PHX,228,7,1,NOP
21700275,21700275-1627755,1627755,?,22.6875,6.425960531,14,30.75,25.75,4100,4100,4100,Tyler Ulis,25,26.51,16.78,9.73,Tyler Ulis,11/22/17,4100,-4.7,-200,-4.7,21700275,11/24/17,1627755,PHX,228,7,1,NOP
21700275,21700275-203933,203933,?,35,7.814249804,23.75,43.25,35.5,6600,6600,6600,TJ Warren,210,34.06,31.39,2.67,T.J. Warren,11/22/17,6600,0,0,0,21700275,11/24/17,203933,PHX,228,7,1,NOP
21700275,21700275-202328,202328,?,30.1875,14.06944273,9.75,43.75,23.75,4700,4700,4700,Greg Monroe,82,21.38,21.17,0.21,Greg Monroe,11/22/17,4700,2.2,100,2.2,21700275,11/24/17,202328,PHX,228,7,1,NOP
21700276,21700276-1627835,1627835,?,4.583333333,3.501983565,0,8.5,9,3800,3800,3800,Paul Zipser,158,5.48,10.21,-4.73,Paul Zipser,11/22/17,3800,0,0,0,21700276,11/24/17,1627835,CHI,211,15,0,GSW
21700276,21700276-201577,201577,?,19,6.97316284,10,29.5,27.8,4700,4700,4700,Robin Lopez,85,26.66,24.63,2.04,Robin Lopez,11/22/17,4700,-2.1,-100,-2.1,21700276,11/24/17,201577,CHI,211,15,0,GSW
21700276,21700276-1626171,1626171,?,21.5,4.716990566,14.25,27.5,20.4,5200,5200,5200,Bobby Portis,15,22.35,27.31,-4.96,Bobby Portis,11/22/17,5200,-5.5,-300,-5.5,21700276,11/24/17,1626171,CHI,211,15,0,GSW
21700276,21700276-202347,202347,?,3.3125,2.280179543,1.25,6.75,12.75,3000,3000,3000,Quincy Pondexter,133,4.66,7.02,-2.36,Quincy Pondexter,11/22/17,3000,0,0,0,21700276,11/24/17,202347,CHI,211,15,0,GSW
21700276,21700276-1626245,1626245,?,9.15,5.510444628,2.5,16.25,14.8,3000,3000,3000,Cristiano Felicio,199,8.91,9.56,-0.65,Cristiano Felicio,11/22/17,3000,0,0,0,21700276,11/24/17,1626245,CHI,211,15,0,GSW
21700276,21700276-1627756,1627756,?,27.05,10.18135551,11.75,40.25,31.2,5400,5400,5400,Denzel Valentine,1,26.79,23.17,3.62,Denzel Valentine,11/22/17,5400,12.5,600,12.5,21700276,11/24/17,1627756,CHI,211,15,0,GSW
21700276,21700276-1628374,1628374,?,32.25,11.6458147,11.25,47.25,30.4,6400,6400,6400,Lauri Markkanen,54,31.45,30.52,0.93,Lauri Markkanen,11/22/17,6400,-3,-200,-3,21700276,11/24/17,1628374,CHI,211,15,0,GSW
21700276,21700276-1628469,1628469,?,13.45,4.664761516,7.75,19,19.8,3000,3000,3000,Antonio Blakeney,186,9.67,11.54,-1.87,Antonio Blakeney,11/22/17,3000,0,0,0,21700276,11/24/17,1628469,CHI,211,15,0,GSW
21700276,21700276-1626170,1626170,?,14.5,5.308012811,8.5,23,22,4400,4400,4400,Jerian Grant,36,11.54,21.2,-9.66,Jerian Grant,11/22/17,4400,-4.3,-200,-4.3,21700276,11/24/17,1626170,CHI,211,15,0,GSW
21700276,21700276-1627739,1627739,?,30.95,9.528116288,16.5,45.25,28.4,5500,5500,5500,Kris Dunn,93,30.45,27.48,2.97,Kris Dunn,11/22/17,5500,1.9,100,1.9,21700276,11/24/17,1627739,CHI,211,15,0,GSW
21700276,21700276-203200,203200,?,27.3125,8.506201782,16,39.75,36,5600,5600,5600,Justin Holiday,46,28.52,27.32,1.2,Justin Holiday,11/22/17,5600,-3.4,-200,-3.4,21700276,11/24/17,203200,CHI,211,15,0,GSW
21700276,21700276-1627770,1627770,?,1.375,1.375,0,2.75,3,3000,3000,3000,Kay Felder,161,2.47,7.91,-5.44,Kay Felder,11/22/17,3000,0,0,0,21700276,11/24/17,1627770,CHI,211,15,0,GSW
21700276,21700276-2738,2738,?,16.375,6.29608013,8,25.75,27.75,4000,4000,4000,Andre Iguodala,216,17.92,16.47,1.45,Andre Iguodala,11/22/17,4000,0,0,0,21700276,11/24/17,2738,GSW,211,-15,1,CHI
21700276,21700276-1628395,1628395,?,1.25,0,1.25,1.25,3,3000,3000,3000,Jordan Bell,9568,12.98,8.79,4.19,Jordan Bell,11/22/17,3000,0,0,0,21700276,11/24/17,1628395,GSW,211,-15,1,CHI
21700276,21700276-201142,201142,?,38.16666667,3.787772726,33.75,43,33.6667,9900,9900,9900,Kevin Durant,114,45.34,45.72,-0.38,Kevin Durant,11/22/17,9900,-1,-100,-1,21700276,11/24/17,201142,GSW,211,-15,1,CHI
21700276,21700276-201939,201939,?,47.9375,14.34112857,31,69.25,32.5,9600,9600,9600,Stephen Curry,84,45.84,46.12,-0.28,Stephen Curry,11/22/17,9600,2.1,200,2.1,21700276,11/24/17,201939,GSW,211,-15,1,CHI
21700276,21700276-203110,203110,?,32.625,3.281101187,27,35,35,7500,7500,7500,Draymond Green,110,36.47,34.21,2.26,Draymond Green,11/22/17,7500,-1.3,-100,-1.3,21700276,11/24/17,203110,GSW,211,-15,1,CHI
21700276,21700276-2561,2561,?,14.1875,6.438106768,5.75,23.75,11.5,3500,3500,3500,David West,146,14.75,15.68,-0.93,David West,11/22/17,3500,0,0,0,21700276,11/24/17,2561,GSW,211,-15,1,CHI
21700276,21700276-1627775,1627775,?,1.833333333,1.783411213,0,4.25,6,3200,3200,3200,Patrick McCaw,244,4.75,6.52,-1.77,Patrick McCaw,11/22/17,3200,0,0,0,21700276,11/24/17,1627775,GSW,211,-15,1,CHI
21700276,21700276-2733,2733,?,9.8125,1.831793861,8,12,15.25,3600,3600,3600,Shaun Livingston,179,12.96,12.23,0.73,Shaun Livingston,11/22/17,3600,0,0,0,21700276,11/24/17,2733,GSW,211,-15,1,CHI
21700276,21700276-201156,201156,?,9.625,2.401171589,6,12.25,12,3300,3300,3300,Nick Young,195,9.84,11.06,-1.22,Nick Young,11/22/17,3300,0,0,0,21700276,11/24/17,201156,GSW,211,-15,1,CHI
21700276,21700276-201580,201580,?,5.25,4.330127019,2.75,12.75,6,3000,3000,3000,JaVale McGee,225,7.61,9.3,-1.69,JaVale McGee,11/22/17,3000,0,0,0,21700276,11/24/17,201580,GSW,211,-15,1,CHI
21700276,21700276-201956,201956,?,15.6875,8.695140525,3.25,27.5,12.5,3600,3600,3600,Omri Casspi,192,10.76,12.75,-1.99,Omri Casspi,11/22/17,3600,0,0,0,21700276,11/24/17,201956,GSW,211,-15,1,CHI
21700276,21700276-1626172,1626172,?,9.875,6.180867658,-0.5,15.25,9.75,3000,3000,3000,Kevon Looney,132,9.85,10.3,-0.45,Kevon Looney,11/22/17,3000,0,0,0,21700276,11/24/17,1626172,GSW,211,-15,1,CHI
21700276,21700276-202691,202691,?,29.1875,9.167495228,20,44,32.75,7100,7100,7100,Klay Thompson,108,29.12,32.46,-3.34,Klay Thompson,11/22/17,7100,-1.4,-100,-1.4,21700276,11/24/17,202691,GSW,211,-15,1,CHI
21700276,21700276-2585,2585,?,13.6875,2.677306249,9.75,17,15,3100,3100,3100,Zaza Pachulia,128,13.3,12.76,0.54,Zaza Pachulia,11/22/17,3100,0,0,0,21700276,11/24/17,2585,GSW,211,-15,1,CHI