id,SEASON_ID,Player_ID,Game_ID,GAME_DATE,MATCHUP,WL,MIN,FGM,FGA,FG_PCT,FG3M,FG3A,FG3_PCT,FTM,FTA,FT_PCT,OREB,DREB,REB,AST,STL,BLK,TOV,PF,PTS,PLUS_MINUS,VIDEO_AVAILABLE,DKFPS
1,22016,201939,0021601229,"APR 12, 2017","GSW vs. LAL",W,28,6,17,0.353,5,14,0.357,3,4,0.75,0,5,5,8,2,0,6,1,20,27,1,41.75
2,22016,201939,0021601211,"APR 10, 2017","GSW vs. UTA",L,30,9,16,0.563,6,8,0.75,4,5,0.8,1,3,4,4,1,0,1,1,28,9,1,43.5
3,22016,201939,0021601171,"APR 05, 2017","GSW @ PHX",W,35,15,25,0.6,8,12,0.667,4,7,0.571,0,4,4,11,2,2,3,0,42,25,1,75.5
4,22016,201939,0021601162,"APR 04, 2017","GSW vs. MIN",W,30,7,18,0.389,3,8,0.375,2,4,0.5,0,3,3,9,3,2,3,2,19,13,1,46.25
5,22016,201939,0021601152,"APR 02, 2017","GSW vs. WAS",W,36,15,22,0.682,9,14,0.643,3,3,1,0,1,1,8,1,0,1,3,42,26,1,61.25
6,22016,201939,0021601136,"MAR 31, 2017","GSW vs. HOU",W,35,8,18,0.444,4,9,0.444,4,5,0.8,3,4,7,5,2,0,2,4,24,14,1,45.25
7,22016,201939,0021601118,"MAR 29, 2017","GSW @ SAS",W,35,9,20,0.45,4,8,0.5,7,7,1,1,3,4,11,1,0,2,5,29,6,1,55
8,22016,201939,0021601108,"MAR 28, 2017","GSW @ HOU",W,33,11,22,0.5,3,11,0.273,7,10,0.7,2,8,10,7,2,0,6,5,32,9,1,59
9,22016,201939,0021601094,"MAR 26, 2017","GSW vs. MEM",W,36,8,18,0.444,5,12,0.417,0,0,0,0,1,1,11,4,0,5,1,21,8,1,48.25
10,22016,201939,0021601081,"MAR 24, 2017","GSW vs. SAC",W,33,9,18,0.5,5,11,0.455,4,4,1,1,6,7,12,6,0,3,0,27,28,1,68.25
11,22016,201939,0021601055,"MAR 21, 2017","GSW @ DAL",W,30,7,14,0.5,3,9,0.333,0,0,0,1,4,5,9,2,0,0,1,17,14,1,42.25
12,22016,201939,0021601049,"MAR 20, 2017","GSW @ OKC",W,30,8,17,0.471,7,12,0.583,0,0,0,0,4,4,6,0,0,5,3,23,16,1,38
13,22016,201939,0021601035,"MAR 18, 2017","GSW vs. MIL",W,30,9,13,0.692,6,8,0.75,4,4,1,0,4,4,4,1,1,3,3,28,18,1,44.5
14,22016,201939,0021601019,"MAR 16, 2017","GSW vs. ORL",W,28,8,15,0.533,2,7,0.286,7,7,1,0,1,1,9,3,0,2,1,25,24,1,45.75
15,22016,201939,0021601003,"MAR 14, 2017","GSW vs. PHI",W,37,8,23,0.348,5,13,0.385,8,8,1,2,4,6,5,3,0,5,3,29,3,1,50
16,22016,201939,0021600968,"MAR 10, 2017","GSW @ MIN",L,35,10,27,0.37,1,8,0.125,5,5,1,3,3,6,7,1,0,6,4,26,-5,1,43.5
17,22016,201939,0021600959,"MAR 08, 2017","GSW vs. BOS",L,35,8,16,0.5,2,9,0.222,5,5,1,3,2,5,6,0,1,4,4,23,-3,1,39.25
18,22016,201939,0021600937,"MAR 06, 2017","GSW @ ATL",W,35,8,20,0.4,6,15,0.4,2,3,0.667,1,3,4,9,0,0,2,4,24,5,1,44.5
19,22016,201939,0021600928,"MAR 05, 2017","GSW @ NYK",W,37,11,24,0.458,5,13,0.385,4,6,0.667,2,6,8,6,2,0,2,2,31,22,1,55.5
20,22016,201939,0021600906,"MAR 02, 2017","GSW @ CHI",L,35,10,27,0.37,2,11,0.182,1,1,1,1,5,6,5,5,0,4,4,23,-4,1,47
21,22016,201939,0021600889,"FEB 28, 2017","GSW @ WAS",L,34,9,20,0.45,2,9,0.222,5,6,0.833,4,3,7,4,2,0,5,3,25,-5,1,42.25
22,22016,201939,0021600883,"FEB 27, 2017","GSW @ PHI",W,35,7,23,0.304,0,11,0,5,5,1,2,2,4,6,2,0,4,2,19,8,1,35
23,22016,201939,0021600873,"FEB 25, 2017","GSW vs. BKN",W,35,9,21,0.429,5,10,0.5,4,4,1,1,4,5,5,3,0,4,2,27,17,2,47.25
24,22016,201939,0021600854,"FEB 23, 2017","GSW vs. LAC",W,32,10,16,0.625,6,10,0.6,9,10,0.9,1,6,7,5,4,0,4,5,35,26,1,60.25
25,22016,201939,0021600847,"FEB 15, 2017","GSW vs. SAC",W,30,4,14,0.286,2,8,0.25,3,4,0.75,0,6,6,9,0,2,3,2,13,23,1,37.5
26,22016,201939,0021600827,"FEB 13, 2017","GSW @ DEN",L,27,4,18,0.222,1,11,0.091,2,2,1,1,1,2,5,1,0,1,1,11,-24,1,23
27,22016,201939,0021600813,"FEB 11, 2017","GSW @ OKC",W,34,9,19,0.474,4,11,0.364,4,4,1,3,5,8,9,2,0,0,2,26,16,1,55.5
28,22016,201939,0021600803,"FEB 10, 2017","GSW @ MEM",W,35,6,13,0.462,2,6,0.333,4,5,0.8,0,4,4,5,0,0,3,3,18,15,1,30
29,22016,201939,0021600792,"FEB 08, 2017","GSW vs. CHI",W,28,5,11,0.455,1,4,0.25,2,2,1,0,1,1,6,1,0,2,4,13,20,1,24.75
30,22016,201939,0021600764,"FEB 04, 2017","GSW @ SAC",L,42,11,20,0.55,8,14,0.571,5,6,0.833,0,4,4,9,3,0,3,2,35,4,1,62
31,22016,201939,0021600745,"FEB 02, 2017","GSW @ LAC",W,37,11,23,0.478,3,10,0.3,4,4,1,1,2,3,11,3,0,4,1,29,13,1,56.25
32,22016,201939,0021600741,"FEB 01, 2017","GSW vs. CHA",W,30,14,20,0.7,11,15,0.733,0,0,0,1,4,5,8,3,0,1,2,39,25,1,69.75
33,22016,201939,0021600707,"JAN 28, 2017","GSW vs. LAC",W,29,15,23,0.652,9,15,0.6,4,4,1,0,9,9,6,0,0,2,1,43,42,1,66.75
34,22016,201939,0021600687,"JAN 25, 2017","GSW @ CHA",W,36,11,23,0.478,6,12,0.5,0,0,0,0,2,2,7,1,1,4,2,28,0,1,46
35,22016,201939,0021600668,"JAN 23, 2017","GSW @ MIA",L,37,7,19,0.368,3,9,0.333,4,5,0.8,0,9,9,8,0,1,4,2,21,1,1,45.75
36,22016,201939,0021600661,"JAN 22, 2017","GSW @ ORL",W,30,8,15,0.533,7,13,0.538,4,4,1,1,3,4,6,0,0,3,2,27,32,1,43
37,22016,201939,0021600646,"JAN 20, 2017","GSW @ HOU",W,33,8,18,0.444,5,11,0.455,3,5,0.6,0,1,1,7,1,0,1,1,24,15,1,39.75
38,22016,201939,0021600634,"JAN 18, 2017","GSW vs. OKC",W,34,9,19,0.474,2,6,0.333,4,4,1,0,4,4,8,3,0,3,0,24,19,1,46.5
39,22016,201939,0021600619,"JAN 16, 2017","GSW vs. CLE",W,31,7,20,0.35,5,12,0.417,1,2,0.5,0,2,2,11,4,0,3,2,20,23,1,49.5
40,22016,201939,0021600590,"JAN 12, 2017","GSW vs. DET",W,30,9,17,0.529,3,9,0.333,3,3,1,0,2,2,7,5,0,8,0,24,32,1,44.5
41,22016,201939,0021600578,"JAN 10, 2017","GSW vs. MIA",W,36,8,21,0.381,4,11,0.364,4,5,0.8,1,7,8,9,1,1,3,0,24,18,1,52
42,22016,201939,0021600566,"JAN 08, 2017","GSW @ SAC",W,37,11,22,0.5,5,11,0.455,3,3,1,2,2,4,6,2,0,4,3,30,14,1,48.5
43,22016,201939,0021600550,"JAN 06, 2017","GSW vs. MEM",L,42,15,27,0.556,5,13,0.385,5,5,1,0,3,3,6,1,1,4,2,40,-10,1,57.25
44,22016,201939,0021600534,"JAN 04, 2017","GSW vs. POR",W,36,12,25,0.48,5,13,0.385,6,8,0.75,1,6,7,5,1,0,5,1,35,6,1,53.25
45,22016,201939,0021600520,"JAN 02, 2017","GSW vs. DEN",W,35,8,18,0.444,3,9,0.333,3,3,1,0,3,3,5,0,0,3,2,22,7,1,33.25
46,22016,201939,0021600501,"DEC 30, 2016","GSW vs. DAL",W,30,5,12,0.417,3,6,0.5,1,1,1,0,4,4,5,1,0,1,2,14,14,1,29.5
47,22016,201939,0021600485,"DEC 28, 2016","GSW vs. TOR",W,36,9,18,0.5,3,6,0.5,7,7,1,1,6,7,7,0,0,2,3,28,27,1,47.75
48,22016,201939,0021600457,"DEC 25, 2016","GSW @ CLE",L,37,4,11,0.364,2,7,0.286,5,6,0.833,0,3,3,3,3,0,3,4,15,-1,1,28.75
49,22016,201939,0021600446,"DEC 23, 2016","GSW @ DET",W,35,7,16,0.438,5,10,0.5,6,6,1,0,3,3,8,2,0,5,1,25,6,1,44.75
50,22016,201939,0021600437,"DEC 22, 2016","GSW @ BKN",W,33,6,19,0.316,3,13,0.231,0,0,0,0,2,2,7,5,0,2,5,15,25,1,38.5
51,22016,201939,0021600427,"DEC 20, 2016","GSW vs. UTA",W,30,8,18,0.444,4,9,0.444,5,5,1,0,3,3,4,3,0,0,0,25,27,1,42.75
52,22016,201939,0021600405,"DEC 17, 2016","GSW vs. POR",W,27,6,11,0.545,5,8,0.625,2,2,1,0,3,3,6,0,0,3,3,19,21,1,32.75
53,22016,201939,0021600388,"DEC 15, 2016","GSW vs. NYK",W,34,3,14,0.214,2,8,0.25,0,0,0,1,9,10,8,1,0,3,0,8,20,1,34
54,22016,201939,0021600371,"DEC 13, 2016","GSW @ NOP",W,34,11,23,0.478,5,9,0.556,3,4,0.75,2,2,4,7,1,0,2,2,30,4,1,49
55,22016,201939,0021600358,"DEC 11, 2016","GSW @ MIN",W,32,6,13,0.462,2,5,0.4,8,8,1,1,3,4,9,1,0,0,3,22,-4,1,43.5
56,22016,201939,0021600351,"DEC 10, 2016","GSW @ MEM",L,31,4,14,0.286,3,11,0.273,6,6,1,2,6,8,3,0,0,4,3,17,-24,1,31
57,22016,201939,0021600335,"DEC 08, 2016","GSW @ UTA",W,36,7,16,0.438,3,9,0.333,9,9,1,0,5,5,2,2,0,3,2,26,10,1,39.25
58,22016,201939,0021600330,"DEC 07, 2016","GSW @ LAC",W,33,7,16,0.438,0,8,0,5,5,1,0,4,4,6,7,0,3,3,19,18,1,45.5
59,22016,201939,0021600314,"DEC 05, 2016","GSW vs. IND",W,29,4,10,0.4,2,7,0.286,3,4,0.75,0,4,4,11,2,1,0,4,13,24,1,43
60,22016,201939,0021600299,"DEC 03, 2016","GSW vs. PHX",W,30,10,15,0.667,5,7,0.714,6,6,1,0,2,2,1,1,0,3,2,31,15,1,38
61,22016,201939,0021600281,"DEC 01, 2016","GSW vs. HOU",L,38,9,22,0.409,4,13,0.308,6,6,1,1,2,3,5,3,1,5,6,28,10,1,46.75
62,22016,201939,0021600259,"NOV 28, 2016","GSW vs. ATL",W,38,6,17,0.353,4,11,0.364,9,11,0.818,0,3,3,3,2,0,3,2,25,6,1,37.75
63,22016,201939,0021600244,"NOV 26, 2016","GSW vs. MIN",W,37,13,19,0.684,4,8,0.5,4,4,1,1,7,8,6,1,0,6,4,34,16,1,54
64,22016,201939,0021600238,"NOV 25, 2016","GSW @ LAL",W,36,8,17,0.471,4,10,0.4,4,4,1,2,3,5,5,3,0,3,1,24,14,1,44.25
65,22016,201939,0021600223,"NOV 23, 2016","GSW vs. LAL",W,29,11,18,0.611,7,12,0.583,2,2,1,0,5,5,9,1,0,1,1,31,32,1,55.75
66,22016,201939,0021600202,"NOV 21, 2016","GSW @ IND",W,29,6,11,0.545,2,6,0.333,8,8,1,2,4,6,6,1,0,1,1,22,34,1,41
67,22016,201939,0021600191,"NOV 19, 2016","GSW @ MIL",W,35,7,21,0.333,1,11,0.091,5,5,1,0,5,5,5,1,0,3,4,20,1,1,34.75
68,22016,201939,0021600179,"NOV 18, 2016","GSW @ BOS",W,36,7,20,0.35,2,10,0.2,0,0,0,0,3,3,8,4,1,2,4,16,19,1,41.75
69,22016,201939,0021600165,"NOV 16, 2016","GSW @ TOR",W,37,10,19,0.526,3,9,0.333,12,13,0.923,2,1,3,7,1,0,3,3,35,5,1,51.25
70,22016,201939,0021600143,"NOV 13, 2016","GSW vs. PHX",W,37,9,17,0.529,5,9,0.556,7,7,1,0,6,6,6,2,0,3,2,30,22,1,51.5
71,22016,201939,0021600119,"NOV 10, 2016","GSW @ DEN",W,30,10,17,0.588,7,13,0.538,6,6,1,1,4,5,6,1,0,4,1,33,27,1,51.75
72,22016,201939,0021600116,"NOV 09, 2016","GSW vs. DAL",W,31,8,12,0.667,4,8,0.5,4,4,1,0,3,3,6,1,0,5,1,24,17,1,38.25
73,22016,201939,0021600099,"NOV 07, 2016","GSW vs. NOP",W,36,16,26,0.615,13,17,0.765,1,2,0.5,3,2,5,5,2,0,4,2,46,7,1,69.75
74,22016,201939,0021600078,"NOV 04, 2016","GSW @ LAL",L,31,5,17,0.294,0,10,0,3,3,1,0,8,8,10,2,1,2,3,13,-5,1,44.5
75,22016,201939,0021600069,"NOV 03, 2016","GSW vs. OKC",W,30,6,14,0.429,2,6,0.333,7,8,0.875,0,1,1,7,2,1,1,1,21,17,1,39.25
76,22016,201939,0021600054,"NOV 01, 2016","GSW @ POR",W,29,10,21,0.476,5,10,0.5,3,4,0.75,1,3,4,3,1,0,4,3,28,24,1,40
77,22016,201939,0021600036,"OCT 30, 2016","GSW @ PHX",W,34,9,17,0.529,5,8,0.625,5,5,1,0,1,1,3,0,0,1,5,28,2,1,35.75
78,22016,201939,0021600025,"OCT 28, 2016","GSW @ NOP",W,34,8,19,0.421,4,10,0.4,3,4,0.75,1,0,1,8,1,0,4,3,23,4,1,38.25
79,22016,201939,0021600003,"OCT 25, 2016","GSW vs. SAS",L,34,9,18,0.5,3,10,0.3,5,6,0.833,0,3,3,4,0,0,4,1,26,-9,1,35.25
80,22016,201939,0021601229,"APR 12, 2017","GSW vs. LAL",W,28,6,17,0.353,5,14,0.357,3,4,0.75,0,5,5,8,2,0,6,1,20,27,1,41.75
81,22016,201939,0021601211,"APR 10, 2017","GSW vs. UTA",L,30,9,16,0.563,6,8,0.75,4,5,0.8,1,3,4,4,1,0,1,1,28,9,1,43.5
82,22016,201939,0021601171,"APR 05, 2017","GSW @ PHX",W,35,15,25,0.6,8,12,0.667,4,7,0.571,0,4,4,11,2,2,3,0,42,25,1,75.5
83,22016,201939,0021601162,"APR 04, 2017","GSW vs. MIN",W,30,7,18,0.389,3,8,0.375,2,4,0.5,0,3,3,9,3,2,3,2,19,13,1,46.25
84,22016,201939,0021601152,"APR 02, 2017","GSW vs. WAS",W,36,15,22,0.682,9,14,0.643,3,3,1,0,1,1,8,1,0,1,3,42,26,1,61.25
85,22016,201939,0021601136,"MAR 31, 2017","GSW vs. HOU",W,35,8,18,0.444,4,9,0.444,4,5,0.8,3,4,7,5,2,0,2,4,24,14,1,45.25
86,22016,201939,0021601118,"MAR 29, 2017","GSW @ SAS",W,35,9,20,0.45,4,8,0.5,7,7,1,1,3,4,11,1,0,2,5,29,6,1,55
87,22016,201939,0021601108,"MAR 28, 2017","GSW @ HOU",W,33,11,22,0.5,3,11,0.273,7,10,0.7,2,8,10,7,2,0,6,5,32,9,1,59
88,22016,201939,0021601094,"MAR 26, 2017","GSW vs. MEM",W,36,8,18,0.444,5,12,0.417,0,0,0,0,1,1,11,4,0,5,1,21,8,1,48.25
89,22016,201939,0021601081,"MAR 24, 2017","GSW vs. SAC",W,33,9,18,0.5,5,11,0.455,4,4,1,1,6,7,12,6,0,3,0,27,28,1,68.25
90,22016,201939,0021601055,"MAR 21, 2017","GSW @ DAL",W,30,7,14,0.5,3,9,0.333,0,0,0,1,4,5,9,2,0,0,1,17,14,1,42.25
91,22016,201939,0021601049,"MAR 20, 2017","GSW @ OKC",W,30,8,17,0.471,7,12,0.583,0,0,0,0,4,4,6,0,0,5,3,23,16,1,38
92,22016,201939,0021601035,"MAR 18, 2017","GSW vs. MIL",W,30,9,13,0.692,6,8,0.75,4,4,1,0,4,4,4,1,1,3,3,28,18,1,44.5
93,22016,201939,0021601019,"MAR 16, 2017","GSW vs. ORL",W,28,8,15,0.533,2,7,0.286,7,7,1,0,1,1,9,3,0,2,1,25,24,1,45.75
94,22016,201939,0021601003,"MAR 14, 2017","GSW vs. PHI",W,37,8,23,0.348,5,13,0.385,8,8,1,2,4,6,5,3,0,5,3,29,3,1,50
95,22016,201939,0021600968,"MAR 10, 2017","GSW @ MIN",L,35,10,27,0.37,1,8,0.125,5,5,1,3,3,6,7,1,0,6,4,26,-5,1,43.5
96,22016,201939,0021600959,"MAR 08, 2017","GSW vs. BOS",L,35,8,16,0.5,2,9,0.222,5,5,1,3,2,5,6,0,1,4,4,23,-3,1,39.25
97,22016,201939,0021600937,"MAR 06, 2017","GSW @ ATL",W,35,8,20,0.4,6,15,0.4,2,3,0.667,1,3,4,9,0,0,2,4,24,5,1,44.5
98,22016,201939,0021600928,"MAR 05, 2017","GSW @ NYK",W,37,11,24,0.458,5,13,0.385,4,6,0.667,2,6,8,6,2,0,2,2,31,22,1,55.5
99,22016,201939,0021600906,"MAR 02, 2017","GSW @ CHI",L,35,10,27,0.37,2,11,0.182,1,1,1,1,5,6,5,5,0,4,4,23,-4,1,47
100,22016,201939,0021600889,"FEB 28, 2017","GSW @ WAS",L,34,9,20,0.45,2,9,0.222,5,6,0.833,4,3,7,4,2,0,5,3,25,-5,1,42.25
101,22016,201939,0021600883,"FEB 27, 2017","GSW @ PHI",W,35,7,23,0.304,0,11,0,5,5,1,2,2,4,6,2,0,4,2,19,8,1,35
102,22016,201939,0021600873,"FEB 25, 2017","GSW vs. BKN",W,35,9,21,0.429,5,10,0.5,4,4,1,1,4,5,5,3,0,4,2,27,17,2,47.25
103,22016,201939,0021600854,"FEB 23, 2017","GSW vs. LAC",W,32,10,16,0.625,6,10,0.6,9,10,0.9,1,6,7,5,4,0,4,5,35,26,1,60.25
104,22016,201939,0021600847,"FEB 15, 2017","GSW vs. SAC",W,30,4,14,0.286,2,8,0.25,3,4,0.75,0,6,6,9,0,2,3,2,13,23,1,37.5
105,22016,201939,0021600827,"FEB 13, 2017","GSW @ DEN",L,27,4,18,0.222,1,11,0.091,2,2,1,1,1,2,5,1,0,1,1,11,-24,1,23
106,22016,201939,0021600813,"FEB 11, 2017","GSW @ OKC",W,34,9,19,0.474,4,11,0.364,4,4,1,3,5,8,9,2,0,0,2,26,16,1,55.5
107,22016,201939,0021600803,"FEB 10, 2017","GSW @ MEM",W,35,6,13,0.462,2,6,0.333,4,5,0.8,0,4,4,5,0,0,3,3,18,15,1,30
108,22016,201939,0021600792,"FEB 08, 2017","GSW vs. CHI",W,28,5,11,0.455,1,4,0.25,2,2,1,0,1,1,6,1,0,2,4,13,20,1,24.75
109,22016,201939,0021600764,"FEB 04, 2017","GSW @ SAC",L,42,11,20,0.55,8,14,0.571,5,6,0.833,0,4,4,9,3,0,3,2,35,4,1,62
110,22016,201939,0021600745,"FEB 02, 2017","GSW @ LAC",W,37,11,23,0.478,3,10,0.3,4,4,1,1,2,3,11,3,0,4,1,29,13,1,56.25
111,22016,201939,0021600741,"FEB 01, 2017","GSW vs. CHA",W,30,14,20,0.7,11,15,0.733,0,0,0,1,4,5,8,3,0,1,2,39,25,1,69.75
112,22016,201939,0021600707,"JAN 28, 2017","GSW vs. LAC",W,29,15,23,0.652,9,15,0.6,4,4,1,0,9,9,6,0,0,2,1,43,42,1,66.75
113,22016,201939,0021600687,"JAN 25, 2017","GSW @ CHA",W,36,11,23,0.478,6,12,0.5,0,0,0,0,2,2,7,1,1,4,2,28,0,1,46
114,22016,201939,0021600668,"JAN 23, 2017","GSW @ MIA",L,37,7,19,0.368,3,9,0.333,4,5,0.8,0,9,9,8,0,1,4,2,21,1,1,45.75
115,22016,201939,0021600661,"JAN 22, 2017","GSW @ ORL",W,30,8,15,0.533,7,13,0.538,4,4,1,1,3,4,6,0,0,3,2,27,32,1,43
116,22016,201939,0021600646,"JAN 20, 2017","GSW @ HOU",W,33,8,18,0.444,5,11,0.455,3,5,0.6,0,1,1,7,1,0,1,1,24,15,1,39.75
117,22016,201939,0021600634,"JAN 18, 2017","GSW vs. OKC",W,34,9,19,0.474,2,6,0.333,4,4,1,0,4,4,8,3,0,3,0,24,19,1,46.5
118,22016,201939,0021600619,"JAN 16, 2017","GSW vs. CLE",W,31,7,20,0.35,5,12,0.417,1,2,0.5,0,2,2,11,4,0,3,2,20,23,1,49.5
119,22016,201939,0021600590,"JAN 12, 2017","GSW vs. DET",W,30,9,17,0.529,3,9,0.333,3,3,1,0,2,2,7,5,0,8,0,24,32,1,44.5
120,22016,201939,0021600578,"JAN 10, 2017","GSW vs. MIA",W,36,8,21,0.381,4,11,0.364,4,5,0.8,1,7,8,9,1,1,3,0,24,18,1,52
121,22016,201939,0021600566,"JAN 08, 2017","GSW @ SAC",W,37,11,22,0.5,5,11,0.455,3,3,1,2,2,4,6,2,0,4,3,30,14,1,48.5
122,22016,201939,0021600550,"JAN 06, 2017","GSW vs. MEM",L,42,15,27,0.556,5,13,0.385,5,5,1,0,3,3,6,1,1,4,2,40,-10,1,57.25
123,22016,201939,0021600534,"JAN 04, 2017","GSW vs. POR",W,36,12,25,0.48,5,13,0.385,6,8,0.75,1,6,7,5,1,0,5,1,35,6,1,53.25
124,22016,201939,0021600520,"JAN 02, 2017","GSW vs. DEN",W,35,8,18,0.444,3,9,0.333,3,3,1,0,3,3,5,0,0,3,2,22,7,1,33.25
125,22016,201939,0021600501,"DEC 30, 2016","GSW vs. DAL",W,30,5,12,0.417,3,6,0.5,1,1,1,0,4,4,5,1,0,1,2,14,14,1,29.5
126,22016,201939,0021600485,"DEC 28, 2016","GSW vs. TOR",W,36,9,18,0.5,3,6,0.5,7,7,1,1,6,7,7,0,0,2,3,28,27,1,47.75
127,22016,201939,0021600457,"DEC 25, 2016","GSW @ CLE",L,37,4,11,0.364,2,7,0.286,5,6,0.833,0,3,3,3,3,0,3,4,15,-1,1,28.75
128,22016,201939,0021600446,"DEC 23, 2016","GSW @ DET",W,35,7,16,0.438,5,10,0.5,6,6,1,0,3,3,8,2,0,5,1,25,6,1,44.75
129,22016,201939,0021600437,"DEC 22, 2016","GSW @ BKN",W,33,6,19,0.316,3,13,0.231,0,0,0,0,2,2,7,5,0,2,5,15,25,1,38.5
130,22016,201939,0021600427,"DEC 20, 2016","GSW vs. UTA",W,30,8,18,0.444,4,9,0.444,5,5,1,0,3,3,4,3,0,0,0,25,27,1,42.75
131,22016,201939,0021600405,"DEC 17, 2016","GSW vs. POR",W,27,6,11,0.545,5,8,0.625,2,2,1,0,3,3,6,0,0,3,3,19,21,1,32.75
132,22016,201939,0021600388,"DEC 15, 2016","GSW vs. NYK",W,34,3,14,0.214,2,8,0.25,0,0,0,1,9,10,8,1,0,3,0,8,20,1,34
133,22016,201939,0021600371,"DEC 13, 2016","GSW @ NOP",W,34,11,23,0.478,5,9,0.556,3,4,0.75,2,2,4,7,1,0,2,2,30,4,1,49
134,22016,201939,0021600358,"DEC 11, 2016","GSW @ MIN",W,32,6,13,0.462,2,5,0.4,8,8,1,1,3,4,9,1,0,0,3,22,-4,1,43.5
135,22016,201939,0021600351,"DEC 10, 2016","GSW @ MEM",L,31,4,14,0.286,3,11,0.273,6,6,1,2,6,8,3,0,0,4,3,17,-24,1,31
136,22016,201939,0021600335,"DEC 08, 2016","GSW @ UTA",W,36,7,16,0.438,3,9,0.333,9,9,1,0,5,5,2,2,0,3,2,26,10,1,39.25
137,22016,201939,0021600330,"DEC 07, 2016","GSW @ LAC",W,33,7,16,0.438,0,8,0,5,5,1,0,4,4,6,7,0,3,3,19,18,1,45.5
138,22016,201939,0021600314,"DEC 05, 2016","GSW vs. IND",W,29,4,10,0.4,2,7,0.286,3,4,0.75,0,4,4,11,2,1,0,4,13,24,1,43
139,22016,201939,0021600299,"DEC 03, 2016","GSW vs. PHX",W,30,10,15,0.667,5,7,0.714,6,6,1,0,2,2,1,1,0,3,2,31,15,1,38
140,22016,201939,0021600281,"DEC 01, 2016","GSW vs. HOU",L,38,9,22,0.409,4,13,0.308,6,6,1,1,2,3,5,3,1,5,6,28,10,1,46.75
141,22016,201939,0021600259,"NOV 28, 2016","GSW vs. ATL",W,38,6,17,0.353,4,11,0.364,9,11,0.818,0,3,3,3,2,0,3,2,25,6,1,37.75
142,22016,201939,0021600244,"NOV 26, 2016","GSW vs. MIN",W,37,13,19,0.684,4,8,0.5,4,4,1,1,7,8,6,1,0,6,4,34,16,1,54
143,22016,201939,0021600238,"NOV 25, 2016","GSW @ LAL",W,36,8,17,0.471,4,10,0.4,4,4,1,2,3,5,5,3,0,3,1,24,14,1,44.25
144,22016,201939,0021600223,"NOV 23, 2016","GSW vs. LAL",W,29,11,18,0.611,7,12,0.583,2,2,1,0,5,5,9,1,0,1,1,31,32,1,55.75
145,22016,201939,0021600202,"NOV 21, 2016","GSW @ IND",W,29,6,11,0.545,2,6,0.333,8,8,1,2,4,6,6,1,0,1,1,22,34,1,41
146,22016,201939,0021600191,"NOV 19, 2016","GSW @ MIL",W,35,7,21,0.333,1,11,0.091,5,5,1,0,5,5,5,1,0,3,4,20,1,1,34.75
147,22016,201939,0021600179,"NOV 18, 2016","GSW @ BOS",W,36,7,20,0.35,2,10,0.2,0,0,0,0,3,3,8,4,1,2,4,16,19,1,41.75
148,22016,201939,0021600165,"NOV 16, 2016","GSW @ TOR",W,37,10,19,0.526,3,9,0.333,12,13,0.923,2,1,3,7,1,0,3,3,35,5,1,51.25
149,22016,201939,0021600143,"NOV 13, 2016","GSW vs. PHX",W,37,9,17,0.529,5,9,0.556,7,7,1,0,6,6,6,2,0,3,2,30,22,1,51.5
150,22016,201939,0021600119,"NOV 10, 2016","GSW @ DEN",W,30,10,17,0.588,7,13,0.538,6,6,1,1,4,5,6,1,0,4,1,33,27,1,51.75
151,22016,201939,0021600116,"NOV 09, 2016","GSW vs. DAL",W,31,8,12,0.667,4,8,0.5,4,4,1,0,3,3,6,1,0,5,1,24,17,1,38.25
152,22016,201939,0021600099,"NOV 07, 2016","GSW vs. NOP",W,36,16,26,0.615,13,17,0.765,1,2,0.5,3,2,5,5,2,0,4,2,46,7,1,69.75
153,22016,201939,0021600078,"NOV 04, 2016","GSW @ LAL",L,31,5,17,0.294,0,10,0,3,3,1,0,8,8,10,2,1,2,3,13,-5,1,44.5
154,22016,201939,0021600069,"NOV 03, 2016","GSW vs. OKC",W,30,6,14,0.429,2,6,0.333,7,8,0.875,0,1,1,7,2,1,1,1,21,17,1,39.25
155,22016,201939,0021600054,"NOV 01, 2016","GSW @ POR",W,29,10,21,0.476,5,10,0.5,3,4,0.75,1,3,4,3,1,0,4,3,28,24,1,40
156,22016,201939,0021600036,"OCT 30, 2016","GSW @ PHX",W,34,9,17,0.529,5,8,0.625,5,5,1,0,1,1,3,0,0,1,5,28,2,1,35.75
157,22016,201939,0021600025,"OCT 28, 2016","GSW @ NOP",W,34,8,19,0.421,4,10,0.4,3,4,0.75,1,0,1,8,1,0,4,3,23,4,1,38.25
158,22016,201939,0021600003,"OCT 25, 2016","GSW vs. SAS",L,34,9,18,0.5,3,10,0.3,5,6,0.833,0,3,3,4,0,0,4,1,26,-9,1,35.25
159,22017,201939,0021700163,"NOV 08, 2017","GSW vs. MIN",NULL,0,1,4,0.25,0,1,0,0,0,0,0,2,2,2,0,0,3,1,2,-4,0,6
160,22017,201939,0021700148,"NOV 06, 2017","GSW vs. MIA",W,34,5,19,0.263,2,9,0.222,4,5,0.8,0,5,5,4,2,0,1,3,16,25,1,32.75
161,22017,201939,0021700135,"NOV 04, 2017","GSW @ DEN",W,30,7,14,0.5,5,10,0.5,3,4,0.75,0,0,0,11,2,0,3,0,22,44,1,45
162,22017,201939,0021700117,"NOV 02, 2017","GSW @ SAS",W,32,7,13,0.538,3,4,0.75,4,4,1,1,7,8,5,3,0,2,2,21,16,2,45
163,22017,201939,0021700100,"OCT 30, 2017","GSW @ LAC",W,30,9,14,0.643,7,11,0.636,6,8,0.75,2,3,5,6,2,1,1,3,31,23,2,55.25
164,22017,201939,0021700091,"OCT 29, 2017","GSW vs. DET",L,35,11,17,0.647,3,7,0.429,2,3,0.667,1,5,6,8,1,0,5,3,27,12,1,47.5
165,22017,201939,0021700075,"OCT 27, 2017","GSW vs. WAS",W,36,7,19,0.368,3,13,0.231,3,3,1,0,5,5,8,2,0,2,2,20,-8,1,42.75
166,22017,201939,0021700063,"OCT 25, 2017","GSW vs. TOR",W,38,9,20,0.45,4,11,0.364,8,8,1,0,4,4,5,3,1,2,2,30,14,1,51.5
167,22017,201939,0021700045,"OCT 23, 2017","GSW @ DAL",W,31,7,15,0.467,2,10,0.2,13,13,1,2,0,2,8,4,0,6,1,29,22,1,49.5
168,22017,201939,0021700033,"OCT 21, 2017","GSW @ MEM",L,30,9,17,0.529,6,11,0.545,13,13,1,0,6,6,3,0,0,2,5,37,-6,1,51
169,22017,201939,0021700025,"OCT 20, 2017","GSW @ NOP",W,35,7,16,0.438,4,11,0.364,10,10,1,0,3,3,8,0,0,1,1,28,7,0,45.25
170,22017,201939,0021700002,"OCT 17, 2017","GSW vs. HOU",L,30,8,18,0.444,3,9,0.333,3,3,1,0,5,5,4,1,0,2,4,22,9,1,36.75
171,22015,201939,0021501227,"APR 13, 2016","GSW vs. MEM",W,30,15,24,0.625,10,19,0.526,6,6,1,1,3,4,6,2,0,2,2,46,19,1,69.5
172,22015,201939,0021501201,"APR 10, 2016","GSW @ SAS",W,35,13,22,0.591,4,9,0.444,7,7,1,0,5,5,5,2,0,4,4,37,7,1,54.75
173,22015,201939,0021501190,"APR 09, 2016","GSW @ MEM",W,34,7,22,0.318,3,14,0.214,0,0,0,0,9,9,8,1,0,2,1,17,10,1,42.75
174,22015,201939,0021501177,"APR 07, 2016","GSW vs. SAS",W,36,11,19,0.579,3,7,0.429,2,2,1,0,5,5,9,2,0,3,2,27,14,1,50.75
175,22015,201939,0021501163,"APR 05, 2016","GSW vs. MIN",L,43,7,25,0.28,4,14,0.286,3,3,1,2,4,6,15,3,0,3,4,21,3,1,59
176,22015,201939,0021501152,"APR 03, 2016","GSW vs. POR",W,35,13,21,0.619,9,13,0.692,4,4,1,2,4,6,7,2,1,4,2,39,16,1,65.5
177,22015,201939,0021501136,"APR 01, 2016","GSW vs. BOS",L,37,9,19,0.474,8,14,0.571,3,3,1,0,5,5,6,1,0,9,2,29,-1,1,45.75
178,22015,201939,0021501119,"MAR 30, 2016","GSW @ UTA",W,42,11,23,0.478,5,10,0.5,4,5,0.8,2,5,7,4,2,0,5,4,31,6,1,49.75
179,22015,201939,0021501112,"MAR 29, 2016","GSW vs. WAS",W,35,9,20,0.45,6,8,0.75,2,2,1,0,7,7,7,5,0,5,3,26,15,1,55.75
180,22015,201939,0021501094,"MAR 27, 2016","GSW vs. PHI",W,33,7,16,0.438,2,9,0.222,4,5,0.8,0,3,3,8,4,0,4,0,20,4,1,42.75
181,22015,201939,0021501080,"MAR 25, 2016","GSW vs. DAL",W,35,9,18,0.5,5,12,0.417,10,11,0.909,0,8,8,8,4,0,3,0,33,15,1,64
182,22015,201939,0021501066,"MAR 23, 2016","GSW vs. LAC",W,37,12,23,0.522,4,10,0.4,5,6,0.833,0,4,4,5,3,0,1,3,33,4,1,53
183,22015,201939,0021501050,"MAR 21, 2016","GSW @ MIN",W,35,6,17,0.353,2,9,0.222,5,6,0.833,3,4,7,11,3,1,5,4,19,0,1,52.25
184,22015,201939,0021501036,"MAR 19, 2016","GSW @ SAS",L,38,4,18,0.222,1,12,0.083,5,5,1,2,4,6,6,2,0,2,0,14,-10,1,34
185,22015,201939,0021501026,"MAR 18, 2016","GSW @ DAL",W,34,12,26,0.462,6,12,0.5,1,1,1,1,8,9,10,2,0,1,2,31,7,1,65.25
186,22015,201939,0021501011,"MAR 16, 2016","GSW vs. NYK",W,28,12,20,0.6,8,13,0.615,2,2,1,0,6,6,4,0,0,2,2,34,31,1,50.5
187,22015,201939,0021500996,"MAR 14, 2016","GSW vs. NOP",W,31,10,16,0.625,4,9,0.444,3,4,0.75,1,4,5,5,2,0,1,1,27,27,1,46.25
188,22015,201939,0021500981,"MAR 12, 2016","GSW vs. PHX",W,35,12,24,0.5,7,16,0.438,4,4,1,1,2,3,6,0,0,1,4,35,19,1,50.75
189,22015,201939,0021500971,"MAR 11, 2016","GSW vs. POR",W,29,13,23,0.565,7,14,0.5,1,2,0.5,0,3,3,4,2,0,3,2,34,14,1,49.75
190,22015,201939,0021500958,"MAR 09, 2016","GSW vs. UTA",W,32,4,12,0.333,3,9,0.333,1,2,0.5,0,3,3,10,3,0,3,2,12,12,1,38.25
191,22015,201939,0021500943,"MAR 07, 2016","GSW vs. ORL",W,37,14,24,0.583,7,13,0.538,6,6,1,1,12,13,3,4,0,5,3,41,21,1,72.25
192,22015,201939,0021500931,"MAR 06, 2016","GSW @ LAL",L,34,6,20,0.3,1,10,0.1,5,5,1,1,5,6,4,1,0,4,2,18,-8,1,32
193,22015,201939,0021500911,"MAR 03, 2016","GSW vs. OKC",W,37,12,25,0.48,5,15,0.333,4,5,0.8,1,3,4,4,1,1,1,2,33,6,1,50
194,22015,201939,0021500874,"FEB 27, 2016","GSW @ OKC",W,38,14,24,0.583,12,16,0.75,6,8,0.75,0,3,3,6,2,0,3,1,46,6,1,68.75
195,22015,201939,0021500855,"FEB 25, 2016","GSW @ ORL",W,34,20,27,0.741,10,15,0.667,1,1,1,0,7,7,8,0,1,5,1,51,11,1,77.75
196,22015,201939,0021500848,"FEB 24, 2016","GSW @ MIA",W,36,14,29,0.483,6,12,0.5,8,8,1,3,4,7,7,1,1,7,0,42,7,1,64.75
197,22015,201939,0021500836,"FEB 22, 2016","GSW @ ATL",W,36,14,22,0.636,5,11,0.455,3,3,1,1,5,6,8,3,0,2,2,36,13,1,63
198,22015,201939,0021500822,"FEB 20, 2016","GSW @ LAC",W,36,5,15,0.333,3,8,0.375,10,12,0.833,0,3,3,9,3,0,3,2,23,4,1,46.25
199,22015,201939,0021500815,"FEB 19, 2016","GSW @ POR",L,26,12,23,0.522,7,13,0.538,0,0,0,2,1,3,5,2,0,3,4,31,-18,1,48.25
200,22015,201939,0021500799,"FEB 10, 2016","GSW @ PHX",W,30,9,17,0.529,5,10,0.5,3,4,0.75,5,4,9,9,1,1,2,1,26,12,1,56.25
201,22015,201939,0021500788,"FEB 09, 2016","GSW vs. HOU",W,38,12,24,0.5,7,16,0.438,4,4,1,1,4,5,9,1,0,1,2,35,3,1,59.75
202,22015,201939,0021500769,"FEB 06, 2016","GSW vs. OKC",W,38,10,26,0.385,1,9,0.111,5,5,1,1,5,6,10,3,0,3,2,26,3,1,55
203,22015,201939,0021500739,"FEB 03, 2016","GSW @ WAS",W,36,19,28,0.679,11,15,0.733,2,3,0.667,1,6,7,2,3,0,7,3,51,20,1,72.25
204,22015,201939,0021500718,"JAN 31, 2016","GSW @ NYK",W,32,5,17,0.294,3,11,0.273,0,0,0,0,4,4,4,3,0,3,1,13,10,1,30
205,22015,201939,0021500707,"JAN 30, 2016","GSW @ PHI",W,34,9,19,0.474,5,11,0.455,0,0,0,2,3,5,6,1,2,8,3,23,17,1,42.75
206,22015,201939,0021500691,"JAN 27, 2016","GSW vs. DAL",W,32,4,11,0.364,3,7,0.429,3,3,1,1,1,2,9,3,1,0,2,14,26,1,39.5
207,22015,201939,0021500675,"JAN 25, 2016","GSW vs. SAS",W,28,12,20,0.6,6,9,0.667,7,7,1,1,1,2,3,5,0,1,0,37,23,1,56.5
208,22015,201939,0021500652,"JAN 22, 2016","GSW vs. IND",W,37,11,19,0.579,8,15,0.533,9,9,1,2,8,10,12,1,0,2,1,39,22,1,79
209,22015,201939,0021500634,"JAN 20, 2016","GSW @ CHI",W,34,8,18,0.444,3,9,0.333,6,6,1,1,6,7,11,2,1,2,2,25,36,1,58.25
210,22015,201939,0021500622,"JAN 18, 2016","GSW @ CLE",W,28,12,18,0.667,7,12,0.583,4,4,1,2,3,5,4,3,0,1,3,35,34,1,56.25
211,22015,201939,0021500605,"JAN 16, 2016","GSW @ DET",L,37,13,26,0.5,7,15,0.467,5,6,0.833,1,6,7,5,2,0,2,1,38,2,1,60.75
212,22015,201939,0021500592,"JAN 14, 2016","GSW vs. LAL",W,30,9,18,0.5,8,16,0.5,0,0,0,2,4,6,3,1,0,3,3,26,14,1,42.5
213,22015,201939,0021500583,"JAN 13, 2016","GSW @ DEN",L,40,13,25,0.52,5,12,0.417,7,7,1,2,3,5,9,3,1,8,1,38,-4,1,64.25
214,22015,201939,0021500568,"JAN 11, 2016","GSW vs. MIA",W,38,11,27,0.407,4,11,0.364,5,6,0.833,0,2,2,6,1,0,1,2,31,-3,1,46
215,22015,201939,0021500556,"JAN 09, 2016","GSW @ SAC",W,38,12,21,0.571,8,14,0.571,6,7,0.857,1,5,6,11,1,1,4,3,38,16,1,69.5
216,22015,201939,0021500548,"JAN 08, 2016","GSW @ POR",W,29,8,18,0.444,4,11,0.364,6,6,1,0,3,3,9,1,0,1,2,26,22,1,46.75
217,22015,201939,0021500524,"JAN 05, 2016","GSW @ LAL",W,26,6,13,0.462,4,8,0.5,1,1,1,1,0,1,6,3,0,3,2,17,28,1,33.75
218,22015,201939,0021500520,"JAN 04, 2016","GSW vs. CHA",W,32,12,21,0.571,5,10,0.5,1,1,1,0,3,3,4,2,0,2,4,30,1,1,45.25
219,22015,201939,0021500504,"JAN 02, 2016","GSW vs. DEN",W,14,2,6,0.333,1,5,0.2,0,0,0,0,1,1,4,2,0,2,1,5,12,1,15.75
220,22015,201939,0021500468,"DEC 28, 2015","GSW vs. SAC",W,30,7,16,0.438,6,13,0.462,3,4,0.75,0,14,14,10,2,0,2,3,23,24,1,66
221,22015,201939,0021500438,"DEC 25, 2015","GSW vs. CLE",W,37,6,15,0.4,1,4,0.25,6,6,1,1,6,7,7,2,0,3,3,19,15,1,41.25
222,22015,201939,0021500434,"DEC 23, 2015","GSW vs. UTA",W,34,5,14,0.357,2,8,0.25,4,4,1,1,4,5,9,3,0,3,2,16,21,1,41.25
223,22015,201939,0021500397,"DEC 18, 2015","GSW vs. MIL",W,39,7,14,0.5,2,6,0.333,10,11,0.909,2,8,10,9,2,0,6,2,26,13,1,55.5
224,22015,201939,0021500381,"DEC 16, 2015","GSW vs. PHX",W,30,10,14,0.714,2,5,0.4,3,5,0.6,0,2,2,7,1,0,3,4,25,37,1,39.5
225,22015,201939,0021500351,"DEC 12, 2015","GSW @ MIL",L,35,10,22,0.455,2,9,0.222,6,7,0.857,2,5,7,5,1,0,2,2,28,0,1,46.25
226,22015,201939,0021500336,"DEC 11, 2015","GSW @ BOS",W,47,9,27,0.333,6,13,0.462,14,14,1,3,8,11,8,2,0,8,4,38,15,1,68.25
227,22015,201939,0021500314,"DEC 08, 2015","GSW @ IND",W,36,11,23,0.478,3,10,0.3,4,6,0.667,0,7,7,10,3,0,4,1,29,18,1,59.75
228,22015,201939,0021500300,"DEC 06, 2015","GSW @ BKN",W,32,11,17,0.647,5,9,0.556,1,4,0.25,0,5,5,2,1,0,4,2,28,10,1,39.75
229,22015,201939,0021500290,"DEC 05, 2015","GSW @ TOR",W,38,14,24,0.583,9,15,0.6,7,9,0.778,1,1,2,7,0,0,3,4,44,15,1,60
230,22015,201939,0021500268,"DEC 02, 2015","GSW @ CHA",W,31,14,18,0.778,8,11,0.727,4,4,1,0,3,3,5,0,0,5,2,40,19,1,52.75
231,22015,201939,0021500259,"NOV 30, 2015","GSW @ UTA",W,37,9,20,0.45,4,8,0.5,4,4,1,2,4,6,5,2,0,2,2,26,12,1,46
232,22015,201939,0021500245,"NOV 28, 2015","GSW vs. SAC",W,30,4,7,0.571,3,6,0.5,8,8,1,0,4,4,6,3,0,1,1,19,19,1,40
233,22015,201939,0021500236,"NOV 27, 2015","GSW @ PHX",W,31,11,20,0.55,9,16,0.563,10,11,0.909,1,5,6,8,2,0,6,2,41,27,1,66
234,22015,201939,0021500214,"NOV 24, 2015","GSW vs. LAL",W,30,10,21,0.476,4,12,0.333,0,0,0,0,4,4,9,2,0,0,1,24,36,1,48.5
235,22015,201939,0021500200,"NOV 22, 2015","GSW @ DEN",W,28,8,16,0.5,3,8,0.375,0,0,0,0,4,4,7,3,0,4,0,19,11,1,40
236,22015,201939,0021500187,"NOV 20, 2015","GSW vs. CHI",W,36,9,20,0.45,3,11,0.273,6,6,1,1,4,5,4,4,0,6,2,27,11,1,45.75
237,22015,201939,0021500177,"NOV 19, 2015","GSW @ LAC",W,37,11,22,0.5,6,14,0.429,12,12,1,0,11,11,4,3,0,7,2,40,12,1,66.75
238,22015,201939,0021500164,"NOV 17, 2015","GSW vs. TOR",W,40,13,23,0.565,5,10,0.5,6,7,0.857,0,2,2,9,2,0,7,1,37,11,1,56
239,22015,201939,0021500144,"NOV 14, 2015","GSW vs. BKN",W,44,13,31,0.419,5,16,0.313,3,3,1,0,3,3,6,1,0,4,1,34,3,1,49.25
240,22015,201939,0021500125,"NOV 12, 2015","GSW @ MIN",W,38,15,25,0.6,8,13,0.615,8,8,1,0,5,5,4,2,0,3,3,46,21,1,64.75
241,22015,201939,0021500120,"NOV 11, 2015","GSW @ MEM",W,35,9,21,0.429,3,10,0.3,7,7,1,0,5,5,5,5,1,4,1,28,16,1,53.25
242,22015,201939,0021500104,"NOV 09, 2015","GSW vs. DET",W,37,7,18,0.389,3,7,0.429,5,6,0.833,1,4,5,5,3,0,5,1,22,12,1,40.75
243,22015,201939,0021500092,"NOV 07, 2015","GSW @ SAC",W,39,8,18,0.444,2,10,0.2,6,7,0.857,1,5,6,3,2,0,6,1,24,6,1,38
244,22015,201939,0021500083,"NOV 06, 2015","GSW vs. DEN",W,35,12,22,0.545,8,16,0.5,2,3,0.667,0,7,7,10,3,1,4,1,34,14,1,69.25
245,22015,201939,0021500069,"NOV 04, 2015","GSW vs. LAC",W,33,8,17,0.471,7,11,0.636,8,9,0.889,0,5,5,4,1,0,0,3,31,7,1,48.75
246,22015,201939,0021500051,"NOV 02, 2015","GSW vs. MEM",W,28,10,16,0.625,4,8,0.5,6,6,1,1,2,3,3,3,1,3,2,30,37,1,46.75
247,22015,201939,0021500035,"OCT 31, 2015","GSW @ NOP",W,36,17,27,0.63,8,14,0.571,11,11,1,0,4,4,9,4,0,2,3,53,16,1,82.5
248,22015,201939,0021500030,"OCT 30, 2015","GSW @ HOU",W,27,9,15,0.6,4,9,0.444,3,4,0.75,0,7,7,6,1,0,1,4,25,12,1,46.25
249,22015,201939,0021500003,"OCT 27, 2015","GSW vs. NOP",W,36,14,26,0.538,5,12,0.417,7,7,1,3,3,6,7,2,0,2,1,40,12,1,63.5
250,22014,201939,0021401229,"APR 15, 2015","GSW vs. DEN",W,19,4,10,0.4,2,4,0.5,0,0,0,2,2,4,7,5,0,2,1,10,14,1,35.5
251,22014,201939,0021401212,"APR 13, 2015","GSW vs. MEM",W,29,6,10,0.6,3,6,0.5,0,0,0,0,4,4,8,1,0,3,2,15,24,1,34
252,22014,201939,0021401192,"APR 11, 2015","GSW vs. MIN",W,35,11,21,0.524,5,11,0.455,7,8,0.875,0,4,4,7,4,0,3,1,34,17,1,58.5
253,22014,201939,0021401174,"APR 09, 2015","GSW vs. POR",W,35,17,23,0.739,8,13,0.615,3,3,1,1,1,2,10,0,0,4,2,45,21,1,66
254,22014,201939,0021401156,"APR 07, 2015","GSW @ NOP",L,35,9,18,0.5,5,8,0.625,2,2,1,1,5,6,9,1,0,2,3,25,4,1,49.5
255,22014,201939,0021401150,"APR 05, 2015","GSW @ SAS",L,30,9,17,0.529,5,10,0.5,1,2,0.5,0,4,4,6,1,0,4,2,24,-16,1,40.5
256,22014,201939,0021401142,"APR 04, 2015","GSW @ DAL",W,27,4,12,0.333,1,4,0.25,2,3,0.667,2,2,4,3,1,0,1,1,11,9,1,22.5
257,22014,201939,0021401126,"APR 02, 2015","GSW vs. PHX",W,34,10,22,0.455,6,11,0.545,2,2,1,1,7,8,5,0,0,6,3,28,-1,1,45.5
258,22014,201939,0021401111,"MAR 31, 2015","GSW @ LAC",W,36,8,15,0.533,4,6,0.667,7,7,1,1,0,1,4,1,0,3,3,27,-1,1,36.75
259,22014,201939,0021401089,"MAR 28, 2015","GSW @ MIL",W,30,8,13,0.615,6,9,0.667,3,3,1,0,4,4,6,1,0,6,4,25,-1,1,41
260,22014,201939,0021401082,"MAR 27, 2015","GSW @ MEM",W,34,12,22,0.545,8,12,0.667,6,6,1,1,2,3,10,3,1,4,3,38,26,1,68.25
261,22014,201939,0021401059,"MAR 24, 2015","GSW @ POR",W,35,13,22,0.591,5,9,0.556,2,2,1,0,2,2,10,1,0,2,2,33,12,1,55.5
262,22014,201939,0021401053,"MAR 23, 2015","GSW vs. WAS",W,28,8,14,0.571,5,8,0.625,3,3,1,1,4,5,6,2,0,2,1,24,30,1,44.75
263,22014,201939,0021401036,"MAR 21, 2015","GSW vs. UTA",W,32,8,18,0.444,3,6,0.5,5,5,1,1,2,3,3,3,0,0,0,24,12,1,39.75
264,22014,201939,0021401030,"MAR 20, 2015","GSW vs. NOP",W,27,4,17,0.235,2,10,0.2,6,6,1,0,2,2,11,0,0,3,0,16,11,1,36
265,22014,201939,0021401014,"MAR 18, 2015","GSW vs. ATL",W,30,4,11,0.364,2,6,0.333,6,6,1,1,3,4,12,0,0,4,1,16,16,1,39.5
266,22014,201939,0021400999,"MAR 16, 2015","GSW vs. LAL",W,33,5,14,0.357,2,6,0.333,7,7,1,0,4,4,9,3,0,6,2,19,-4,1,41.5
267,22014,201939,0021400981,"MAR 14, 2015","GSW vs. NYK",W,27,8,15,0.533,6,10,0.6,3,3,1,0,3,3,11,3,0,1,2,25,30,1,55.25
268,22014,201939,0021400960,"MAR 11, 2015","GSW vs. DET",W,34,4,15,0.267,1,7,0.143,0,0,0,1,4,5,11,1,0,3,1,9,8,1,32.75
269,22014,201939,0021400944,"MAR 09, 2015","GSW @ PHX",W,36,14,24,0.583,7,13,0.538,1,2,0.5,3,3,6,5,4,0,4,3,36,23,1,60.5
270,22014,201939,0021400932,"MAR 08, 2015","GSW vs. LAC",W,32,3,9,0.333,2,2,1,4,4,1,0,1,1,4,3,0,4,1,12,15,1,24.25
271,22014,201939,0021400922,"MAR 06, 2015","GSW vs. DAL",W,31,6,11,0.545,5,8,0.625,5,6,0.833,0,2,2,7,2,1,3,2,22,23,1,42
272,22014,201939,0021400907,"MAR 04, 2015","GSW vs. MIL",W,37,6,16,0.375,6,13,0.462,1,2,0.5,0,1,1,11,2,2,5,3,19,6,1,46.75
273,22014,201939,0021400886,"MAR 02, 2015","GSW @ BKN",L,29,8,16,0.5,6,12,0.5,4,4,1,0,2,2,7,1,0,4,4,26,1,1,42
274,22014,201939,0021400880,"MAR 01, 2015","GSW @ BOS",W,38,14,22,0.636,5,8,0.625,4,4,1,0,4,4,5,1,0,5,1,37,8,1,51.5
275,22014,201939,0021400861,"FEB 27, 2015","GSW @ TOR",W,25,8,13,0.615,3,4,0.75,3,3,1,3,3,6,5,2,0,2,0,22,33,1,41.5
276,22014,201939,0021400854,"FEB 26, 2015","GSW @ CLE",L,34,5,17,0.294,3,9,0.333,5,5,1,0,3,3,6,1,0,4,3,18,-10,1,32.25
277,22014,201939,0021400838,"FEB 24, 2015","GSW @ WAS",W,34,11,18,0.611,5,9,0.556,5,5,1,0,0,0,8,2,0,0,1,32,1,1,50.5
278,22014,201939,0021400814,"FEB 20, 2015","GSW vs. SAS",W,32,8,17,0.471,4,8,0.5,5,5,1,0,4,4,11,4,0,2,2,25,22,1,57
279,22014,201939,0021400793,"FEB 11, 2015","GSW @ MIN",W,36,9,23,0.391,2,10,0.2,5,5,1,2,3,5,8,3,0,3,1,25,0,1,48.75
280,22014,201939,0021400775,"FEB 09, 2015","GSW @ PHI",W,32,7,20,0.35,3,12,0.25,3,4,0.75,0,5,5,6,3,0,1,2,20,0,1,42.25
281,22014,201939,0021400760,"FEB 07, 2015","GSW @ NYK",W,31,8,18,0.444,5,9,0.556,1,3,0.333,2,4,6,0,2,0,3,0,22,21,1,34.5
282,22014,201939,0021400749,"FEB 06, 2015","GSW @ ATL",L,36,8,19,0.421,4,9,0.444,6,7,0.857,0,2,2,9,2,2,1,3,26,-5,1,51.5
283,22014,201939,0021400741,"FEB 04, 2015","GSW vs. DAL",W,37,16,26,0.615,10,16,0.625,9,11,0.818,0,4,4,4,1,0,3,3,51,0,1,69
284,22014,201939,0021400730,"FEB 03, 2015","GSW @ SAC",W,29,6,15,0.4,2,6,0.333,9,10,0.9,0,5,5,9,3,0,2,2,23,7,1,48.75
285,22014,201939,0021400715,"JAN 31, 2015","GSW vs. PHX",W,37,9,23,0.391,4,9,0.444,3,3,1,1,3,4,7,2,1,1,2,25,23,1,48
286,22014,201939,0021400703,"JAN 30, 2015","GSW @ UTA",L,34,10,22,0.455,5,11,0.455,7,9,0.778,1,6,7,6,3,0,2,1,32,-11,1,57.25
287,22014,201939,0021400679,"JAN 27, 2015","GSW vs. CHI",L,43,9,23,0.391,2,9,0.222,1,1,1,0,4,4,9,3,0,3,3,21,-3,1,45
288,22014,201939,0021400665,"JAN 25, 2015","GSW vs. BOS",W,33,6,16,0.375,1,5,0.2,9,9,1,0,4,4,11,2,0,3,1,22,6,1,48
289,22014,201939,0021400651,"JAN 23, 2015","GSW vs. SAC",W,29,3,11,0.273,2,7,0.286,2,2,1,1,3,4,11,2,0,6,0,10,20,1,35
290,22014,201939,0021400636,"JAN 21, 2015","GSW vs. HOU",W,34,7,12,0.583,3,5,0.6,5,6,0.833,2,1,3,10,1,0,6,3,22,23,1,42.75
291,22014,201939,0021400615,"JAN 19, 2015","GSW vs. DEN",W,25,7,13,0.538,2,5,0.4,4,4,1,1,0,1,8,1,2,1,2,20,18,1,39.75
292,22014,201939,0021400603,"JAN 17, 2015","GSW @ HOU",W,33,9,18,0.5,2,8,0.25,7,8,0.875,3,4,7,11,3,1,2,0,27,25,1,61.75
293,22014,201939,0021400593,"JAN 16, 2015","GSW @ OKC",L,31,6,13,0.462,2,6,0.333,5,5,1,0,3,3,6,2,0,6,2,19,-4,1,33.75
294,22014,201939,0021400582,"JAN 14, 2015","GSW vs. MIA",W,32,11,19,0.579,7,10,0.7,3,5,0.6,2,3,5,3,2,0,3,1,32,11,1,48.75
295,22014,201939,0021400571,"JAN 13, 2015","GSW @ UTA",W,29,10,16,0.625,4,9,0.444,3,3,1,0,2,2,11,0,0,2,2,27,17,1,48.5
296,22014,201939,0021400547,"JAN 09, 2015","GSW vs. CLE",W,35,8,15,0.533,3,8,0.375,4,4,1,0,1,1,10,2,0,1,1,23,10,1,45.75
297,22014,201939,0021400533,"JAN 07, 2015","GSW vs. IND",W,35,8,17,0.471,4,8,0.5,1,1,1,0,3,3,15,4,0,5,5,21,12,1,56.25
298,22014,201939,0021400518,"JAN 05, 2015","GSW vs. OKC",W,31,7,14,0.5,1,4,0.25,4,4,1,0,9,9,6,4,0,2,2,19,15,1,46.75
299,22014,201939,0021400493,"JAN 02, 2015","GSW vs. TOR",W,34,10,18,0.556,5,11,0.455,7,7,1,2,3,5,12,1,0,0,3,32,25,1,62.25
300,22014,201939,0021400474,"DEC 30, 2014","GSW vs. PHI",W,27,4,7,0.571,3,6,0.5,2,2,1,0,3,3,9,3,0,3,3,13,28,1,36.25
301,22014,201939,0021400452,"DEC 27, 2014","GSW vs. MIN",W,31,9,18,0.5,4,9,0.444,3,4,0.75,1,2,3,6,3,0,3,3,25,18,1,44.25
302,22014,201939,0021400431,"DEC 25, 2014","GSW @ LAC",L,36,5,12,0.417,1,5,0.2,3,4,0.75,2,7,9,7,2,0,5,3,14,-12,1,37.75
303,22014,201939,0021400426,"DEC 23, 2014","GSW @ LAL",L,30,10,14,0.714,2,5,0.4,0,0,0,0,2,2,6,3,0,7,0,22,-10,1,37
304,22014,201939,0021400415,"DEC 22, 2014","GSW vs. SAC",W,26,5,12,0.417,1,5,0.2,1,1,1,0,2,2,11,3,0,1,1,12,15,1,38.5
305,22014,201939,0021400382,"DEC 18, 2014","GSW vs. OKC",W,42,14,24,0.583,5,12,0.417,1,1,1,4,3,7,9,4,1,4,0,34,7,1,66.75
306,22014,201939,0021400365,"DEC 16, 2014","GSW @ MEM",L,39,9,25,0.36,1,10,0.1,0,0,0,0,7,7,6,4,0,3,2,19,16,1,43.75
307,22014,201939,0021400348,"DEC 14, 2014","GSW @ NOP",W,40,11,21,0.524,6,10,0.6,6,6,1,0,7,7,7,1,0,6,1,34,5,1,55.25
308,22014,201939,0021400340,"DEC 13, 2014","GSW @ DAL",W,37,9,22,0.409,3,11,0.273,8,9,0.889,0,3,3,8,2,0,1,1,29,13,1,49.75
309,22014,201939,0021400324,"DEC 10, 2014","GSW vs. HOU",W,37,8,15,0.533,3,5,0.6,1,1,1,1,6,7,7,0,0,4,3,20,16,1,38.75
310,22014,201939,0021400305,"DEC 08, 2014","GSW @ MIN",W,31,10,20,0.5,1,7,0.143,0,0,0,1,3,4,7,3,1,3,3,21,22,1,43.5
311,22014,201939,0021400289,"DEC 06, 2014","GSW @ CHI",W,36,5,14,0.357,1,5,0.2,8,9,0.889,1,5,6,7,1,0,3,2,19,7,1,38
312,22014,201939,0021400275,"DEC 04, 2014","GSW vs. NOP",W,31,8,17,0.471,3,6,0.5,0,0,0,0,3,3,11,4,1,2,0,19,11,1,51.25
313,22014,201939,0021400262,"DEC 02, 2014","GSW vs. ORL",W,36,8,17,0.471,3,9,0.333,3,3,1,1,3,4,5,0,0,4,2,22,8,1,34
314,22014,201939,0021400243,"NOV 30, 2014","GSW @ DET",W,28,5,9,0.556,1,3,0.333,5,6,0.833,1,2,3,10,1,0,1,2,16,11,1,38.25
315,22014,201939,0021400224,"NOV 28, 2014","GSW @ CHA",W,32,9,20,0.45,1,10,0.1,7,7,1,1,3,4,6,1,2,4,4,26,16,1,44.5
316,22014,201939,0021400212,"NOV 26, 2014","GSW @ ORL",W,24,9,13,0.692,6,8,0.75,4,5,0.8,1,4,5,8,0,0,1,1,28,22,1,48.75
317,22014,201939,0021400206,"NOV 25, 2014","GSW @ MIA",W,37,12,19,0.632,8,11,0.727,8,9,0.889,0,6,6,7,3,1,2,2,40,28,1,69
318,22014,201939,0021400196,"NOV 23, 2014","GSW @ OKC",W,38,5,15,0.333,2,6,0.333,3,4,0.75,0,6,6,6,1,0,1,0,15,2,1,34
319,22014,201939,0021400182,"NOV 21, 2014","GSW vs. UTA",W,25,3,9,0.333,2,6,0.333,0,0,0,0,5,5,10,2,0,4,2,8,23,1,32.25
320,22014,201939,0021400145,"NOV 16, 2014","GSW @ LAL",W,30,10,19,0.526,5,9,0.556,5,5,1,0,4,4,15,1,0,3,0,30,27,1,62
321,22014,201939,0021400140,"NOV 15, 2014","GSW vs. CHA",W,28,8,15,0.533,3,6,0.5,0,1,0,2,3,5,9,1,0,1,3,19,23,1,41.75
322,22014,201939,0021400121,"NOV 13, 2014","GSW vs. BKN",W,32,6,12,0.5,3,7,0.429,2,2,1,1,2,3,5,0,0,3,5,17,6,1,28.25
323,22014,201939,0021400108,"NOV 11, 2014","GSW vs. SAS",L,36,7,18,0.389,0,7,0,2,2,1,0,6,6,5,0,0,3,2,16,-18,1,29.5
324,22014,201939,0021400095,"NOV 09, 2014","GSW @ PHX",L,34,10,20,0.5,4,10,0.4,4,4,1,0,2,2,10,5,0,10,5,28,-6,1,57
325,22014,201939,0021400087,"NOV 08, 2014","GSW @ HOU",W,40,13,19,0.684,6,9,0.667,2,2,1,1,8,9,5,4,0,5,2,34,13,1,61.25
326,22014,201939,0021400068,"NOV 05, 2014","GSW vs. LAC",W,34,9,18,0.5,4,8,0.5,6,6,1,0,6,6,7,1,0,5,4,28,21,1,47.5
327,22014,201939,0021400042,"NOV 02, 2014","GSW @ POR",W,31,6,18,0.333,1,5,0.2,8,8,1,1,4,5,6,2,0,3,1,21,12,1,39.25
328,22014,201939,0021400038,"NOV 01, 2014","GSW vs. LAL",W,34,10,19,0.526,3,8,0.375,8,8,1,0,5,5,10,3,0,2,3,31,30,1,60.25
329,22014,201939,0021400014,"OCT 29, 2014","GSW @ SAC",W,37,7,17,0.412,2,9,0.222,8,9,0.889,1,9,10,5,6,0,4,5,24,20,1,56.5
