Position,Name,Salary,GameInfo,AvgPointsPerGame,teamAbbrev,atHome,injured,7GameAvg,FloorAvg,4GameAvg,dvp,value,LastGame,fvalue,O/U,odds,penalty,Final
PG,Russell Westbrook,12700,OKC@Bos 07:30PM ET,64.526,OKC,0,0,65.286,54.533,76.062,25.500,76.200,82.250,0.210,211.500,5.500,-0.516,82.250
PG/SG,James Harden,11200,Hou@Mem 08:00PM ET,59.308,Hou,0,0,56.107,52.050,57.562,7.250,67.200,50.250,0.183,205.500,-3.500,-11.511,50.250
PF/C,Anthony Davis,10600,Mia@NO 08:00PM ET,55.190,NO,1,0,55.964,40.625,51.875,12.000,63.600,68.000,0.327,205.500,-4.500,-2.814,68.000
PF/C,DeMarcus Cousins,10400,Sac@Min 08:00PM ET,52.580,Sac,0,0,49.179,39.125,56.188,11.750,62.400,62.250,0.253,206.500,5.000,-2.098,62.250
SF,LeBron James,10100,Bkn@Cle 07:30PM ET,52.340,Cle,1,0,50.964,42.786,53.188,30.000,60.600,39.750,0.241,225.500,-16.500,-0.805,39.750
PG,Giannis Antetokounmpo,9900,Was@Mil 08:00PM ET,50.676,Mil,1,0,51.786,40.568,56.188,5.000,59.400,63.500,0.224,214.500,-3.000,-8.368,63.500
PG,Chris Paul,9400,Dal@LAC 10:30PM ET,44.017,LAC,1,0,47.679,36.309,40.938,1.000,56.400,39.500,0.129,194.500,-4.500,-30.692,0.000
PG,John Wall,9100,Was@Mil 08:00PM ET,48.808,Was,0,0,47.429,40.479,43.500,4.000,54.600,38.750,0.260,214.500,3.000,-18.301,38.750
PF/C,Karl-Anthony Towns,9000,Sac@Min 08:00PM ET,44.518,Min,1,0,53.286,37.597,54.375,16.000,54.000,45.250,0.218,206.500,-5.000,-2.098,45.250
C,Hassan Whiteside,8900,Mia@NO 08:00PM ET,44.142,Mia,0,0,38.071,31.365,49.688,21.000,53.400,40.500,0.238,205.500,4.500,-2.814,40.500
SF,Kevin Durant,8800,GS@Det 07:30PM ET,49.183,GS,0,0,43.179,40.733,48.062,4.500,52.800,46.000,0.356,214.500,-8.000,-8.590,46.000
SG/SF,Jimmy Butler,8400,Chi@Cha 07:00PM ET,42.893,Chi,0,0,45.214,34.067,35.688,21.500,50.400,39.000,0.249,205.000,4.500,-3.172,39.000
PF/C,Blake Griffin,8300,Dal@LAC 10:30PM ET,41.942,LAC,1,0,45.679,35.625,41.750,7.000,49.800,46.250,0.178,194.500,-4.500,-22.121,0.000
PF/C,Kevin Love,8200,Bkn@Cle 07:30PM ET,42.500,Cle,1,0,45.714,34.411,46.688,29.500,49.200,36.750,0.258,225.500,-16.500,11.511,36.750
PF/C,Paul Millsap,8100,Atl@Den 09:00PM ET,38.519,Atl,0,0,37.071,26.977,43.000,13.500,48.600,39.000,0.195,217.000,5.500,3.423,39.000
PG,Stephen Curry,8000,GS@Det 07:30PM ET,42.975,GS,0,0,41.643,37.847,39.688,24.000,48.000,44.750,0.274,214.500,-8.000,3.632,44.750
PG,Damian Lillard,8000,SA@Por 10:00PM ET,44.484,Por,1,0,42.929,34.188,40.000,3.000,48.000,40.250,0.387,211.500,2.000,-11.850,40.250
PG,Isaiah Thomas,7900,OKC@Bos 07:30PM ET,41.480,Bos,1,0,38.464,35.950,49.250,22.500,47.400,53.500,0.268,211.500,-5.500,1.484,53.500
PG,Kyrie Irving,7800,Bkn@Cle 07:30PM ET,38.110,Cle,1,0,39.464,31.042,51.000,30.000,46.800,47.750,0.183,225.500,-16.500,11.511,47.750
SF,Gordon Hayward,7800,Tor@Uta 09:00PM ET,38.022,Uta,1,0,37.571,29.227,35.812,8.500,46.800,34.750,0.193,198.500,1.000,-7.827,34.750
SF,Kawhi Leonard,7800,SA@Por 10:00PM ET,41.431,SA,0,0,42.393,33.288,38.312,19.500,46.800,43.250,0.277,211.500,-2.000,1.484,43.250
PG,Kemba Walker,7700,Chi@Cha 07:00PM ET,39.500,Cha,1,0,37.107,33.309,42.812,10.000,46.200,34.750,0.239,205.000,-4.500,-3.172,34.750
PF/C,Draymond Green,7600,GS@Det 07:30PM ET,39.848,GS,0,0,39.357,35.069,39.312,8.250,45.600,38.250,0.251,214.500,-8.000,3.632,38.250
PG,Eric Bledsoe,7600,Phi@Pho 09:00PM ET,37.397,Pho,1,0,38.929,29.074,34.750,9.000,45.600,49.500,0.260,212.500,-6.000,2.200,49.500
C,Marc Gasol,7500,Hou@Mem 08:00PM ET,39.172,Mem,1,0,38.607,29.875,39.500,23.000,45.000,32.750,0.293,205.500,3.500,-2.814,32.750
PG,Dennis Schroder,7400,Atl@Den 09:00PM ET,31.793,Atl,0,0,41.214,24.333,37.000,29.000,44.400,43.500,0.114,217.000,5.500,3.423,43.500
PG,Kyle Lowry,7400,Tor@Uta 09:00PM ET,42.107,Tor,0,0,42.571,34.917,44.438,7.000,44.400,52.500,0.404,198.500,-1.000,-19.256,52.500
PG,Goran Dragic,7400,Mia@NO 08:00PM ET,35.830,Mia,0,0,36.000,28.217,36.625,27.500,44.400,35.000,0.223,205.500,4.500,-2.814,35.000
SG,DeMar DeRozan,7300,Tor@Uta 09:00PM ET,41.768,Tor,0,0,40.893,33.318,38.938,1.000,43.800,40.000,0.402,198.500,-1.000,-27.827,40.000
C,Rudy Gobert,7300,Tor@Uta 09:00PM ET,35.308,Uta,1,0,41.464,26.442,40.375,9.000,43.800,35.000,0.183,198.500,1.000,-7.827,35.000
PF/C,Joel Embiid,7300,Phi@Pho 09:00PM ET,35.368,Phi,0,0,33.750,27.389,36.938,22.250,43.800,40.250,0.189,212.500,6.000,0.200,40.250
C,DeAndre Jordan,7200,Dal@LAC 10:30PM ET,33.425,LAC,1,0,32.750,28.167,33.875,11.000,43.200,32.250,0.122,194.500,-4.500,-10.692,32.250
SG/SF,Nicolas Batum,7100,Chi@Cha 07:00PM ET,34.839,Cha,1,0,42.286,27.167,44.062,10.500,42.600,56.750,0.252,205.000,-4.500,-3.172,56.750
C,Dwight Howard,7000,Atl@Den 09:00PM ET,36.913,Atl,0,0,33.964,24.200,40.188,18.500,42.000,43.250,0.339,217.000,5.500,3.423,0.000
C,Andre Drummond,6900,GS@Det 07:30PM ET,37.708,Det,1,0,37.393,28.941,30.562,22.000,41.400,33.750,0.374,214.500,8.000,1.632,33.750
SG,Zach LaVine,6900,Sac@Min 08:00PM ET,31.806,Min,1,0,34.893,25.953,39.750,23.500,41.400,55.000,0.203,206.500,-5.000,-2.098,55.000
C,Al Horford,6800,OKC@Bos 07:30PM ET,37.303,Bos,1,0,40.464,29.325,38.250,12.000,40.800,43.000,0.369,211.500,-5.500,1.484,43.000
SF/PF,Jabari Parker,6800,Was@Mil 08:00PM ET,32.870,Mil,1,0,40.393,25.350,36.812,20.750,40.800,43.500,0.226,214.500,-3.000,3.632,43.500
C,Nikola Vucevic,6700,LAL@Orl 07:00PM ET,33.670,Orl,1,0,39.357,25.088,31.438,30.000,40.200,27.250,0.284,209.500,-5.000,0.051,27.250
SG,Bradley Beal,6600,Was@Mil 08:00PM ET,34.420,Was,0,0,32.607,25.596,34.438,16.000,39.600,22.500,0.296,214.500,3.000,-6.771,22.500
SF,Andrew Wiggins,6600,Sac@Min 08:00PM ET,32.554,Min,1,0,28.393,20.917,31.062,12.000,39.600,17.500,0.268,206.500,-5.000,-14.231,17.500
SG,Dwyane Wade,6600,Chi@Cha 07:00PM ET,33.635,Chi,0,0,35.393,25.635,26.438,20.000,39.600,27.250,0.262,205.000,4.500,-3.172,27.250
C,Brook Lopez,6500,Bkn@Cle 07:30PM ET,36.040,Bkn,0,0,35.714,28.067,41.250,7.000,39.000,24.750,0.382,225.500,16.500,-13.183,24.750
PG,George Hill,6500,Tor@Uta 09:00PM ET,33.750,Uta,1,0,31.042,22.667,32.562,11.000,39.000,16.750,0.256,198.500,1.000,-15.712,0.000
PG,Jrue Holiday,6500,Mia@NO 08:00PM ET,31.938,NO,1,0,35.250,25.972,33.500,6.000,39.000,37.500,0.208,205.500,-4.500,-14.480,37.500
PG/SG,C.J. McCollum,6400,SA@Por 10:00PM ET,35.274,Por,1,0,33.821,28.000,29.438,10.000,38.400,32.000,0.384,211.500,2.000,1.484,32.000
PF/C,LaMarcus Aldridge,6400,SA@Por 10:00PM ET,30.663,SA,0,0,31.143,24.700,36.250,28.500,38.400,52.000,0.236,211.500,-2.000,1.484,52.000
SG/SF,Evan Fournier,6300,LAL@Orl 07:00PM ET,28.742,Orl,1,0,32.821,21.000,31.562,24.500,37.800,34.750,0.164,209.500,-5.000,0.051,0.000
SG,Devin Booker,6300,Phi@Pho 09:00PM ET,28.964,Pho,1,0,31.036,22.353,39.812,18.500,37.800,43.500,0.216,212.500,-6.000,2.200,43.500
C,Nikola Jokic,6200,Atl@Den 09:00PM ET,27.923,Den,1,0,34.464,19.641,34.812,4.000,37.200,29.750,0.252,217.000,-5.500,-7.077,29.750
SG,Klay Thompson,6200,GS@Det 07:30PM ET,31.792,GS,0,0,29.571,24.588,28.938,5.000,37.200,25.750,0.299,214.500,-8.000,-8.368,25.750
SG,Avery Bradley,6100,OKC@Bos 07:30PM ET,34.190,Bos,1,0,30.393,27.467,26.938,11.000,36.600,25.000,0.378,211.500,-5.500,-7.211,25.000
C,Marcin Gortat,6100,Was@Mil 08:00PM ET,32.018,Was,0,0,33.857,25.906,28.438,14.000,36.600,19.500,0.268,214.500,3.000,-4.530,19.500
PF/C,Serge Ibaka,6100,LAL@Orl 07:00PM ET,29.839,Orl,1,0,32.214,22.431,36.625,28.250,36.600,51.250,0.292,209.500,-5.000,0.051,51.250
SF/PF,Wilson Chandler,6000,Atl@Den 09:00PM ET,30.442,Den,1,0,34.821,21.500,28.625,21.250,36.000,39.750,0.335,217.000,-5.500,5.423,39.750
PG,Ricky Rubio,6000,Sac@Min 08:00PM ET,25.152,Min,1,0,28.429,19.625,33.875,21.000,36.000,38.500,0.114,206.500,-5.000,-2.098,38.500
SF,Rudy Gay,6000,Sac@Min 08:00PM ET,34.804,Sac,0,0,39.929,26.792,29.250,4.500,36.000,22.250,0.457,206.500,5.000,-24.743,0.000
PG,Rajon Rondo,6000,Chi@Cha 07:00PM ET,29.573,Chi,0,0,27.929,21.429,31.438,18.000,36.000,35.250,0.298,205.000,4.500,-3.172,35.250
PG,Mike Conley,6000,Hou@Mem 08:00PM ET,34.940,Mem,1,0,30.286,26.979,32.062,13.500,36.000,38.750,0.468,205.500,3.500,-2.814,38.750
SF/PF,Harrison Barnes,6000,Dal@LAC 10:30PM ET,31.259,Dal,0,0,30.071,23.731,33.750,11.750,36.000,35.500,0.295,194.500,4.500,-10.692,35.500
PG,Elfrid Payton,5900,LAL@Orl 07:00PM ET,27.323,Orl,1,0,26.500,20.940,32.938,27.500,35.400,47.750,0.272,209.500,-5.000,0.051,47.750
SG,Lou Williams,5900,LAL@Orl 07:00PM ET,30.133,LAL,0,0,27.143,22.188,28.312,22.000,35.400,21.500,0.294,209.500,5.000,0.051,21.500
PG,Patrick Beverley,5800,Hou@Mem 08:00PM ET,27.474,Hou,0,0,28.464,19.781,30.312,8.000,34.800,27.500,0.197,205.500,-3.500,-2.814,27.500
PF/C,Julius Randle,5800,LAL@Orl 07:00PM ET,30.304,LAL,0,0,26.964,22.143,31.188,15.000,34.800,30.000,0.332,209.500,5.000,0.051,0.000
PG,Jeremy Lin,5800,Bkn@Cle 07:30PM ET,31.425,Bkn,0,0,27.929,25.344,29.500,20.000,34.800,21.000,0.327,225.500,16.500,-0.060,21.000
SG,Victor Oladipo,5700,OKC@Bos 07:30PM ET,28.500,OKC,0,0,29.321,19.479,20.188,14.000,34.200,2.750,0.314,211.500,5.500,-12.219,0.000
PF/C,Gorgui Dieng,5700,Sac@Min 08:00PM ET,27.384,Min,1,0,25.036,20.214,25.500,16.000,34.200,25.500,0.219,206.500,-5.000,-2.098,25.500
SG,Eric Gordon,5700,Hou@Mem 08:00PM ET,28.425,Hou,0,0,32.286,22.406,32.438,6.500,34.200,31.000,0.249,205.500,-3.500,-14.352,31.000
PF,Trevor Booker,5700,Bkn@Cle 07:30PM ET,28.509,Bkn,0,0,22.036,19.500,18.312,14.500,34.200,17.250,0.285,225.500,16.500,-0.448,0.000
SF,Robert Covington,5700,Phi@Pho 09:00PM ET,23.750,Phi,0,0,22.857,15.438,26.562,26.000,34.200,27.000,0.166,212.500,6.000,0.200,27.000
PG,D'Angelo Russell,5600,LAL@Orl 07:00PM ET,29.013,LAL,0,0,27.107,23.308,30.375,13.500,33.600,27.000,0.323,209.500,5.000,0.051,27.000
PG,Deron Williams,5600,Dal@LAC 10:30PM ET,27.619,Dal,0,0,29.393,18.438,33.562,2.000,33.600,32.750,0.273,194.500,4.500,-25.692,32.750
SG,Dion Waiters,5600,Mia@NO 08:00PM ET,27.078,Mia,0,0,26.786,15.679,31.750,18.500,33.600,44.750,0.292,205.500,4.500,-2.814,0.000
C,Pau Gasol,5600,SA@Por 10:00PM ET,29.223,SA,0,0,30.429,21.650,33.875,28.000,33.600,38.750,0.340,211.500,-2.000,1.484,0.000
SG/SF,Will Barton,5500,Atl@Den 09:00PM ET,26.265,Den,1,0,24.143,17.156,29.188,24.500,33.000,27.000,0.254,217.000,-5.500,5.423,27.000
PG,Tyler Johnson,5500,Mia@NO 08:00PM ET,27.732,Mia,0,0,29.143,20.783,29.562,27.500,33.000,18.750,0.257,205.500,4.500,-11.309,18.750
C,Mason Plumlee,5500,SA@Por 10:00PM ET,29.911,Por,1,0,31.536,22.868,29.688,3.000,33.000,18.250,0.370,211.500,2.000,-22.278,18.250
SG/SF,Kent Bazemore,5400,Atl@Den 09:00PM ET,22.676,Atl,0,0,25.036,13.062,25.938,22.500,32.400,16.500,0.161,217.000,5.500,3.423,16.500
SF,Danilo Gallinari,5400,Atl@Den 09:00PM ET,27.519,Den,1,0,29.786,22.643,29.938,24.000,32.400,40.750,0.263,217.000,-5.500,5.423,40.750
PG,Reggie Jackson,5400,GS@Det 07:30PM ET,24.625,Det,1,0,28.000,20.821,28.750,16.500,32.400,29.250,0.168,214.500,8.000,1.632,29.250
SF,Trevor Ariza,5400,Hou@Mem 08:00PM ET,27.583,Hou,0,0,23.071,21.141,24.250,6.000,32.400,18.000,0.257,205.500,-3.500,-22.270,18.000
PF,Ersan Ilyasova,5400,Phi@Pho 09:00PM ET,25.402,Phi,0,0,30.607,18.882,26.812,20.500,32.400,23.250,0.243,212.500,6.000,0.200,23.250
SF/PF,Otto Porter,5300,Was@Mil 08:00PM ET,29.366,Was,0,0,27.643,21.031,24.750,23.750,31.800,26.250,0.420,214.500,3.000,3.632,26.250
PF/C,Taj Gibson,5300,Chi@Cha 07:00PM ET,26.839,Chi,0,0,25.393,20.233,23.750,19.000,31.800,17.750,0.250,205.000,4.500,-11.133,17.750
SG,Rodney Hood,5300,Tor@Uta 09:00PM ET,25.410,Uta,1,0,20.786,14.725,12.188,2.000,31.800,3.000,0.230,198.500,1.000,-32.540,3.000
SG,Wesley Matthews,5300,Dal@LAC 10:30PM ET,26.571,Dal,0,0,25.714,18.577,26.625,6.500,31.800,35.000,0.285,194.500,4.500,-22.231,35.000
SF,Justise Winslow,5300,Mia@NO 08:00PM ET,26.393,Mia,0,0,24.200,21.100,31.188,22.000,31.800,24.750,0.296,205.500,4.500,-2.814,24.750
C,Jahlil Okafor,5300,Phi@Pho 09:00PM ET,21.698,Phi,0,0,20.643,13.350,20.938,24.000,31.800,14.000,0.104,212.500,6.000,0.200,14.000
SF,Jae Crowder,5200,OKC@Bos 07:30PM ET,26.714,Bos,1,0,23.821,19.700,24.688,7.000,31.200,13.500,0.251,211.500,-5.500,-17.384,13.500
SF/PF,Markieff Morris,5200,Was@Mil 08:00PM ET,26.093,Was,0,0,23.893,19.250,26.688,23.750,31.200,16.500,0.300,214.500,3.000,3.632,16.500
PG/SG,Jordan Clarkson,5200,LAL@Orl 07:00PM ET,24.148,LAL,0,0,24.929,17.067,28.312,17.750,31.200,26.750,0.196,209.500,5.000,0.051,26.750
C,Tristan Thompson,5200,Bkn@Cle 07:30PM ET,24.380,Cle,1,0,22.464,17.339,27.625,29.000,31.200,35.750,0.240,225.500,-16.500,11.511,35.750
PG,Sergio Rodriguez,5200,Phi@Pho 09:00PM ET,23.907,Phi,0,0,22.536,16.554,22.688,25.500,31.200,34.500,0.233,212.500,6.000,0.200,34.500
PG,Emmanuel Mudiay,5100,Atl@Den 09:00PM ET,25.045,Den,1,0,28.500,13.519,28.062,22.500,30.600,27.750,0.328,217.000,-5.500,5.423,27.750
SG,Kentavious Caldwell-Pope,5100,GS@Det 07:30PM ET,26.033,Det,1,0,29.714,16.617,24.125,12.500,30.600,36.750,0.352,214.500,8.000,1.632,36.750
SF/PF,Tobias Harris,5100,GS@Det 07:30PM ET,26.815,Det,1,0,26.643,19.853,25.250,10.250,30.600,37.750,0.355,214.500,8.000,1.632,37.750
PF/C,Zach Randolph,5100,Hou@Mem 08:00PM ET,26.094,Mem,1,0,24.893,21.295,24.562,19.750,30.600,29.250,0.252,205.500,3.500,-2.814,29.250
C,Steven Adams,5000,OKC@Bos 07:30PM ET,25.828,OKC,0,0,25.357,19.900,28.188,20.000,30.000,31.750,0.301,211.500,5.500,-0.516,31.750
PF/C,Kenneth Faried,5000,Atl@Den 09:00PM ET,24.455,Den,1,0,24.857,13.982,22.562,11.250,30.000,12.000,0.309,217.000,-5.500,-6.512,12.000
PF,Jon Leuer,5000,GS@Det 07:30PM ET,23.367,Det,1,0,21.286,17.767,27.000,10.000,30.000,21.750,0.174,214.500,8.000,1.632,21.750
PF,Ryan Anderson,5000,Hou@Mem 08:00PM ET,23.883,Hou,0,0,32.750,17.625,33.625,4.000,30.000,46.750,0.290,205.500,-3.500,-15.314,46.750
SG,J.J. Redick,5000,Dal@LAC 10:30PM ET,21.259,LAC,1,0,19.929,14.650,23.188,4.000,30.000,17.750,0.150,194.500,-4.500,-23.192,17.750
SF,T.J. Warren,5000,Phi@Pho 09:00PM ET,25.875,Pho,1,0,32.071,14.281,17.438,19.500,30.000,30.750,0.391,212.500,-6.000,2.200,30.750
C,Tyson Chandler,5000,Phi@Pho 09:00PM ET,24.595,Pho,1,0,28.893,17.500,22.188,27.000,30.000,32.500,0.297,212.500,-6.000,2.200,32.500
SG,Gary Harris,4900,Atl@Den 09:00PM ET,23.028,Den,1,0,27.583,14.438,23.500,25.000,29.400,24.500,0.268,217.000,-5.500,5.423,24.500
C,Cody Zeller,4900,Chi@Cha 07:00PM ET,23.500,Cha,1,0,24.036,19.203,29.062,10.000,29.400,33.250,0.223,205.000,-4.500,-3.172,33.250
PF,JaMychal Green,4900,Hou@Mem 08:00PM ET,23.613,Mem,1,0,24.321,15.733,24.188,16.500,29.400,13.750,0.245,205.500,3.500,-11.474,13.750
C,Clint Capela,4900,Hou@Mem 08:00PM ET,26.804,Hou,0,0,24.286,20.607,20.062,1.000,29.400,14.500,0.362,205.500,-3.500,-30.159,0.000
SF/PF,Aaron Gordon,4900,LAL@Orl 07:00PM ET,20.613,Orl,1,0,22.893,15.014,14.688,27.250,29.400,21.750,0.151,209.500,-5.000,0.051,21.750
SF,Luol Deng,4900,LAL@Orl 07:00PM ET,20.055,LAL,0,0,28.786,13.684,30.000,21.000,29.400,31.000,0.161,209.500,5.000,0.051,31.000
C,Jonas Valanciunas,4900,Tor@Uta 09:00PM ET,27.962,Tor,0,0,29.250,21.179,29.375,2.000,29.400,26.750,0.433,198.500,-1.000,-22.827,26.750
PG,Tim Frazier,4900,Mia@NO 08:00PM ET,28.742,NO,1,0,21.250,18.778,21.500,6.000,29.400,4.500,0.457,205.500,-4.500,-27.964,4.500
C,Robin Lopez,4800,Chi@Cha 07:00PM ET,23.768,Chi,0,0,25.607,18.117,19.500,25.000,28.800,22.750,0.237,205.000,4.500,-3.172,22.750
SG,Tony Allen,4800,Hou@Mem 08:00PM ET,22.198,Mem,1,0,28.964,15.596,21.125,26.000,28.800,23.000,0.225,205.500,3.500,-2.814,23.000
SG/SF,Tyreke Evans,4800,Mia@NO 08:00PM ET,13.500,NO,1,0,15.750,12.250,15.812,6.750,28.800,22.750,0.055,205.500,-4.500,-14.295,22.750
SG/SF,Josh Richardson,4800,Mia@NO 08:00PM ET,20.013,Mia,0,0,18.750,11.719,17.062,20.250,28.800,14.250,0.135,205.500,4.500,-2.814,14.250
PG,Darren Collison,4700,Sac@Min 08:00PM ET,23.321,Sac,0,0,18.464,16.833,12.062,19.000,28.200,13.750,0.203,206.500,5.000,-8.474,13.750
PF,Marvin Williams,4700,Chi@Cha 07:00PM ET,21.609,Cha,1,0,18.893,14.979,25.188,14.500,28.200,18.500,0.200,205.000,-4.500,-3.172,18.500
SG,Nick Young,4700,LAL@Orl 07:00PM ET,21.960,LAL,0,0,25.571,13.955,29.688,22.000,28.200,17.250,0.239,209.500,5.000,0.051,17.250
SG,Sean Kilpatrick,4700,Bkn@Cle 07:30PM ET,26.241,Bkn,0,0,20.036,18.125,20.250,28.000,28.200,28.750,0.435,225.500,16.500,9.511,28.750
PG,Shelvin Mack,4700,Tor@Uta 09:00PM ET,17.067,Uta,1,0,24.929,11.150,21.062,11.000,28.200,31.000,0.091,198.500,1.000,-7.827,31.000
PF,Dirk Nowitzki,4700,Dal@LAC 10:30PM ET,24.800,Dal,0,0,27.562,18.875,21.438,6.000,28.200,22.500,0.357,194.500,4.500,-22.359,22.500
SF/PF,Marcus Morris,4600,GS@Det 07:30PM ET,23.460,Det,1,0,21.857,16.706,13.750,10.250,27.600,16.250,0.302,214.500,8.000,1.632,16.250
PF,Terrence Jones,4600,Mia@NO 08:00PM ET,23.492,NO,1,0,23.429,14.967,27.375,7.000,27.600,28.500,0.350,205.500,-4.500,-14.242,0.000
PF/C,Enes Kanter,4500,OKC@Bos 07:30PM ET,23.552,OKC,0,0,27.036,16.444,26.812,22.000,27.000,30.000,0.382,211.500,5.500,-0.516,30.000
SF,Thabo Sefolosha,4500,Atl@Den 09:00PM ET,20.990,Atl,0,0,24.964,15.196,22.375,16.000,27.000,32.500,0.244,217.000,5.500,3.423,32.500
PF/C,Montrezl Harrell,4500,Hou@Mem 08:00PM ET,14.000,Hou,0,0,17.321,6.708,20.250,2.500,27.000,27.500,0.122,205.500,-3.500,-16.814,27.500
C,Bismack Biyombo,4500,LAL@Orl 07:00PM ET,21.492,Orl,1,0,23.321,15.897,26.500,30.000,27.000,26.750,0.248,209.500,-5.000,0.051,26.750
PG/SG,Brandon Knight,4500,Phi@Pho 09:00PM ET,21.681,Pho,1,0,22.679,16.319,22.062,13.750,27.000,15.750,0.247,212.500,-6.000,2.200,15.750
SG/SF,Bojan Bogdanovic,4400,Bkn@Cle 07:30PM ET,22.045,Bkn,0,0,19.000,15.750,13.938,27.500,26.400,3.000,0.273,225.500,16.500,-0.740,3.000
PF/C,Dwight Powell,4400,Dal@LAC 10:30PM ET,18.534,Dal,0,0,21.107,12.891,22.750,9.500,26.400,14.500,0.134,194.500,4.500,-9010.692,14.500
PF,James Johnson,4400,Mia@NO 08:00PM ET,22.904,Mia,0,0,26.214,14.981,28.375,26.500,26.400,29.500,0.367,205.500,4.500,-2.814,29.500
SF,Maurice Harkless,4400,SA@Por 10:00PM ET,24.292,Por,1,0,28.250,15.442,24.000,2.000,26.400,15.500,0.387,211.500,2.000,-9006.844,15.500
SG/SF,Joe Ingles,4300,Tor@Uta 09:00PM ET,14.067,Uta,1,0,24.357,7.237,21.000,5.250,25.800,30.000,0.159,198.500,1.000,-9007.827,30.000
PG,Patty Mills,4300,SA@Por 10:00PM ET,20.647,SA,0,0,20.750,14.906,23.250,13.500,25.800,39.250,0.288,211.500,-2.000,1.484,39.250
SG/SF,Andre Roberson,4200,OKC@Bos 07:30PM ET,19.293,OKC,0,0,16.357,12.077,21.625,13.500,25.200,19.750,0.226,211.500,5.500,-2.516,19.750
SG/SF,Kyle Korver,4200,Atl@Den 09:00PM ET,18.241,Atl,0,0,16.536,12.179,22.625,22.500,25.200,27.750,0.176,217.000,5.500,1.423,0.000
PG/SG,Iman Shumpert,4200,Bkn@Cle 07:30PM ET,15.865,Cle,1,0,17.179,10.875,17.125,30.000,25.200,12.250,0.075,225.500,-16.500,11.511,12.250
PG,J.J. Barea,4200,Dal@LAC 10:30PM ET,27.932,Dal,0,0,25.143,21.708,20.312,2.000,25.200,10.750,0.630,194.500,4.500,-9018.942,0.000
SF,P.J. Tucker,4200,Phi@Pho 09:00PM ET,17.336,Pho,1,0,23.821,8.911,23.625,19.500,25.200,34.000,0.248,212.500,-6.000,2.200,34.000
C,Greg Monroe,4100,Was@Mil 08:00PM ET,23.673,Mil,1,0,27.643,16.417,25.000,6.000,24.600,36.250,0.483,214.500,-3.000,-8996.368,36.250
C,John Henson,4100,Was@Mil 08:00PM ET,20.250,Mil,1,0,23.964,12.615,20.438,6.000,24.600,11.750,0.312,214.500,-3.000,-8996.368,11.750
SF/PF,Omri Casspi,4100,Sac@Min 08:00PM ET,14.859,Sac,0,0,16.750,7.167,21.812,6.500,24.600,17.250,0.102,206.500,5.000,-9002.098,0.000
SF,Michael Kidd-Gilchrist,4100,Chi@Cha 07:00PM ET,22.179,Cha,1,0,22.679,16.691,20.250,8.500,24.600,36.250,0.415,205.000,-4.500,-9003.172,36.250
SF,Brandon Ingram,4100,LAL@Orl 07:00PM ET,17.086,LAL,0,0,16.000,12.513,19.938,21.000,24.600,15.250,0.143,209.500,5.000,0.051,15.250
SG/SF,Marcus Smart,4000,OKC@Bos 07:30PM ET,23.750,Bos,1,0,20.250,18.518,19.812,9.000,24.000,19.750,0.478,211.500,-5.500,-8998.516,19.750
SG,Marco Belinelli,4000,Chi@Cha 07:00PM ET,19.621,Cha,1,0,15.464,13.033,16.688,12.500,24.000,0.000,0.273,205.000,-4.500,-9011.470,0.000
SG,J.R. Smith,4000,Bkn@Cle 07:30PM ET,17.321,Cle,1,0,17.750,11.300,19.688,30.000,24.000,8.250,0.196,225.500,-16.500,3.829,0.000
SF,Rondae Hollis-Jefferson,4000,Bkn@Cle 07:30PM ET,19.670,Bkn,0,0,22.000,13.150,23.750,27.000,24.000,14.250,0.320,225.500,16.500,7.511,14.250
PF/C,Channing Frye,4000,Bkn@Cle 07:30PM ET,17.000,Cle,1,0,13.714,11.854,18.000,29.500,24.000,22.500,0.195,225.500,-16.500,11.511,22.500
SF/PF,DeMarre Carroll,4000,Tor@Uta 09:00PM ET,19.446,Tor,0,0,20.536,13.804,13.625,1.000,24.000,10.000,0.273,198.500,-1.000,-9015.955,10.000
PF/C,Derrick Favors,4000,Tor@Uta 09:00PM ET,20.450,Uta,1,0,13.464,13.075,13.625,15.500,24.000,16.250,0.369,198.500,1.000,-7.827,16.250
SG,Seth Curry,4000,Dal@LAC 10:30PM ET,19.880,Dal,0,0,22.893,14.433,22.625,6.500,24.000,21.250,0.320,194.500,4.500,-9010.692,21.250
PF/C,Marreese Speights,4000,Dal@LAC 10:30PM ET,18.608,LAC,1,0,22.500,13.137,21.000,7.000,24.000,18.000,0.272,194.500,-4.500,-9010.692,18.000
C,Andrew Bogut,4000,Dal@LAC 10:30PM ET,22.188,Dal,0,0,21.250,17.562,23.062,13.000,24.000,9.500,0.375,194.500,4.500,-9016.351,0.000
SG/SF,Evan Turner,4000,SA@Por 10:00PM ET,20.629,Por,1,0,26.214,14.281,22.312,9.500,24.000,9.250,0.338,211.500,2.000,-9006.557,0.000
SF/PF,Dario Saric,4000,Phi@Pho 09:00PM ET,19.929,Phi,0,0,21.000,11.269,15.000,23.250,24.000,17.500,0.331,212.500,6.000,-1.800,17.500
C,Nerlens Noel,4000,Phi@Pho 09:00PM ET,9.333,Phi,0,0,12.125,9.333,10.562,24.000,24.000,14.250,0.031,212.500,6.000,-1.800,14.250
PG/SG,Garrett Temple,3900,Sac@Min 08:00PM ET,16.672,Sac,0,0,24.429,10.750,21.312,13.500,23.400,22.500,0.212,206.500,5.000,-2.098,22.500
C,Cole Aldrich,3900,Sac@Min 08:00PM ET,10.875,Min,1,0,6.429,6.172,6.562,8.000,23.400,2.500,0.059,206.500,-5.000,-9009.940,2.500
SF/PF,Nikola Mirotic,3900,Chi@Cha 07:00PM ET,20.644,Chi,0,0,19.536,13.357,22.062,18.000,23.400,29.500,0.410,205.000,4.500,-3.172,29.500
PF,Frank Kaminsky,3900,Chi@Cha 07:00PM ET,21.676,Cha,1,0,20.821,15.567,19.125,14.500,23.400,23.250,0.423,205.000,-4.500,-3.172,23.250
PG,Cory Joseph,3900,Tor@Uta 09:00PM ET,18.102,Tor,0,0,18.321,12.453,24.062,7.000,23.400,11.750,0.228,198.500,-1.000,-9007.827,11.750
SG/SF,Norman Powell,3900,Tor@Uta 09:00PM ET,12.823,Tor,0,0,16.607,5.567,13.312,1.000,23.400,5.250,0.166,198.500,-1.000,-9007.827,5.250
PG,Austin Rivers,3900,Dal@LAC 10:30PM ET,16.241,LAC,1,0,17.429,9.250,19.500,1.000,23.400,25.000,0.216,194.500,-4.500,-9010.692,25.000
SF,Wayne Ellington,3900,Mia@NO 08:00PM ET,21.182,Mia,0,0,22.292,16.393,18.375,22.000,23.400,16.000,0.384,205.500,4.500,-2.814,0.000
PG,Tony Parker,3900,SA@Por 10:00PM ET,18.821,SA,0,0,15.643,14.308,16.188,13.500,23.400,9.000,0.249,211.500,-2.000,-5.210,0.000
PG,T.J. McConnell,3900,Phi@Pho 09:00PM ET,16.679,Phi,0,0,22.179,11.986,20.000,25.500,23.400,12.500,0.190,212.500,6.000,-1.800,12.500
PG/SG,Matthew Dellavedova,3800,Was@Mil 08:00PM ET,20.583,Mil,1,0,20.000,14.589,13.688,7.000,22.800,11.000,0.360,214.500,-3.000,-9003.500,11.000
PG/SG,Tim Hardaway Jr.,3800,Atl@Den 09:00PM ET,17.784,Atl,0,0,20.464,10.589,18.688,29.000,22.800,2.000,0.281,217.000,5.500,-7.183,0.000
C,Aron Baynes,3800,GS@Det 07:30PM ET,11.016,Det,1,0,10.786,6.528,7.250,22.000,22.800,10.000,0.047,214.500,8.000,-0.368,10.000
PG,Ty Lawson,3800,Sac@Min 08:00PM ET,19.940,Sac,0,0,19.357,12.589,27.250,19.000,22.800,29.250,0.384,206.500,5.000,-2.098,29.250
SF/PF,Matt Barnes,3800,Sac@Min 08:00PM ET,18.704,Sac,0,0,16.929,12.067,16.312,6.500,22.800,23.250,0.339,206.500,5.000,-9002.098,23.250
PG,Ramon Sessions,3800,Chi@Cha 07:00PM ET,13.491,Cha,1,0,11.821,9.721,15.312,10.000,22.800,9.750,0.049,205.000,-4.500,-9003.172,9.750
C,Nene Hilario,3800,Hou@Mem 08:00PM ET,14.900,Hou,0,0,13.250,9.481,15.625,1.000,22.800,11.250,0.110,205.500,-3.500,-9002.814,11.250
C,Justin Hamilton,3800,Bkn@Cle 07:30PM ET,15.793,Bkn,0,0,13.321,8.636,13.688,7.000,22.800,16.500,0.212,225.500,16.500,-8992.489,16.500
PF,Patrick Patterson,3800,Tor@Uta 09:00PM ET,20.537,Tor,0,0,20.321,15.054,16.875,1.000,22.800,11.500,0.340,198.500,-1.000,-9014.067,11.500
C,Lucas Nogueira,3800,Tor@Uta 09:00PM ET,17.131,Tor,0,0,11.286,11.096,19.375,2.000,22.800,24.000,0.279,198.500,-1.000,-9007.827,24.000
SF,Dorian Finney-Smith,3800,Dal@LAC 10:30PM ET,12.393,Dal,0,0,11.679,6.897,14.500,17.500,22.800,11.500,0.121,194.500,4.500,-10.692,11.500
SG,Danny Green,3800,SA@Por 10:00PM ET,17.286,SA,0,0,14.857,10.250,19.562,10.000,22.800,8.500,0.229,211.500,-2.000,-9006.405,8.500
PF,David Lee,3800,SA@Por 10:00PM ET,16.259,SA,0,0,13.643,11.750,15.875,29.000,22.800,18.250,0.179,211.500,-2.000,1.484,18.250
PF,Richaun Holmes,3800,Phi@Pho 09:00PM ET,16.393,Phi,0,0,17.107,7.667,16.438,20.500,22.800,10.750,0.230,212.500,6.000,-1.800,0.000
C,Alex Len,3800,Phi@Pho 09:00PM ET,23.046,Pho,1,0,20.571,15.714,18.812,27.000,22.800,19.000,0.504,212.500,-6.000,2.200,19.000
PF/C,Mike Muscala,3700,Atl@Den 09:00PM ET,17.707,Atl,0,0,16.500,12.071,13.188,13.500,22.200,22.250,0.269,217.000,5.500,1.423,22.250
PG,Jerian Grant,3700,Chi@Cha 07:00PM ET,9.388,Chi,0,0,7.000,3.659,9.438,18.000,22.200,7.000,0.074,205.000,4.500,-3.172,7.000
SF/PF,Sam Dekker,3700,Hou@Mem 08:00PM ET,15.442,Hou,0,0,16.464,10.333,12.875,5.000,22.200,6.750,0.156,205.500,-3.500,-9009.653,6.750
SF/PF,Jeff Green,3700,LAL@Orl 07:00PM ET,16.742,Orl,1,0,13.536,10.132,12.688,27.250,22.200,6.000,0.239,209.500,-5.000,-8.085,6.000
SF/PF,Larry Nance Jr.,3700,LAL@Orl 07:00PM ET,19.143,LAL,0,0,17.143,12.214,21.000,16.250,22.200,21.500,0.358,209.500,5.000,0.051,0.000
SG/SF,Terrence Ross,3700,Tor@Uta 09:00PM ET,17.287,Tor,0,0,15.714,11.453,14.750,1.000,22.200,13.750,0.266,198.500,-1.000,-9007.827,13.750
SG,Jamal Crawford,3700,Dal@LAC 10:30PM ET,18.225,LAC,1,0,23.036,12.897,18.562,4.000,22.200,35.750,0.333,194.500,-4.500,-9010.692,35.750
SG/SF,Allen Crabbe,3700,SA@Por 10:00PM ET,17.081,Por,1,0,17.214,11.250,17.625,9.500,22.200,16.250,0.241,211.500,2.000,-8998.516,16.250
C,Dewayne Dedmon,3700,SA@Por 10:00PM ET,14.891,SA,0,0,15.286,8.205,12.375,28.000,22.200,18.750,0.175,211.500,-2.000,1.484,18.750
PF,Marquese Chriss,3700,Phi@Pho 09:00PM ET,13.672,Pho,1,0,15.786,8.317,12.875,5.000,22.200,4.250,0.107,212.500,-6.000,-9004.721,4.250
PG/SG,Malcolm Brogdon,3600,Was@Mil 08:00PM ET,17.056,Mil,1,0,20.107,12.125,23.812,7.000,21.600,35.250,0.314,214.500,-3.000,-8996.368,35.250
PG,Jameer Nelson,3600,Atl@Den 09:00PM ET,19.707,Den,1,0,20.500,11.985,11.312,22.500,21.600,14.250,0.421,217.000,-5.500,5.423,14.250
PG,Andrew Harrison,3600,Hou@Mem 08:00PM ET,18.250,Mem,1,0,13.714,11.763,13.438,13.500,21.600,15.500,0.353,205.500,3.500,-2.814,15.500
SF,Chandler Parsons,3600,Hou@Mem 08:00PM ET,12.857,Mem,1,0,11.417,8.750,11.312,25.000,21.600,12.750,0.074,205.500,3.500,-2.814,12.750
SF,James Ennis III,3600,Hou@Mem 08:00PM ET,18.779,Mem,1,0,17.679,11.611,13.750,25.000,21.600,14.750,0.353,205.500,3.500,-2.814,14.750
SG/SF,Joe Johnson,3600,Tor@Uta 09:00PM ET,16.908,Uta,1,0,15.536,8.731,9.312,5.250,21.600,7.000,0.282,198.500,1.000,-9016.483,7.000
C,Willie Reed,3600,Mia@NO 08:00PM ET,9.659,Mia,0,0,13.643,4.500,7.875,21.000,21.600,11.500,0.054,205.500,4.500,-2.814,11.500
PF,Al-Farouq Aminu,3600,SA@Por 10:00PM ET,18.554,Por,1,0,15.833,13.031,18.188,2.000,21.600,11.000,0.403,211.500,2.000,-8998.516,11.000
PG,Terry Rozier,3500,OKC@Bos 07:30PM ET,14.629,Bos,1,0,15.357,8.897,5.250,22.500,21.000,9.000,0.194,211.500,-5.500,1.484,9.000
PF/C,Kelly Olynyk,3500,OKC@Bos 07:30PM ET,18.511,Bos,1,0,16.393,9.909,15.312,14.250,21.000,2.750,0.367,211.500,-5.500,-7.496,2.750
PG,Tomas Satoransky,3500,Was@Mil 08:00PM ET,9.405,Was,0,0,9.036,4.327,3.125,4.000,21.000,2.500,0.065,214.500,3.000,-8996.368,2.500
SG/SF,Kelly Oubre Jr.,3500,Was@Mil 08:00PM ET,13.337,Was,0,0,14.714,7.156,14.062,22.500,21.000,11.250,0.208,214.500,3.000,3.632,11.250
C,Kosta Koufos,3500,Sac@Min 08:00PM ET,15.440,Sac,0,0,19.357,9.297,12.188,15.000,21.000,19.000,0.266,206.500,5.000,-2.098,19.000
C,Salah Mejri,3500,Dal@LAC 10:30PM ET,11.700,Dal,0,0,12.786,5.054,13.938,13.000,21.000,18.000,0.156,194.500,4.500,-9010.692,18.000
PF,Jared Dudley,3500,Phi@Pho 09:00PM ET,17.786,Pho,1,0,16.821,11.600,10.438,5.000,21.000,5.750,0.317,212.500,-6.000,-9005.395,5.750
SF/PF,Jerami Grant,3400,OKC@Bos 07:30PM ET,13.429,OKC,0,0,12.607,9.596,16.438,18.500,20.400,15.000,0.079,211.500,5.500,-2.516,15.000
PF,Mirza Teletovic,3400,Was@Mil 08:00PM ET,14.344,Mil,1,0,13.036,8.077,15.250,24.000,20.400,4.500,0.215,214.500,-3.000,-4.453,4.500
SF,Andre Iguodala,3400,GS@Det 07:30PM ET,17.966,GS,0,0,18.929,12.554,15.438,4.500,20.400,7.750,0.315,214.500,-8.000,-9002.121,7.750
SG,Troy Daniels,3400,Hou@Mem 08:00PM ET,14.750,Mem,1,0,14.857,5.604,12.000,26.000,20.400,8.750,0.319,205.500,3.500,-2.814,8.750
PG,D.J. Augustin,3400,LAL@Orl 07:00PM ET,16.274,Orl,1,0,19.750,11.544,14.062,27.500,20.400,19.000,0.255,209.500,-5.000,0.051,19.000
SG,Joe Harris,3400,Bkn@Cle 07:30PM ET,17.643,Bkn,0,0,18.464,12.406,16.500,28.000,20.400,5.250,0.325,225.500,16.500,0.501,5.250
SF/PF,Richard Jefferson,3400,Bkn@Cle 07:30PM ET,10.241,Cle,1,0,11.821,6.089,13.000,30.000,20.400,6.500,0.031,225.500,-16.500,11.511,6.500
PF,Trey Lyles,3400,Tor@Uta 09:00PM ET,17.808,Uta,1,0,18.393,12.453,16.688,22.000,20.400,30.750,0.385,198.500,1.000,-7.827,30.750
SG,Buddy Hield,3400,Mia@NO 08:00PM ET,14.024,NO,1,0,13.786,7.328,12.500,3.000,20.400,12.250,0.221,205.500,-4.500,-9002.814,12.250
SG/SF,Jonathon Simmons,3400,SA@Por 10:00PM ET,12.733,SA,0,0,12.143,7.536,13.562,14.750,20.400,19.500,0.149,211.500,-2.000,1.484,19.500
SG,Manu Ginobili,3400,SA@Por 10:00PM ET,17.865,SA,0,0,15.286,13.617,21.750,10.000,20.400,28.500,0.347,211.500,-2.000,-8998.516,0.000
SG/SF,Tony Snell,3300,Was@Mil 08:00PM ET,16.760,Mil,1,0,16.536,11.911,18.062,13.250,19.800,20.250,0.322,214.500,-3.000,3.632,20.250
PG/SG,Jamal Murray,3300,Atl@Den 09:00PM ET,17.500,Den,1,0,13.107,9.974,11.562,23.750,19.800,2.750,0.393,217.000,-5.500,-4.892,2.750
C,JaVale McGee,3300,GS@Det 07:30PM ET,10.510,GS,0,0,10.714,4.679,16.062,5.000,19.800,20.250,0.119,214.500,-8.000,-8996.368,20.250
SG/SF,Jeremy Lamb,3300,Chi@Cha 07:00PM ET,17.292,Cha,1,0,12.786,8.455,12.938,10.500,19.800,10.750,0.407,205.000,-4.500,-9003.172,10.750
PF/C,Jarell Martin,3300,Hou@Mem 08:00PM ET,11.400,Mem,1,0,12.679,6.417,9.125,19.750,19.800,11.000,0.132,205.500,3.500,-2.814,11.000
SG,DeAndre Liggins,3300,Bkn@Cle 07:30PM ET,8.829,Cle,1,0,10.250,1.833,7.938,30.000,19.800,5.000,0.065,225.500,-16.500,11.511,5.000
SF,Luc Richard Mbah a Moute,3300,Dal@LAC 10:30PM ET,13.063,LAC,1,0,15.000,9.278,16.938,3.000,19.800,27.000,0.178,194.500,-4.500,-9010.692,27.000
SG,E'Twaun Moore,3300,Mia@NO 08:00PM ET,18.769,NO,1,0,14.821,13.357,14.812,3.000,19.800,14.250,0.424,205.500,-4.500,-9002.814,14.250
PG/SG,Leandro Barbosa,3300,Phi@Pho 09:00PM ET,11.098,Pho,1,0,11.286,4.317,6.750,13.750,19.800,4.250,0.147,212.500,-6.000,2.200,4.250
SG,Nik Stauskas,3300,Phi@Pho 09:00PM ET,17.269,Phi,0,0,21.321,11.062,14.875,15.000,19.800,16.250,0.360,212.500,6.000,-1.800,0.000
SG/SF,Anthony Morrow,3200,OKC@Bos 07:30PM ET,9.924,OKC,0,0,12.036,4.679,8.688,13.500,19.200,2.000,0.092,211.500,5.500,-9.483,2.000
C,Jusuf Nurkic,3200,Atl@Den 09:00PM ET,22.306,Den,1,0,22.571,14.133,14.812,4.000,19.200,10.250,0.609,217.000,-5.500,-9005.885,0.000
PG,Ish Smith,3200,GS@Det 07:30PM ET,23.089,Det,1,0,17.929,15.912,14.688,16.500,19.200,16.250,0.656,214.500,8.000,-0.368,16.250
SF,Doug McDermott,3200,Chi@Cha 07:00PM ET,15.844,Chi,0,0,17.792,10.469,17.312,23.000,19.200,22.500,0.348,205.000,4.500,-3.172,22.500
PF,Thomas Robinson,3200,LAL@Orl 07:00PM ET,9.947,LAL,0,0,15.679,4.979,20.438,11.500,19.200,23.750,0.162,209.500,5.000,-8999.949,23.750
C,Timofey Mozgov,3200,LAL@Orl 07:00PM ET,16.484,LAL,0,0,15.929,11.711,12.875,18.500,19.200,12.250,0.341,209.500,5.000,0.051,12.250
SG,Langston Galloway,3200,Mia@NO 08:00PM ET,17.375,NO,1,0,19.643,9.985,13.812,3.000,19.200,15.250,0.423,205.500,-4.500,-9002.814,15.250
SF,Solomon Hill,3200,Mia@NO 08:00PM ET,15.793,NO,1,0,14.571,10.574,9.500,10.500,19.200,7.000,0.305,205.500,-4.500,-9010.047,7.000
PF/C,Josh McRoberts,3200,Mia@NO 08:00PM ET,13.690,Mia,0,0,15.393,8.917,9.188,23.750,19.200,10.000,0.180,205.500,4.500,-2.814,10.000
PF/C,Ed Davis,3200,SA@Por 10:00PM ET,13.782,Por,1,0,15.107,7.391,11.000,2.500,19.200,8.000,0.229,211.500,2.000,-8998.516,8.000
PF/C,Amir Johnson,3100,OKC@Bos 07:30PM ET,15.862,Bos,1,0,16.786,9.500,21.812,14.250,18.600,36.500,0.417,211.500,-5.500,1.484,36.500
SG/SF,Stanley Johnson,3100,GS@Det 07:30PM ET,9.481,Det,1,0,10.429,4.650,11.500,11.500,18.600,17.750,0.106,214.500,8.000,-9000.368,17.750
PF,Anthony Tolliver,3100,Sac@Min 08:00PM ET,11.132,Sac,0,0,16.714,4.825,19.938,8.500,18.600,23.250,0.234,206.500,5.000,-9002.098,23.250
PF/C,Luis Scola,3100,Bkn@Cle 07:30PM ET,12.330,Bkn,0,0,14.250,6.923,10.500,10.750,18.600,16.250,0.206,225.500,16.500,-8992.489,16.250
PF,Anthony Bennett,3100,Bkn@Cle 07:30PM ET,10.631,Bkn,0,0,15.393,5.812,12.250,14.500,18.600,17.000,0.152,225.500,16.500,7.511,17.000
C,Alexis Ajinca,3100,Mia@NO 08:00PM ET,12.303,NO,1,0,11.714,6.750,14.438,17.000,18.600,15.250,0.216,205.500,-4.500,-2.814,15.250
PG,Semaj Christon,3000,OKC@Bos 07:30PM ET,9.241,OKC,0,0,9.179,4.625,11.312,25.500,18.000,6.500,0.050,211.500,5.500,-2.516,6.500
PG,Demetrius Jackson,3000,OKC@Bos 07:30PM ET,5.000,Bos,1,0,7.625,1.583,5.000,22.500,18.000,2.750,0.082,211.500,-5.500,1.484,0.000
SG,Gerald Green,3000,OKC@Bos 07:30PM ET,8.462,Bos,1,0,12.042,4.393,7.875,11.000,18.000,8.750,0.057,211.500,-5.500,-8998.516,0.000
SG,Alex Abrines,3000,OKC@Bos 07:30PM ET,7.330,OKC,0,0,8.286,2.841,12.062,14.000,18.000,7.500,0.048,211.500,5.500,-2.516,7.500
SG,James Young,3000,OKC@Bos 07:30PM ET,3.523,Bos,1,0,2.500,0.594,2.125,11.000,18.000,1.250,0.033,211.500,-5.500,-8998.516,0.000
SF,Kyle Singler,3000,OKC@Bos 07:30PM ET,4.783,OKC,0,0,6.143,1.821,4.875,13.000,18.000,5.000,0.002,211.500,5.500,-9002.516,5.000
SF,Jaylen Brown,3000,OKC@Bos 07:30PM ET,9.759,Bos,1,0,6.857,4.897,6.500,7.000,18.000,10.250,0.141,211.500,-5.500,-8998.516,10.250
PF,Jonas Jerebko,3000,OKC@Bos 07:30PM ET,11.647,Bos,1,0,13.286,7.550,7.875,16.500,18.000,9.000,0.106,211.500,-5.500,1.484,9.000
PF,Jordan Mickey,3000,OKC@Bos 07:30PM ET,5.306,Bos,1,0,4.188,1.812,5.500,16.500,18.000,7.750,0.014,211.500,-5.500,1.484,0.000
PF,Domantas Sabonis,3000,OKC@Bos 07:30PM ET,14.353,OKC,0,0,15.929,9.250,14.562,24.000,18.000,26.250,0.327,211.500,5.500,-2.516,26.250
C,Nick Collison,3000,OKC@Bos 07:30PM ET,3.806,OKC,0,0,5.562,0.500,6.500,20.000,18.000,0.000,0.015,211.500,5.500,-2.516,0.000
C,Tyler Zeller,3000,OKC@Bos 07:30PM ET,11.292,Bos,1,0,5.000,4.000,3.688,12.000,18.000,2.000,0.234,211.500,-5.500,-8998.516,2.000
C,Joffrey Lauvergne,3000,OKC@Bos 07:30PM ET,13.520,OKC,0,0,15.643,8.824,12.062,20.000,18.000,12.000,0.276,211.500,5.500,-2.516,12.000
PG,Jason Terry,3000,Was@Mil 08:00PM ET,7.602,Mil,1,0,7.500,3.771,7.875,5.000,18.000,9.750,0.032,214.500,-3.000,-8996.368,9.750
PG,Trey Burke,3000,Was@Mil 08:00PM ET,7.865,Was,0,0,6.214,4.286,6.688,4.000,18.000,6.500,0.036,214.500,3.000,-8996.368,6.500
SG,Marcus Thornton,3000,Was@Mil 08:00PM ET,13.176,Was,0,0,11.464,7.089,8.438,16.000,18.000,1.250,0.236,214.500,3.000,-3.587,1.250
SG,Sheldon McClellan,3000,Was@Mil 08:00PM ET,8.031,Was,0,0,11.500,1.688,9.500,16.000,18.000,11.500,0.103,214.500,3.000,3.632,11.500
SG,Rashad Vaughn,3000,Was@Mil 08:00PM ET,7.839,Mil,1,0,11.458,1.406,4.125,9.000,18.000,11.250,0.153,214.500,-3.000,-8996.368,0.000
SF/PF,Michael Beasley,3000,Was@Mil 08:00PM ET,15.098,Mil,1,0,19.679,8.812,16.438,20.750,18.000,9.000,0.363,214.500,-3.000,3.632,0.000
PF/C,Jason Smith,3000,Was@Mil 08:00PM ET,7.808,Was,0,0,8.000,3.923,7.562,16.250,18.000,5.250,0.035,214.500,3.000,3.632,5.250
PF,Thon Maker,3000,Was@Mil 08:00PM ET,4.650,Mil,1,0,7.562,1.350,7.000,24.000,18.000,7.500,0.009,214.500,-3.000,3.632,7.500
C,Andrew Nicholson,3000,Was@Mil 08:00PM ET,6.025,Was,0,0,9.250,2.308,5.812,14.000,18.000,5.250,0.034,214.500,3.000,3.632,5.250
C,Miles Plumlee,3000,Was@Mil 08:00PM ET,7.138,Mil,1,0,7.250,2.808,2.312,6.000,18.000,3.000,0.053,214.500,-3.000,-8996.368,3.000
C,Daniel Ochefu,3000,Was@Mil 08:00PM ET,1.458,Was,0,0,3.667,0.950,3.000,14.000,18.000,8.500,0.009,214.500,3.000,3.632,8.500
PG,Malcolm Delaney,3000,Atl@Den 09:00PM ET,11.905,Atl,0,0,10.786,6.159,6.688,29.000,18.000,14.000,0.133,217.000,5.500,1.423,14.000
PG,Malik Beasley,3000,Atl@Den 09:00PM ET,4.611,Den,1,0,5.100,0.417,5.500,22.500,18.000,7.500,0.027,217.000,-5.500,5.423,0.000
SG,Mike Miller,3000,Atl@Den 09:00PM ET,5.250,Den,1,0,9.375,1.125,5.250,25.000,18.000,5.500,0.068,217.000,-5.500,5.423,0.000
SF,Alonzo Gee,3000,Atl@Den 09:00PM ET,3.938,Den,1,0,5.750,0.571,0.312,24.000,18.000,1.250,0.033,217.000,-5.500,5.423,0.000
SF,Ryan Kelly,3000,Atl@Den 09:00PM ET,4.281,Atl,0,0,6.500,2.188,5.188,16.000,18.000,4.750,0.008,217.000,5.500,1.423,0.000
SF,Taurean Prince,3000,Atl@Den 09:00PM ET,8.139,Atl,0,0,7.679,2.841,2.250,16.000,18.000,1.000,0.073,217.000,5.500,-5.241,1.000
SF,DeAndre' Bembry,3000,Atl@Den 09:00PM ET,2.028,Atl,0,0,5.000,1.071,4.875,16.000,18.000,17.500,0.020,217.000,5.500,1.423,17.500
PF,Kris Humphries,3000,Atl@Den 09:00PM ET,8.938,Atl,0,0,8.964,4.346,7.312,8.500,18.000,24.500,0.164,217.000,5.500,-8998.577,24.500
PF,Darrell Arthur,3000,Atl@Den 09:00PM ET,9.654,Den,1,0,8.062,5.031,5.875,18.500,18.000,5.750,0.092,217.000,-5.500,5.423,5.750
PF,Mike Scott,3000,Atl@Den 09:00PM ET,7.400,Atl,0,0,8.688,4.375,10.750,8.500,18.000,16.500,0.071,217.000,5.500,-8998.577,16.500
PF,Juancho Hernangomez,3000,Atl@Den 09:00PM ET,8.761,Den,1,0,3.429,3.350,5.688,18.500,18.000,0.000,0.134,217.000,-5.500,-3.049,0.000
PG/SG,Ian Clark,3000,GS@Det 07:30PM ET,12.361,GS,0,0,10.679,7.750,16.562,14.500,18.000,9.500,0.251,214.500,-8.000,3.632,9.500
PG,Shaun Livingston,3000,GS@Det 07:30PM ET,10.810,GS,0,0,10.143,8.118,11.438,24.000,18.000,12.250,0.046,214.500,-8.000,3.632,12.250
PG,Beno Udrih,3000,GS@Det 07:30PM ET,13.635,Det,1,0,16.250,8.292,9.000,16.500,18.000,5.000,0.245,214.500,8.000,-6.646,0.000
SG/SF,Patrick McCaw,3000,GS@Det 07:30PM ET,7.230,GS,0,0,5.464,3.897,3.938,4.750,18.000,3.000,0.040,214.500,-8.000,-8996.368,0.000
SG,Darrun Hilliard,3000,GS@Det 07:30PM ET,7.342,Det,1,0,6.821,3.275,8.000,12.500,18.000,13.000,0.028,214.500,8.000,-9000.368,0.000
SF,Reggie Bullock,3000,GS@Det 07:30PM ET,7.563,Det,1,0,8.417,2.500,7.562,10.500,18.000,0.000,0.112,214.500,8.000,-9007.416,0.000
SF,Michael Gbinije,3000,GS@Det 07:30PM ET,1.357,Det,1,0,1.062,0.417,1.500,10.500,18.000,1.500,0.005,214.500,8.000,-9000.368,0.000
PF,David West,3000,GS@Det 07:30PM ET,12.167,GS,0,0,16.250,7.078,14.938,11.500,18.000,16.750,0.186,214.500,-8.000,-8996.368,16.750
PF,James Michael McAdoo,3000,GS@Det 07:30PM ET,3.036,GS,0,0,1.607,1.333,1.375,11.500,18.000,0.000,0.001,214.500,-8.000,-8999.218,0.000
PF,Kevon Looney,3000,GS@Det 07:30PM ET,8.981,GS,0,0,10.500,5.000,14.188,11.500,18.000,23.000,0.068,214.500,-8.000,-8996.368,0.000
PF,Henry Ellenson,3000,GS@Det 07:30PM ET,2.875,Det,1,0,3.500,1.708,3.375,10.000,18.000,2.500,0.005,214.500,8.000,-9000.368,0.000
C,Zaza Pachulia,3000,GS@Det 07:30PM ET,17.404,GS,0,0,20.786,11.969,20.750,5.000,18.000,18.000,0.474,214.500,-8.000,-8996.368,18.000
C,Anderson Varejao,3000,GS@Det 07:30PM ET,6.000,GS,0,0,6.667,2.650,5.688,5.000,18.000,1.250,0.022,214.500,-8.000,-9000.838,0.000
C,Boban Marjanovic,3000,GS@Det 07:30PM ET,5.563,Det,1,0,4.600,2.500,5.875,22.000,18.000,14.500,0.020,214.500,8.000,-0.368,0.000
PG,Kris Dunn,3000,Sac@Min 08:00PM ET,13.018,Min,1,0,11.929,7.735,11.188,21.000,18.000,9.250,0.252,206.500,-5.000,-2.098,9.250
PG,Tyus Jones,3000,Sac@Min 08:00PM ET,10.167,Min,1,0,4.607,4.386,1.625,21.000,18.000,0.000,0.222,206.500,-5.000,-12.186,0.000
SG/SF,Shabazz Muhammad,3000,Sac@Min 08:00PM ET,10.920,Min,1,0,9.750,5.923,13.375,17.750,18.000,7.250,0.105,206.500,-5.000,-2.098,7.250
SG,Arron Afflalo,3000,Sac@Min 08:00PM ET,12.660,Sac,0,0,7.679,6.354,9.375,8.000,18.000,3.500,0.194,206.500,5.000,-9008.613,3.500
SG,Brandon Rush,3000,Sac@Min 08:00PM ET,4.773,Min,1,0,6.100,2.714,3.938,23.500,18.000,4.500,0.008,206.500,-5.000,-2.098,0.000
SG,Ben McLemore,3000,Sac@Min 08:00PM ET,10.065,Sac,0,0,10.357,4.909,11.125,8.000,18.000,11.250,0.107,206.500,5.000,-9002.098,11.250
SG,Malachi Richardson,3000,Sac@Min 08:00PM ET,4.938,Sac,0,0,4.938,1.167,4.938,8.000,18.000,0.000,0.094,206.500,5.000,-9002.098,0.000
SF/PF,Nemanja Bjelica,3000,Sac@Min 08:00PM ET,13.962,Min,1,0,9.250,6.214,9.188,18.000,18.000,3.250,0.332,206.500,-5.000,-12.271,3.250
PF,Adreian Payne,3000,Sac@Min 08:00PM ET,9.694,Min,1,0,10.750,5.000,8.188,24.000,18.000,6.250,0.120,206.500,-5.000,-2.098,0.000
PF,Skal Labissiere,3000,Sac@Min 08:00PM ET,4.833,Sac,0,0,4.833,1.375,4.833,8.500,18.000,-0.500,0.086,206.500,5.000,-9002.098,0.000
C,Willie Cauley-Stein,3000,Sac@Min 08:00PM ET,9.780,Sac,0,0,11.607,4.732,9.938,15.000,18.000,6.000,0.097,206.500,5.000,-2.098,6.000
PG/SG,Denzel Valentine,3000,Chi@Cha 07:00PM ET,6.275,Chi,0,0,8.036,3.068,9.625,19.000,18.000,8.000,0.012,205.000,4.500,-3.172,0.000
PG,Brian Roberts,3000,Chi@Cha 07:00PM ET,3.464,Cha,1,0,2.800,0.562,4.000,10.000,18.000,10.250,0.017,205.000,-4.500,-9003.172,0.000
PG,Isaiah Canaan,3000,Chi@Cha 07:00PM ET,11.660,Chi,0,0,13.929,7.203,5.000,18.000,18.000,3.250,0.199,205.000,4.500,-10.583,0.000
PG,Michael Carter-Williams,3000,Chi@Cha 07:00PM ET,13.583,Chi,0,0,3.500,3.500,13.583,18.000,18.000,3.500,0.306,205.000,4.500,-11.976,0.000
PG,Aaron Harrison,3000,Chi@Cha 07:00PM ET,1.625,Cha,1,0,1.333,0.625,1.625,10.000,18.000,1.250,0.024,205.000,-4.500,-9003.172,0.000
SF,Treveon Graham,3000,Chi@Cha 07:00PM ET,4.625,Cha,1,0,4.250,0.625,5.438,8.500,18.000,5.250,0.018,205.000,-4.500,-9003.172,0.000
SF,Paul Zipser,3000,Chi@Cha 07:00PM ET,3.000,Chi,0,0,2.500,1.600,2.625,23.000,18.000,2.750,0.005,205.000,4.500,-3.172,0.000
PF/C,Spencer Hawes,3000,Chi@Cha 07:00PM ET,15.909,Cha,1,0,16.571,8.875,7.875,12.250,18.000,6.250,0.414,205.000,-4.500,-9012.816,0.000
PF,Bobby Portis,3000,Chi@Cha 07:00PM ET,9.976,Chi,0,0,9.214,5.923,10.750,13.000,18.000,2.250,0.111,205.000,4.500,-9009.510,0.000
C,Roy Hibbert,3000,Chi@Cha 07:00PM ET,13.185,Cha,1,0,14.750,8.615,13.812,10.000,18.000,17.250,0.285,205.000,-4.500,-9003.172,17.250
C,Cristiano Felicio,3000,Chi@Cha 07:00PM ET,10.338,Chi,0,0,8.393,5.864,12.312,25.000,18.000,7.500,0.094,205.000,4.500,-3.172,7.500
PG,Tyler Ennis,3000,Hou@Mem 08:00PM ET,5.559,Hou,0,0,5.429,2.625,1.938,8.000,18.000,6.750,0.012,205.500,-3.500,-9002.814,0.000
PG,Wade Baldwin IV,3000,Hou@Mem 08:00PM ET,10.138,Mem,1,0,10.429,4.125,1.375,13.500,18.000,-1.000,0.210,205.500,3.500,-12.415,0.000
SG/SF,Vince Carter,3000,Hou@Mem 08:00PM ET,17.865,Mem,1,0,16.000,13.300,13.625,25.500,18.000,21.000,0.499,205.500,3.500,-2.814,21.000
SG/SF,Corey Brewer,3000,Hou@Mem 08:00PM ET,8.458,Hou,0,0,4.929,4.691,3.188,6.250,18.000,2.250,0.031,205.500,-3.500,-9007.735,2.250
SG,Troy Williams,3000,Hou@Mem 08:00PM ET,10.720,Mem,1,0,12.964,2.729,4.188,26.000,18.000,0.000,0.234,205.500,3.500,-12.122,0.000
SF,K.J. McDaniels,3000,Hou@Mem 08:00PM ET,6.750,Hou,0,0,8.036,1.944,1.562,6.000,18.000,0.000,0.048,205.500,-3.500,-9009.018,0.000
PF,Kyle Wiltjer,3000,Hou@Mem 08:00PM ET,2.792,Hou,0,0,1.250,0.375,3.688,4.000,18.000,0.000,0.021,205.500,-3.500,-9002.814,0.000
PF,Deyonta Davis,3000,Hou@Mem 08:00PM ET,5.881,Mem,1,0,7.286,2.062,4.750,16.500,18.000,11.000,0.041,205.500,3.500,-2.814,0.000
PG,C.J. Watson,3000,LAL@Orl 07:00PM ET,6.214,Orl,1,0,10.179,2.875,8.500,27.500,18.000,20.250,0.022,209.500,-5.000,0.051,20.250
PG,Jose Calderon,3000,LAL@Orl 07:00PM ET,10.983,LAL,0,0,9.964,5.750,9.938,13.500,18.000,7.250,0.240,209.500,5.000,0.051,0.000
PG,Marcelo Huertas,3000,LAL@Orl 07:00PM ET,9.346,LAL,0,0,11.857,3.969,15.875,13.500,18.000,14.000,0.170,209.500,5.000,0.051,14.000
SG,Jodie Meeks,3000,LAL@Orl 07:00PM ET,13.795,Orl,1,0,10.833,6.792,12.625,21.000,18.000,21.250,0.351,209.500,-5.000,0.051,21.250
SG,C.J. Wilcox,3000,LAL@Orl 07:00PM ET,2.625,Orl,1,0,0.417,0.750,2.375,21.000,18.000,1.250,0.003,209.500,-5.000,0.051,1.250
SG,Mario Hezonja,3000,LAL@Orl 07:00PM ET,6.368,Orl,1,0,4.250,1.583,1.688,21.000,18.000,0.000,0.046,209.500,-5.000,0.051,0.000
SF,Metta World Peace,3000,LAL@Orl 07:00PM ET,3.396,LAL,0,0,3.893,0.781,0.875,21.000,18.000,0.000,0.004,209.500,5.000,0.051,0.000
SF,Damjan Rudez,3000,LAL@Orl 07:00PM ET,4.569,Orl,1,0,3.607,1.458,3.312,28.000,18.000,1.500,0.008,209.500,-5.000,0.051,1.500
PF,Arinze Onuaku,3000,LAL@Orl 07:00PM ET,1.800,Orl,1,0,3.750,0.625,1.938,26.500,18.000,3.750,0.014,209.500,-5.000,0.051,0.000
PF,Stephen Zimmerman Jr.,3000,LAL@Orl 07:00PM ET,2.600,Orl,1,0,2.833,1.083,1.938,26.500,18.000,3.250,0.010,209.500,-5.000,0.051,3.250
C,Tarik Black,3000,LAL@Orl 07:00PM ET,14.281,LAL,0,0,11.571,9.386,11.125,18.500,18.000,0.750,0.257,209.500,5.000,-5.612,0.000
C,Ivica Zubac,3000,LAL@Orl 07:00PM ET,3.125,LAL,0,0,4.708,1.150,3.062,18.500,18.000,9.500,0.029,209.500,5.000,0.051,9.500
PG,Randy Foye,3000,Bkn@Cle 07:30PM ET,11.528,Bkn,0,0,11.143,6.225,6.812,20.000,18.000,5.750,0.149,225.500,16.500,7.511,5.750
PG,Spencer Dinwiddie,3000,Bkn@Cle 07:30PM ET,7.083,Bkn,0,0,12.000,2.438,11.438,20.000,18.000,23.750,0.199,225.500,16.500,7.511,23.750
PG,Kay Felder,3000,Bkn@Cle 07:30PM ET,8.271,Cle,1,0,8.036,4.778,13.875,30.000,18.000,20.250,0.146,225.500,-16.500,11.511,20.250
PG,Isaiah Whitehead,3000,Bkn@Cle 07:30PM ET,15.682,Bkn,0,0,15.500,10.318,17.000,20.000,18.000,13.250,0.367,225.500,16.500,7.511,0.000
SG,James Jones,3000,Bkn@Cle 07:30PM ET,4.953,Cle,1,0,3.071,1.659,6.062,30.000,18.000,2.750,0.017,225.500,-16.500,11.511,2.750
SG,Jordan McRae,3000,Bkn@Cle 07:30PM ET,6.735,Cle,1,0,6.179,1.357,8.688,30.000,18.000,10.000,0.025,225.500,-16.500,11.511,10.000
SF,Mike Dunleavy,3000,Bkn@Cle 07:30PM ET,8.900,Cle,1,0,11.071,5.438,14.375,30.000,18.000,20.500,0.091,225.500,-16.500,11.511,20.500
SF,Caris LeVert,3000,Bkn@Cle 07:30PM ET,9.938,Bkn,0,0,11.417,7.750,11.875,27.000,18.000,25.250,0.166,225.500,16.500,7.511,25.250
PF,Chris McCullough,3000,Bkn@Cle 07:30PM ET,5.167,Bkn,0,0,7.792,1.857,4.375,14.500,18.000,6.000,0.056,225.500,16.500,7.511,6.000
C,Chris Andersen,3000,Bkn@Cle 07:30PM ET,7.979,Cle,1,0,8.714,4.607,8.312,29.000,18.000,11.000,0.035,225.500,-16.500,11.511,0.000
PG,Fred VanVleet,3000,Tor@Uta 09:00PM ET,4.406,Tor,0,0,9.250,1.167,7.438,7.000,18.000,0.000,0.046,198.500,-1.000,-9007.827,0.000
PG,Raul Neto,3000,Tor@Uta 09:00PM ET,4.714,Uta,1,0,5.714,1.275,5.188,11.000,18.000,1.250,0.020,198.500,1.000,-9007.827,1.250
PG,Dante Exum,3000,Tor@Uta 09:00PM ET,12.446,Uta,1,0,13.643,6.682,10.188,11.000,18.000,6.750,0.172,198.500,1.000,-9007.827,0.000
PF/C,Boris Diaw,3000,Tor@Uta 09:00PM ET,11.881,Uta,1,0,14.250,6.429,14.375,15.500,18.000,7.000,0.212,198.500,1.000,-7.827,7.000
PF,Joel Bolomboy,3000,Tor@Uta 09:00PM ET,2.833,Uta,1,0,1.938,1.050,2.812,22.000,18.000,3.500,0.004,198.500,1.000,-7.827,0.000
PF,Pascal Siakam,3000,Tor@Uta 09:00PM ET,13.464,Tor,0,0,10.750,8.312,13.125,1.000,18.000,2.500,0.222,198.500,-1.000,-9014.117,2.500
C,Jeff Withey,3000,Tor@Uta 09:00PM ET,8.293,Uta,1,0,10.036,4.542,10.188,9.000,18.000,9.750,0.042,198.500,1.000,-9007.827,0.000
C,Jakob Poeltl,3000,Tor@Uta 09:00PM ET,7.967,Tor,0,0,7.950,3.781,2.562,2.000,18.000,2.500,0.045,198.500,-1.000,-9013.177,0.000
PG/SG,Devin Harris,3000,Dal@LAC 10:30PM ET,9.173,Dal,0,0,5.250,4.344,11.125,4.250,18.000,7.750,0.124,194.500,4.500,-9010.692,7.750
PG/SG,Raymond Felton,3000,Dal@LAC 10:30PM ET,11.902,LAC,1,0,14.250,6.875,15.312,2.500,18.000,17.500,0.171,194.500,-4.500,-9010.692,17.500
SG,Jonathan Gibson,3000,Dal@LAC 10:30PM ET,11.594,Dal,0,0,16.292,3.625,2.438,6.500,18.000,4.750,0.280,194.500,4.500,-9010.692,0.000
SG,Nicolas Brussino,3000,Dal@LAC 10:30PM ET,4.875,Dal,0,0,5.929,1.589,0.500,6.500,18.000,0.000,0.011,194.500,4.500,-9010.692,0.000
SF,Alan Anderson,3000,Dal@LAC 10:30PM ET,4.094,LAC,1,0,3.833,1.200,1.312,3.000,18.000,-0.500,0.008,194.500,-4.500,-9014.272,-0.500
SF,Wesley Johnson,3000,Dal@LAC 10:30PM ET,10.073,LAC,1,0,10.179,5.000,9.750,3.000,18.000,2.000,0.110,194.500,-4.500,-9017.209,2.000
SF,Justin Anderson,3000,Dal@LAC 10:30PM ET,15.528,Dal,0,0,12.464,10.054,8.562,17.500,18.000,6.750,0.343,194.500,4.500,-17.580,6.750
PF,Paul Pierce,3000,Dal@LAC 10:30PM ET,6.139,LAC,1,0,4.292,2.688,4.250,3.000,18.000,6.750,0.010,194.500,-4.500,-9010.692,6.750
PF,Brandon Bass,3000,Dal@LAC 10:30PM ET,6.950,LAC,1,0,7.321,2.667,8.312,3.000,18.000,5.750,0.011,194.500,-4.500,-9010.692,5.750
C,A.J. Hammons,3000,Dal@LAC 10:30PM ET,4.167,Dal,0,0,4.833,2.125,4.438,13.000,18.000,5.750,0.004,194.500,4.500,-9010.692,0.000
C,Diamond Stone,3000,Dal@LAC 10:30PM ET,2.813,LAC,1,0,2.812,0.250,2.812,11.000,18.000,0.000,0.048,194.500,-4.500,-9010.692,0.000
SG,Rodney McGruder,3000,Mia@NO 08:00PM ET,14.667,Mia,0,0,19.607,7.646,12.500,18.500,18.000,18.250,0.330,205.500,4.500,-2.814,0.000
SF/PF,Dante Cunningham,3000,Mia@NO 08:00PM ET,13.389,NO,1,0,11.286,6.861,12.875,8.750,18.000,21.250,0.308,205.500,-4.500,-9002.814,21.250
SF/PF,Luke Babbitt,3000,Mia@NO 08:00PM ET,7.739,Mia,0,0,8.429,3.192,6.375,24.250,18.000,8.750,0.051,205.500,4.500,-2.814,8.750
SF,Derrick Williams,3000,Mia@NO 08:00PM ET,11.938,Mia,0,0,13.250,7.425,15.750,22.000,18.000,12.750,0.187,205.500,4.500,-2.814,12.750
PF,Udonis Haslem,3000,Mia@NO 08:00PM ET,2.750,Mia,0,0,3.750,1.150,2.750,26.500,18.000,1.000,0.012,205.500,4.500,-2.814,0.000
C,Omer Asik,3000,Mia@NO 08:00PM ET,11.938,NO,1,0,13.607,7.062,5.125,17.000,18.000,4.000,0.191,205.500,-4.500,-9.659,0.000
PG,Shabazz Napier,3000,SA@Por 10:00PM ET,6.816,Por,1,0,6.286,2.636,10.562,3.000,18.000,15.750,0.041,211.500,2.000,-8998.516,0.000
PG,Nicolas Laprovittola,3000,SA@Por 10:00PM ET,6.912,SA,0,0,5.464,1.450,2.188,13.500,18.000,1.500,0.061,211.500,-2.000,1.484,1.500
PG,Bryn Forbes,3000,SA@Por 10:00PM ET,1.583,SA,0,0,0.179,0.125,0.000,13.500,18.000,0.000,0.001,211.500,-2.000,1.484,0.000
PG,Tim Quarterman,3000,SA@Por 10:00PM ET,3.225,Por,1,0,3.100,1.750,1.500,3.000,18.000,3.000,0.002,211.500,2.000,-8998.516,3.000
PG,Dejounte Murray,3000,SA@Por 10:00PM ET,3.250,SA,0,0,4.917,1.156,7.000,13.500,18.000,15.250,0.012,211.500,-2.000,1.484,15.250
SG,Kyle Anderson,3000,SA@Por 10:00PM ET,9.540,SA,0,0,12.786,4.736,11.438,10.000,18.000,4.000,0.148,211.500,-2.000,-8998.516,4.000
SF/PF,Davis Bertans,3000,SA@Por 10:00PM ET,6.870,SA,0,0,2.571,2.567,1.438,24.250,18.000,0.000,0.047,211.500,-2.000,-4.949,0.000
SF,Pat Connaughton,3000,SA@Por 10:00PM ET,3.500,Por,1,0,2.583,1.094,3.562,2.000,18.000,1.250,0.003,211.500,2.000,-8998.516,1.250
PF/C,Meyers Leonard,3000,SA@Por 10:00PM ET,11.598,Por,1,0,15.929,5.625,12.062,2.500,18.000,25.750,0.254,211.500,2.000,-8998.516,25.750
PF,Jake Layman,3000,SA@Por 10:00PM ET,5.000,Por,1,0,1.571,1.519,1.062,2.000,18.000,0.000,0.032,211.500,2.000,-8998.516,0.000
PF,Noah Vonleh,3000,SA@Por 10:00PM ET,8.760,Por,1,0,6.286,4.589,12.312,2.000,18.000,11.500,0.067,211.500,2.000,-8998.516,11.500
PG,Tyler Ulis,3000,Phi@Pho 09:00PM ET,7.941,Pho,1,0,3.500,3.917,3.438,9.000,18.000,-0.500,0.115,212.500,-6.000,-9005.850,0.000
SG/SF,Hollis Thompson,3000,Phi@Pho 09:00PM ET,12.269,Phi,0,0,8.750,7.724,6.750,20.500,18.000,8.000,0.245,212.500,6.000,-1.800,8.000
SG,Timothe Luwawu-Cabarrot,3000,Phi@Pho 09:00PM ET,4.611,Phi,0,0,5.571,1.900,4.688,15.000,18.000,1.500,0.003,212.500,6.000,-1.800,0.000
SF/PF,Dragan Bender,3000,Phi@Pho 09:00PM ET,6.087,Pho,1,0,3.036,2.442,5.375,12.250,18.000,2.000,0.021,212.500,-6.000,-8997.800,0.000
C,Alan Williams,3000,Phi@Pho 09:00PM ET,10.625,Pho,1,0,3.000,3.444,4.375,27.000,18.000,3.750,0.307,212.500,-6.000,2.200,0.000
