Position,Name,Salary,GameInfo,AvgPointsPerGame,teamAbbrev,atHome,injured,7GameAvg,FloorAvg,4GameAvg,communityBonus,penalty,dvp,value,O/U,odds,Final
PG/SG,James Harden,11400,Hou@Mem 08:00PM ET,60.587,HOU,0,0,60.929,52.865,60.688,0.000,-78.881,5.000,68.400,215.500,-1.500,62.000
PF/C,DeMarcus Cousins,10900,Sac@Chi 09:00PM ET,52.409,SAC,0,0,45.500,39.971,54.062,13.102,-76.449,13.250,65.400,205.000,6.500,71.500
SF,LeBron James,10600,SA@Cle 08:30PM ET,51.421,CLE,1,0,52.250,42.684,45.250,0.000,-7.824,2.000,63.600,211.500,-2.500,48.500
PG,Giannis Antetokounmpo,10400,Mil@Mia 07:30PM ET,50.177,MIL,0,0,49.821,40.329,52.188,0.000,-2.715,8.000,62.400,206.000,1.500,46.500
PG,John Wall,9500,Was@Det 06:00PM ET,48.963,WAS,0,0,45.250,41.975,51.375,0.000,-1.724,23.500,57.000,208.000,1.000,46.250
C,Nikola Jokic,9300,LAC@Den 09:00PM ET,33.635,DEN,1,0,43.000,21.145,56.375,0.000,3.423,9.000,55.800,222.500,-5.000,37.000
SF,Kawhi Leonard,9200,SA@Cle 08:30PM ET,42.338,SA,0,0,41.893,33.544,49.125,0.000,-0.091,27.000,55.200,211.500,2.500,58.500
SG/SF,Jimmy Butler,9100,Sac@Chi 09:00PM ET,44.048,CHI,1,0,56.786,34.312,44.812,0.000,-69.857,15.750,54.600,205.000,-6.500,39.250
PG,Isaiah Thomas,8900,Por@Bos 05:00PM ET,43.408,BOS,1,0,50.571,36.075,49.312,0.000,-1.769,10.500,53.400,218.000,-8.000,52.750
PG,Eric Bledsoe,8500,Pho@NY 07:30PM ET,39.119,PHO,0,0,40.179,29.818,44.438,0.000,3.981,15.000,51.000,222.500,5.500,42.250
PG,Damian Lillard,8300,Por@Bos 05:00PM ET,43.369,POR,0,0,43.000,34.898,42.188,4.337,-1.767,20.000,49.800,218.000,8.000,41.250
PF/C,Joel Embiid,8200,Phi@Atl 07:00PM ET,38.375,PHI,0,1,42.036,30.192,46.812,0.000,-3845.749,10.750,49.200,198.500,10.000,0.000
PG,Kyrie Irving,8100,SA@Cle 08:30PM ET,39.000,CLE,1,0,49.857,31.938,30.125,0.000,-4.764,5.000,48.600,211.500,-2.500,50.750
PG,Chris Paul,8000,LAC@Den 09:00PM ET,43.917,LAC,0,1,41.250,36.188,43.312,4.392,-4434.370,29.000,48.000,222.500,5.000,0.000
PG,Kemba Walker,8000,Bkn@Cha 07:00PM ET,39.893,CHA,1,0,44.750,32.946,38.438,0.000,-0.307,30.000,48.000,221.500,-12.000,29.000
SF,Carmelo Anthony,7900,Pho@NY 07:30PM ET,37.331,NY,1,0,44.964,27.625,36.375,3.733,3.799,25.000,47.400,222.500,-5.500,51.750
C,DeAndre Jordan,7800,LAC@Den 09:00PM ET,36.165,LAC,0,0,38.214,29.587,54.125,0.000,3.680,15.500,46.800,222.500,5.000,37.250
C,Hassan Whiteside,7800,Mil@Mia 07:30PM ET,41.859,MIA,1,0,41.464,29.528,39.500,0.000,-58.373,13.000,46.800,206.000,-1.500,39.750
PF,Paul Millsap,7700,Phi@Atl 07:00PM ET,38.606,ATL,1,0,42.500,28.882,38.750,3.861,-13.188,6.000,46.200,198.500,-10.000,42.500
SG/SF,Nicolas Batum,7600,Bkn@Cha 07:00PM ET,35.994,CHA,1,0,42.036,27.408,34.125,0.000,-0.277,30.000,45.600,221.500,-12.000,44.750
PF/C,Kevin Love,7500,SA@Cle 08:30PM ET,40.410,CLE,1,1,44.821,32.650,26.375,4.041,-4086.796,2.750,45.000,211.500,-2.500,32.750
PG,Mike Conley,7400,Hou@Mem 08:00PM ET,36.591,MEM,1,0,36.571,28.625,41.500,0.000,1.304,9.000,44.400,215.500,1.500,30.000
C,Dwight Howard,7300,Phi@Atl 07:00PM ET,35.717,ATL,1,0,33.571,24.141,25.562,0.000,-50.719,27.000,43.800,198.500,-10.000,38.750
PF/C,Blake Griffin,7300,LAC@Den 09:00PM ET,41.942,LAC,0,1,38.143,35.625,41.750,0.000,-4189.513,13.500,43.800,222.500,5.000,0.000
C,Andre Drummond,7300,Was@Det 06:00PM ET,38.680,DET,1,0,37.393,30.076,38.812,3.868,-1.362,9.000,43.800,208.000,-1.000,23.000
C,Marc Gasol,7300,Hou@Mem 08:00PM ET,38.541,MEM,1,0,38.893,29.188,42.250,3.854,1.374,22.000,43.800,215.500,1.500,48.250
SF,Gordon Hayward,7200,Ind@Uta 09:00PM ET,37.574,UTA,1,0,39.786,29.569,38.000,3.757,-7.920,13.000,43.200,200.000,-7.500,30.000
PG/SG,C.J. McCollum,7100,Por@Bos 05:00PM ET,36.983,POR,0,0,39.393,29.250,31.938,0.000,-1.507,15.750,42.600,218.000,8.000,49.500
PG,Jeff Teague,7100,Ind@Uta 09:00PM ET,36.149,IND,0,0,34.964,27.060,36.562,3.615,-11.837,6.000,42.600,200.000,7.500,40.500
PG,Goran Dragic,7000,Mil@Mia 07:30PM ET,35.243,MIA,1,0,39.107,27.938,36.062,0.000,-6.841,2.500,42.000,206.000,-1.500,37.250
SF/PF,Paul George,7000,Ind@Uta 09:00PM ET,38.443,IND,0,0,36.179,33.079,34.188,0.000,-15.792,1.000,42.000,200.000,7.500,28.500
C,Al Horford,6900,Por@Bos 05:00PM ET,36.234,BOS,1,0,37.214,29.047,34.750,0.000,-1.476,28.000,41.400,218.000,-8.000,36.250
C,Rudy Gobert,6900,Ind@Uta 09:00PM ET,36.818,UTA,1,0,38.893,28.300,48.812,3.682,-7.760,17.000,41.400,200.000,-7.500,35.250
PF/C,LaMarcus Aldridge,6800,SA@Cle 08:30PM ET,32.513,SA,0,0,35.571,24.631,27.062,3.251,-0.070,10.000,40.800,211.500,2.500,45.000
PF,Kristaps Porzingis,6800,Pho@NY 07:30PM ET,36.547,NY,1,0,32.000,27.208,24.438,0.000,3.719,20.000,40.800,222.500,-5.500,21.250
C,Brook Lopez,6700,Bkn@Cha 07:00PM ET,35.053,BKN,0,0,36.321,27.845,38.812,0.000,-0.269,25.000,40.200,221.500,12.000,40.750
SF/PF,Jabari Parker,6700,Mil@Mia 07:30PM ET,34.631,MIL,0,0,35.107,25.921,34.625,0.000,-1.874,7.750,40.200,206.000,1.500,33.750
SG,Devin Booker,6700,Pho@NY 07:30PM ET,30.482,PHO,0,0,27.214,22.659,39.000,0.000,3.102,25.000,40.200,222.500,5.500,33.250
PG,Reggie Jackson,6600,Was@Det 06:00PM ET,28.815,DET,1,0,34.679,21.292,24.688,0.000,-4.616,4.000,39.600,208.000,-1.000,35.250
SG,Bradley Beal,6600,Was@Det 06:00PM ET,33.586,WAS,0,0,33.679,25.289,27.188,0.000,-39.123,5.500,39.600,208.000,1.000,35.250
SG/SF,Will Barton,6500,LAC@Den 09:00PM ET,26.414,DEN,1,0,19.036,16.635,30.625,0.000,2.688,11.250,39.000,222.500,-5.000,29.250
PG,Derrick Rose,6400,Pho@NY 07:30PM ET,30.769,NY,1,0,29.607,24.315,36.938,0.000,3.131,26.500,38.400,222.500,-5.500,37.250
PG,George Hill,6400,Ind@Uta 09:00PM ET,31.188,UTA,1,0,27.786,22.417,26.438,0.000,-37.857,16.500,38.400,200.000,-7.500,48.000
SG,Dwyane Wade,6300,Sac@Chi 09:00PM ET,32.641,CHI,1,0,32.929,24.667,27.875,0.000,-35.916,20.500,37.800,205.000,-6.500,56.500
C,Myles Turner,6300,Ind@Uta 09:00PM ET,32.579,IND,0,0,30.464,24.812,29.312,0.000,-11.754,2.000,37.800,200.000,7.500,26.250
SF/PF,Markieff Morris,6200,Was@Det 06:00PM ET,27.311,WAS,0,0,28.071,20.396,37.000,0.000,-0.962,8.000,37.200,208.000,1.000,38.750
PG,Dennis Schroder,6100,Phi@Atl 07:00PM ET,31.506,ATL,1,0,28.821,23.050,27.500,0.000,-7.087,12.500,36.600,198.500,-10.000,35.750
SF/PF,Tobias Harris,6100,Was@Det 06:00PM ET,28.403,DET,1,0,33.107,20.438,28.625,0.000,-1.000,19.750,36.600,208.000,-1.000,36.250
SG,Avery Bradley,6000,Por@Bos 05:00PM ET,33.458,BOS,1,1,29.429,26.044,29.125,0.000,-3377.454,9.000,36.000,218.000,-8.000,0.000
SF/PF,Otto Porter,6000,Was@Det 06:00PM ET,30.042,WAS,0,0,30.250,21.609,30.062,0.000,-1.058,8.000,36.000,208.000,1.000,28.750
SF,Rudy Gay,6000,Sac@Chi 09:00PM ET,35.200,SAC,0,1,39.929,27.797,39.438,3.520,-3525.405,10.000,36.000,205.000,6.500,0.000
PG/SG,Austin Rivers,5900,LAC@Den 09:00PM ET,19.304,LAC,0,0,20.750,11.100,25.375,0.000,1.964,29.000,35.400,222.500,5.000,27.000
PF,Ersan Ilyasova,5800,Phi@Atl 07:00PM ET,27.037,PHI,0,0,32.321,19.500,30.625,0.000,-6.082,17.500,34.800,198.500,10.000,33.750
SF/PF,Wilson Chandler,5800,LAC@Den 09:00PM ET,30.169,DEN,1,1,29.964,21.289,34.375,0.000,-3013.528,9.500,34.800,222.500,-5.000,28.250
PF/C,Zach Randolph,5800,Hou@Mem 08:00PM ET,28.007,MEM,1,0,32.500,22.833,33.312,0.000,0.998,18.750,34.800,215.500,1.500,22.500
PF,James Johnson,5800,Mil@Mia 07:30PM ET,25.579,MIA,1,0,29.643,15.906,30.625,0.000,-1.384,19.000,34.800,206.000,-1.500,20.750
PG,Raymond Felton,5700,LAC@Den 09:00PM ET,16.435,LAC,0,0,20.714,9.950,25.125,0.000,1.672,29.000,34.200,222.500,5.000,23.250
SF,Danilo Gallinari,5700,LAC@Den 09:00PM ET,28.743,DEN,1,1,29.429,23.550,27.750,2.874,-2871.088,15.000,34.200,222.500,-5.000,27.000
SF,Marcus Morris,5700,Was@Det 06:00PM ET,24.349,DET,1,0,26.929,17.136,32.438,0.000,-0.857,16.000,34.200,208.000,-1.000,47.750
SF,Jae Crowder,5600,Por@Bos 05:00PM ET,26.235,BOS,1,0,26.964,19.357,32.312,0.000,-1.069,23.000,33.600,218.000,-8.000,27.000
PF/C,Kenneth Faried,5600,LAC@Den 09:00PM ET,23.878,DEN,1,0,21.393,14.486,28.125,0.000,-0.325,6.500,33.600,222.500,-5.000,24.750
C,Marcin Gortat,5600,Was@Det 06:00PM ET,31.196,WAS,0,0,29.571,25.542,24.438,0.000,-4.842,5.000,33.600,208.000,1.000,27.250
SF,Robert Covington,5500,Phi@Atl 07:00PM ET,25.046,PHI,0,0,25.643,17.500,25.000,0.000,-5.634,23.000,33.000,198.500,10.000,36.500
C,Mason Plumlee,5500,Por@Bos 05:00PM ET,30.478,POR,0,0,31.214,23.250,30.688,0.000,-1.242,20.500,33.000,218.000,8.000,37.750
PG/SG,Marcus Smart,5400,Por@Bos 05:00PM ET,24.590,BOS,1,0,24.857,19.273,21.625,0.000,-1.002,9.750,32.400,218.000,-8.000,36.000
SG,Kentavious Caldwell-Pope,5400,Was@Det 06:00PM ET,26.650,DET,1,1,27.036,16.434,23.562,0.000,-2696.266,10.000,32.400,208.000,-1.000,0.000
PF/C,Taj Gibson,5400,Sac@Chi 09:00PM ET,25.169,CHI,1,0,21.607,19.281,25.625,0.000,-24.566,17.250,32.400,205.000,-6.500,18.250
PG/SG,Malcolm Brogdon,5400,Mil@Mia 07:30PM ET,21.155,MIL,0,0,31.143,13.190,26.000,0.000,-3.613,6.000,32.400,206.000,1.500,11.500
SG/SF,Dion Waiters,5400,Mil@Mia 07:30PM ET,24.652,MIA,1,0,27.143,14.727,25.188,0.000,-1.334,22.500,32.400,206.000,-1.500,44.250
C,Jahlil Okafor,5300,Phi@Atl 07:00PM ET,21.050,PHI,0,0,22.250,13.019,21.188,0.000,-7.366,4.000,31.800,198.500,10.000,25.000
PG/SG,Darren Collison,5300,Sac@Chi 09:00PM ET,23.118,SAC,0,0,17.679,16.833,24.812,0.000,-20.020,14.000,31.800,205.000,6.500,14.750
SG,Eric Gordon,5300,Hou@Mem 08:00PM ET,28.239,HOU,0,0,28.500,21.583,23.750,2.824,-26.192,3.000,31.800,215.500,-1.500,37.250
SF,Trevor Ariza,5300,Hou@Mem 08:00PM ET,27.793,HOU,0,0,27.036,21.500,26.438,0.000,-23.974,6.000,31.800,215.500,-1.500,19.000
PG,Tyler Johnson,5300,Mil@Mia 07:30PM ET,28.456,MIA,1,0,30.000,22.038,31.625,0.000,-5.523,2.500,31.800,206.000,-1.500,0.000
SG/SF,J.J. Redick,5200,LAC@Den 09:00PM ET,22.250,LAC,0,0,19.321,14.812,26.500,0.000,2.264,24.250,31.200,222.500,5.000,24.750
PF,Trevor Booker,5200,Bkn@Cha 07:00PM ET,28.303,BKN,0,0,22.321,20.421,27.250,0.000,-0.218,10.000,31.200,221.500,12.000,22.250
C,Tyson Chandler,5200,Pho@NY 07:30PM ET,26.076,PHO,0,0,24.214,18.015,36.938,0.000,2.654,26.000,31.200,222.500,5.500,31.000
PF,Thaddeus Young,5200,Ind@Uta 09:00PM ET,25.940,IND,0,0,27.357,19.710,27.312,0.000,-10.656,1.000,31.200,200.000,7.500,37.250
SF,Michael Kidd-Gilchrist,5100,Bkn@Cha 07:00PM ET,23.619,CHA,1,0,26.464,17.193,28.562,0.000,-0.182,30.000,30.600,221.500,-12.000,40.500
PG,Patrick Beverley,5100,Hou@Mem 08:00PM ET,27.953,HOU,0,0,30.893,21.317,33.000,0.000,-2.198,7.000,30.600,215.500,-1.500,25.000
PF/C,Kyle O'Quinn,5100,Pho@NY 07:30PM ET,18.262,NY,1,0,19.643,10.280,18.500,0.000,1.858,22.000,30.600,222.500,-5.500,3.250
PF/C,Derrick Favors,5100,Ind@Uta 09:00PM ET,20.638,UTA,1,0,21.393,13.333,20.562,0.000,-4.350,22.500,30.600,200.000,-7.500,23.750
PF,Al-Farouq Aminu,5000,Por@Bos 05:00PM ET,21.723,POR,0,0,25.393,15.929,22.500,0.000,-0.885,25.000,30.000,218.000,8.000,23.750
PG,Jeremy Lin,5000,Bkn@Cha 07:00PM ET,30.146,BKN,0,1,27.929,25.472,29.125,0.000,-3014.530,19.000,30.000,221.500,12.000,0.000
C,Cody Zeller,5000,Bkn@Cha 07:00PM ET,23.896,CHA,1,0,21.429,19.060,25.062,0.000,-17.436,30.000,30.000,221.500,-12.000,29.750
C,Pau Gasol,5000,SA@Cle 08:30PM ET,28.686,SA,0,1,32.357,21.455,24.062,0.000,-2897.833,6.000,30.000,211.500,2.500,0.000
C,Greg Monroe,4900,Mil@Mia 07:30PM ET,25.341,MIL,0,0,22.893,16.512,16.625,2.534,-1.371,18.000,29.400,206.000,1.500,15.500
PF/C,Montrezl Harrell,4800,Hou@Mem 08:00PM ET,18.959,HOU,0,0,23.107,10.224,25.250,0.000,-1.852,3.000,28.800,215.500,-1.500,10.500
PF,David Lee,4800,SA@Cle 08:30PM ET,16.402,SA,0,0,13.107,11.865,18.125,0.000,-0.035,14.000,28.800,211.500,2.500,35.250
SF/PF,Dario Saric,4700,Phi@Atl 07:00PM ET,20.835,PHI,0,0,25.857,13.238,23.375,0.000,-4.687,20.250,28.200,198.500,10.000,13.000
PG,Emmanuel Mudiay,4700,LAC@Den 09:00PM ET,24.663,DEN,1,1,28.143,14.650,30.812,0.000,-2463.544,2.500,28.200,222.500,-5.000,9.500
PF,Marvin Williams,4700,Bkn@Cha 07:00PM ET,22.189,CHA,1,0,23.607,16.111,23.688,0.000,-0.171,29.000,28.200,221.500,-12.000,19.000
PF,Ryan Anderson,4700,Hou@Mem 08:00PM ET,23.824,HOU,0,0,30.036,16.670,18.062,0.000,-26.096,5.000,28.200,215.500,-1.500,0.000
C,Joakim Noah,4700,Pho@NY 07:30PM ET,23.164,NY,1,1,28.786,15.557,27.938,0.000,-2313.811,24.000,28.200,222.500,-5.500,23.750
PF/C,Kelly Olynyk,4600,Por@Bos 05:00PM ET,19.208,BOS,1,0,21.000,11.847,27.062,0.000,-18.582,29.000,27.600,218.000,-8.000,19.500
PF,Nikola Mirotic,4600,Sac@Chi 09:00PM ET,20.987,CHI,1,0,19.929,13.395,16.438,0.000,-3.432,23.500,27.600,205.000,-6.500,21.250
PF,JaMychal Green,4600,Hou@Mem 08:00PM ET,22.949,MEM,1,0,22.714,16.087,22.438,0.000,0.818,15.500,27.600,215.500,1.500,24.750
PF/C,Channing Frye,4600,SA@Cle 08:30PM ET,17.088,CLE,1,0,20.321,10.972,18.812,1.709,-2.367,2.750,27.600,211.500,-2.500,12.500
SG/SF,Kent Bazemore,4500,Phi@Atl 07:00PM ET,21.415,ATL,1,0,20.643,13.200,22.875,0.000,-25.290,19.000,27.000,198.500,-10.000,23.500
C,Nerlens Noel,4500,Phi@Atl 07:00PM ET,16.400,PHI,0,0,18.679,10.062,17.000,0.000,-5.739,4.000,27.000,198.500,10.000,8.750
SG,Jamal Crawford,4500,LAC@Den 09:00PM ET,18.989,LAC,0,0,16.929,12.073,12.875,1.899,1.932,29.000,27.000,222.500,5.000,22.000
SG/SF,Josh Richardson,4500,Mil@Mia 07:30PM ET,22.473,MIA,1,1,22.643,15.467,23.500,0.000,-2270.823,22.500,27.000,206.000,-1.500,0.000
PG,Tony Parker,4500,SA@Cle 08:30PM ET,21.414,SA,0,1,21.321,15.206,23.750,0.000,-2141.232,18.000,27.000,211.500,2.500,0.000
SG,Gary Harris,4400,LAC@Den 09:00PM ET,22.292,DEN,1,1,21.964,11.750,19.062,2.229,-2248.626,7.500,26.400,222.500,-5.000,0.000
PG,Michael Carter-Williams,4400,Sac@Chi 09:00PM ET,19.000,CHI,1,0,19.643,13.861,21.750,0.000,-5.007,22.000,26.400,205.000,-6.500,13.250
SF/PF,Matt Barnes,4400,Sac@Chi 09:00PM ET,19.032,SAC,0,0,18.786,12.310,16.750,0.000,-5.016,13.750,26.400,205.000,6.500,8.250
C,Robin Lopez,4400,Sac@Chi 09:00PM ET,22.739,CHI,1,0,20.929,16.524,27.125,0.000,-2052.503,11.000,26.400,205.000,-6.500,24.000
SG,Bojan Bogdanovic,4400,Bkn@Cha 07:00PM ET,21.988,BKN,0,0,17.643,15.719,24.438,0.000,-2.368,18.000,26.400,221.500,12.000,25.250
SG,Tony Allen,4400,Hou@Mem 08:00PM ET,22.559,MEM,1,0,22.571,15.825,26.062,0.000,0.804,26.500,26.400,215.500,1.500,13.000
SF,T.J. Warren,4400,Pho@NY 07:30PM ET,23.466,PHO,0,0,20.500,11.964,20.188,0.000,2.388,14.000,26.400,222.500,5.500,10.750
SG/SF,Joe Ingles,4400,Ind@Uta 09:00PM ET,15.449,UTA,1,0,15.750,7.635,18.938,0.000,-4.801,19.750,26.400,200.000,-7.500,24.000
SG,Rodney Hood,4400,Ind@Uta 09:00PM ET,23.547,UTA,1,1,24.464,15.625,28.000,0.000,-2361.782,26.500,26.400,200.000,-7.500,0.000
SF/PF,Anthony Tolliver,4300,Sac@Chi 09:00PM ET,14.208,SAC,0,0,16.643,7.062,17.188,0.000,-3.744,13.750,25.800,205.000,6.500,7.750
PF/C,Marreese Speights,4200,LAC@Den 09:00PM ET,19.813,LAC,0,0,22.536,14.096,24.188,0.000,2.016,13.500,25.200,222.500,5.000,27.250
PF,Jon Leuer,4200,Was@Det 06:00PM ET,22.711,DET,1,1,21.393,15.562,13.875,0.000,-2289.827,23.500,25.200,208.000,-1.000,26.750
PG/SG,Garrett Temple,4200,Sac@Chi 09:00PM ET,17.720,SAC,0,0,26.000,12.478,20.188,0.000,-4.670,14.000,25.200,205.000,6.500,21.750
SF,Doug McDermott,4200,Sac@Chi 09:00PM ET,17.105,CHI,1,0,18.464,10.375,22.375,0.000,-1543.958,11.000,25.200,205.000,-6.500,5.000
C,Tristan Thompson,4200,SA@Cle 08:30PM ET,23.762,CLE,1,1,22.393,18.240,19.812,0.000,-2395.397,3.000,25.200,211.500,-2.500,33.500
SG/SF,Evan Turner,4100,Por@Bos 05:00PM ET,21.119,POR,0,0,20.429,15.652,20.562,0.000,-2.972,14.500,24.600,218.000,8.000,28.000
SG,Sean Kilpatrick,4100,Bkn@Cha 07:00PM ET,24.543,BKN,0,1,20.964,15.830,16.938,0.000,-2484.948,18.000,24.600,221.500,12.000,30.000
SF/PF,Michael Beasley,4100,Mil@Mia 07:30PM ET,16.583,MIL,0,0,22.429,9.434,18.062,0.000,-1509.834,7.750,24.600,206.000,1.500,7.000
SG/SF,Kyle Korver,4100,SA@Cle 08:30PM ET,18.682,CLE,1,0,23.679,11.583,18.375,0.000,-1681.420,12.500,24.600,211.500,-2.500,9.500
SF,Mindaugas Kuzminskas,4100,Pho@NY 07:30PM ET,11.169,NY,1,0,19.071,5.716,19.500,0.000,1.137,25.000,24.600,222.500,-5.500,10.250
PG,Sergio Rodriguez,4000,Phi@Atl 07:00PM ET,22.372,PHI,0,0,22.679,14.105,16.500,0.000,-29.921,23.500,24.000,198.500,10.000,0.000
SF,Maurice Harkless,4000,Por@Bos 05:00PM ET,22.919,POR,0,0,19.357,14.861,15.312,0.000,-21.737,17.500,24.000,218.000,8.000,1.500
PF/C,Amir Johnson,4000,Por@Bos 05:00PM ET,17.207,BOS,1,0,21.929,10.534,15.625,0.000,-2.422,29.000,24.000,218.000,-8.000,19.250
SG/SF,Stanley Johnson,4000,Was@Det 06:00PM ET,10.838,DET,1,0,9.321,5.352,19.625,0.000,-975.802,13.000,24.000,208.000,-1.000,14.500
PG,Ty Lawson,4000,Sac@Chi 09:00PM ET,20.100,SAC,0,0,21.429,12.139,19.250,0.000,-5.297,14.000,24.000,205.000,6.500,21.250
SG,Jeremy Lamb,4000,Bkn@Cha 07:00PM ET,18.536,CHA,1,1,15.429,8.188,19.812,0.000,-1855.411,30.000,24.000,221.500,-12.000,0.000
SF,Rondae Hollis-Jefferson,4000,Bkn@Cha 07:00PM ET,19.638,BKN,0,0,20.143,13.560,24.438,0.000,-2.115,19.500,24.000,221.500,12.000,16.000
C,Clint Capela,4000,Hou@Mem 08:00PM ET,26.323,HOU,0,0,20.750,18.950,20.000,0.000,-2368.132,1.000,24.000,215.500,-1.500,15.000
PG,Shelvin Mack,4000,Ind@Uta 09:00PM ET,16.195,UTA,1,0,14.107,8.961,4.875,0.000,-18.440,16.500,24.000,200.000,-7.500,0.000
PG,Rajon Rondo,3900,Sac@Chi 09:00PM ET,26.686,CHI,1,0,25.536,18.125,15.188,0.000,-7.033,22.000,23.400,205.000,-6.500,7.500
C,Willie Reed,3900,Mil@Mia 07:30PM ET,13.544,MIA,1,0,10.464,7.545,13.812,0.000,-1219.693,13.000,23.400,206.000,-1.500,9.750
PG/SG,Iman Shumpert,3900,SA@Cle 08:30PM ET,16.163,CLE,1,0,17.357,11.159,23.438,0.000,-0.035,14.000,23.400,211.500,-2.500,22.750
SF/PF,P.J. Tucker,3900,Pho@NY 07:30PM ET,18.107,PHO,0,0,16.821,10.250,20.188,0.000,1.843,17.500,23.400,222.500,5.500,27.250
C,Dewayne Dedmon,3800,SA@Cle 08:30PM ET,15.451,SA,0,0,11.750,8.926,18.750,0.000,-1390.623,6.000,22.800,211.500,2.500,7.000
PF,Richaun Holmes,3700,Phi@Atl 07:00PM ET,16.393,PHI,0,0,17.107,7.667,16.438,0.000,-5.327,17.500,22.200,198.500,10.000,0.000
SG/SF,Allen Crabbe,3700,Por@Bos 05:00PM ET,17.972,POR,0,0,16.393,12.300,11.938,0.000,-16.590,14.500,22.200,218.000,8.000,17.000
PG,Jameer Nelson,3700,LAC@Den 09:00PM ET,19.104,DEN,1,0,17.500,11.978,22.438,0.000,-1717.416,2.500,22.200,222.500,-5.000,20.000
C,Aron Baynes,3700,Was@Det 06:00PM ET,10.571,DET,1,0,9.750,6.560,12.875,0.000,-951.762,9.000,22.200,208.000,-1.000,12.250
SG/SF,Marco Belinelli,3700,Bkn@Cha 07:00PM ET,18.434,CHA,1,0,15.643,12.762,16.688,0.000,-1.985,30.000,22.200,221.500,-12.000,23.750
PF,Frank Kaminsky,3700,Bkn@Cha 07:00PM ET,21.030,CHA,1,0,25.000,14.978,19.500,0.000,-2.265,29.000,22.200,221.500,-12.000,21.500
PG,Andrew Harrison,3700,Hou@Mem 08:00PM ET,17.024,MEM,1,0,11.964,10.630,7.250,0.000,-1531.553,9.000,22.200,215.500,1.500,7.500
PG,Dejounte Murray,3700,SA@Cle 08:30PM ET,6.405,SA,0,0,5.143,2.000,13.688,0.000,-0.014,18.000,22.200,211.500,2.500,24.500
SG,Manu Ginobili,3700,SA@Cle 08:30PM ET,18.181,SA,0,0,19.679,12.679,18.938,0.000,-0.039,28.000,22.200,211.500,2.500,15.500
SG/SF,Thabo Sefolosha,3600,Phi@Atl 07:00PM ET,19.781,ATL,1,0,16.857,12.632,15.062,0.000,-6.428,19.000,21.600,198.500,-10.000,15.750
PG,Spencer Dinwiddie,3600,Bkn@Cha 07:00PM ET,13.921,BKN,0,0,18.214,6.556,16.625,0.000,-1.499,19.000,21.600,221.500,12.000,9.250
SG,Nik Stauskas,3500,Phi@Atl 07:00PM ET,16.449,PHI,0,0,16.536,10.963,10.625,0.000,-5.345,24.000,21.000,198.500,10.000,21.000
SG,Reggie Bullock,3500,Was@Det 06:00PM ET,12.357,DET,1,0,13.938,5.438,14.062,0.000,-1112.565,10.000,21.000,208.000,-1.000,17.750
SF,Omri Casspi,3500,Sac@Chi 09:00PM ET,13.614,SAC,0,1,16.964,7.100,9.062,0.000,-1374.522,10.000,21.000,205.000,6.500,0.000
PF/C,Spencer Hawes,3500,Bkn@Cha 07:00PM ET,16.258,CHA,1,0,11.321,9.235,20.062,0.000,-1.751,29.500,21.000,221.500,-12.000,0.000
C,John Henson,3500,Mil@Mia 07:30PM ET,18.006,MIL,0,0,12.429,11.643,18.312,0.000,-0.974,18.000,21.000,206.000,1.500,23.250
SG,J.R. Smith,3500,SA@Cle 08:30PM ET,17.321,CLE,1,1,17.750,11.300,19.688,0.000,-1745.269,23.000,21.000,211.500,-2.500,0.000
SG,Danny Green,3500,SA@Cle 08:30PM ET,17.750,SA,0,0,16.214,10.786,16.562,0.000,-0.038,28.000,21.000,211.500,2.500,12.500
PG,Brandon Jennings,3500,Pho@NY 07:30PM ET,20.307,NY,1,0,14.857,13.054,17.125,0.000,2.066,26.500,21.000,222.500,-5.500,2.750
PG,Jerian Grant,3400,Sac@Chi 09:00PM ET,11.022,CHI,1,0,12.107,4.667,15.312,0.000,-2.905,22.000,20.400,205.000,-6.500,0.000
PG,Ramon Sessions,3400,Bkn@Cha 07:00PM ET,13.308,CHA,1,0,12.857,9.641,13.938,0.000,-1.433,30.000,20.400,221.500,-12.000,23.500
SG/SF,Caris LeVert,3400,Bkn@Cha 07:00PM ET,14.761,BKN,0,0,16.821,8.596,21.188,0.000,-1.590,18.750,20.400,221.500,12.000,19.750
PF/C,Justin Hamilton,3400,Bkn@Cha 07:00PM ET,16.682,BKN,0,0,19.607,10.472,18.062,0.000,-1.796,17.500,20.400,221.500,12.000,0.000
SG/SF,Vince Carter,3400,Hou@Mem 08:00PM ET,17.816,MEM,1,0,17.500,12.762,17.812,0.000,0.635,26.250,20.400,215.500,1.500,14.750
SF/PF,Sam Dekker,3400,Hou@Mem 08:00PM ET,15.598,HOU,0,0,16.179,10.615,19.875,0.000,-1403.264,5.500,20.400,215.500,-1.500,42.000
C,Alex Len,3400,Pho@NY 07:30PM ET,20.444,PHO,0,0,15.607,13.571,11.562,0.000,-17.125,26.000,20.400,222.500,5.500,9.250
SG/SF,Joe Johnson,3400,Ind@Uta 09:00PM ET,15.733,UTA,1,0,8.286,8.225,14.812,0.000,-4.889,19.750,20.400,200.000,-7.500,9.000
PF/C,Kris Humphries,3300,Phi@Atl 07:00PM ET,11.176,ATL,1,0,9.964,5.083,19.938,0.000,-3.632,16.500,19.800,198.500,-10.000,18.250
PG,Isaiah Whitehead,3300,Bkn@Cha 07:00PM ET,15.875,BKN,0,0,15.857,11.250,13.438,0.000,-1.710,19.000,19.800,221.500,12.000,13.250
PG/SG,Matthew Dellavedova,3300,Mil@Mia 07:30PM ET,19.115,MIL,0,0,14.250,13.079,9.438,0.000,-1736.187,6.000,19.800,206.000,1.500,28.500
SF,Tony Snell,3300,Mil@Mia 07:30PM ET,16.341,MIL,0,0,12.036,10.955,13.188,0.000,-1482.872,8.500,19.800,206.000,1.500,11.000
SG,Courtney Lee,3300,Pho@NY 07:30PM ET,18.564,NY,1,0,15.643,12.833,17.312,0.000,1.889,15.000,19.800,222.500,-5.500,26.000
SG,Justin Holiday,3300,Pho@NY 07:30PM ET,14.938,NY,1,0,12.036,9.040,20.875,0.000,1.520,15.000,19.800,222.500,-5.500,6.000
SG,Monta Ellis,3300,Ind@Uta 09:00PM ET,19.279,IND,0,0,12.857,11.958,14.812,0.000,-1741.101,1.000,19.800,200.000,7.500,25.000
SF,Chandler Parsons,3200,Hou@Mem 08:00PM ET,11.944,MEM,1,1,12.042,7.143,13.562,1.194,-1193.855,26.000,19.200,215.500,1.500,27.000
PG/SG,Brandon Knight,3200,Pho@NY 07:30PM ET,19.564,PHO,0,0,17.286,12.463,10.625,0.000,-16.181,20.000,19.200,222.500,5.500,22.250
PG/SG,Ron Baker,3200,Pho@NY 07:30PM ET,8.632,NY,1,0,9.357,3.727,11.312,0.000,0.878,20.750,19.200,222.500,-5.500,10.750
PF,Marquese Chriss,3200,Pho@NY 07:30PM ET,14.292,PHO,0,0,14.000,9.217,14.438,0.000,1.454,21.000,19.200,222.500,5.500,29.750
SF,C.J. Miles,3200,Ind@Uta 09:00PM ET,18.188,IND,0,0,16.786,11.375,15.125,0.000,-1642.572,1.000,19.200,200.000,7.500,13.500
PG,Malcolm Delaney,3100,Phi@Atl 07:00PM ET,13.157,ATL,1,0,15.786,7.361,17.062,0.000,-1188.405,12.500,18.600,198.500,-10.000,16.500
PG/SG,Jamal Murray,3100,LAC@Den 09:00PM ET,15.140,DEN,1,0,7.286,8.310,11.750,0.000,-1361.059,5.000,18.600,222.500,-5.000,11.750
SF,James Ennis III,3100,Hou@Mem 08:00PM ET,17.613,MEM,1,0,12.643,11.233,17.812,0.000,0.628,26.000,18.600,215.500,1.500,8.250
SF,Wayne Ellington,3100,Mil@Mia 07:30PM ET,17.272,MIA,1,0,17.750,10.396,12.312,0.000,-17.098,29.000,18.600,206.000,-1.500,26.750
C,Al Jefferson,3100,Ind@Uta 09:00PM ET,16.286,IND,0,0,19.429,11.269,19.750,0.000,-1470.801,2.000,18.600,200.000,7.500,15.500
PG,Chasson Randle,3000,Phi@Atl 07:00PM ET,11.250,PHI,0,0,11.250,5.500,11.250,0.000,-3.656,23.500,18.000,198.500,10.000,3.000
SG/SF,Timothe Luwawu-Cabarrot,3000,Phi@Atl 07:00PM ET,5.982,PHI,0,0,7.179,2.125,10.938,0.000,-1.944,23.500,18.000,198.500,10.000,13.000
SF,Mike Dunleavy,3000,Phi@Atl 07:00PM ET,10.143,ATL,1,0,13.536,5.641,13.875,0.000,-3.296,21.000,18.000,198.500,-10.000,10.000
SF,Taurean Prince,3000,Phi@Atl 07:00PM ET,7.894,ATL,1,0,6.393,2.446,4.125,0.000,-2.565,21.000,18.000,198.500,-10.000,0.000
SF,DeAndre' Bembry,3000,Phi@Atl 07:00PM ET,4.618,ATL,1,0,2.643,2.125,6.125,0.000,-1.501,21.000,18.000,198.500,-10.000,0.000
PF/C,Mike Muscala,3000,Phi@Atl 07:00PM ET,16.594,ATL,1,1,10.286,9.344,11.375,0.000,-1676.559,16.500,18.000,198.500,-10.000,0.000
PF,Mike Scott,3000,Phi@Atl 07:00PM ET,8.295,ATL,1,0,10.917,3.650,5.875,0.000,-749.245,6.000,18.000,198.500,-10.000,1.250
PG,Shabazz Napier,3000,Por@Bos 05:00PM ET,7.232,POR,0,0,8.500,2.650,5.125,0.000,-5.215,20.000,18.000,218.000,8.000,0.000
PG,Tim Quarterman,3000,Por@Bos 05:00PM ET,3.250,POR,0,0,3.357,1.750,1.750,0.000,-0.457,20.000,18.000,218.000,8.000,0.000
PG,Demetrius Jackson,3000,Por@Bos 05:00PM ET,5.000,BOS,1,0,7.625,1.583,5.000,0.000,-450.704,10.500,18.000,218.000,-8.000,0.000
PG,Terry Rozier,3000,Por@Bos 05:00PM ET,13.858,BOS,1,0,11.393,8.287,12.438,0.000,-1249.170,10.500,18.000,218.000,-8.000,24.250
SG,Gerald Green,3000,Por@Bos 05:00PM ET,10.000,BOS,1,0,10.500,4.661,5.125,0.000,-908.941,9.000,18.000,218.000,-8.000,0.000
SG,James Young,3000,Por@Bos 05:00PM ET,3.523,BOS,1,1,2.500,0.594,2.125,0.000,-352.761,9.000,18.000,218.000,-8.000,0.000
SF,Pat Connaughton,3000,Por@Bos 05:00PM ET,3.345,POR,0,0,3.714,1.227,4.938,0.000,-0.471,17.500,18.000,218.000,8.000,0.000
SF,Jaylen Brown,3000,Por@Bos 05:00PM ET,9.390,BOS,1,0,9.929,4.729,10.500,0.000,-1.322,23.000,18.000,218.000,-8.000,10.500
PF/C,Meyers Leonard,3000,Por@Bos 05:00PM ET,11.853,POR,0,0,7.679,5.310,12.312,0.000,-1.668,22.750,18.000,218.000,8.000,24.500
PF,Jonas Jerebko,3000,Por@Bos 05:00PM ET,11.125,BOS,1,1,10.000,6.310,9.000,0.000,-1113.955,30.000,18.000,218.000,-8.000,0.000
PF,Jake Layman,3000,Por@Bos 05:00PM ET,4.348,POR,0,0,2.321,1.516,3.750,0.000,-0.612,25.000,18.000,218.000,8.000,0.000
PF,Jordan Mickey,3000,Por@Bos 05:00PM ET,5.886,BOS,1,0,5.625,2.600,6.188,0.000,-0.828,30.000,18.000,218.000,-8.000,7.250
PF,Noah Vonleh,3000,Por@Bos 05:00PM ET,9.122,POR,0,0,9.964,4.333,16.188,0.000,-1.284,25.000,18.000,218.000,8.000,20.500
C,Ed Davis,3000,Por@Bos 05:00PM ET,12.726,POR,0,1,8.250,6.714,10.125,0.000,-1274.264,20.500,18.000,218.000,8.000,0.000
C,Tyler Zeller,3000,Por@Bos 05:00PM ET,10.454,BOS,1,1,3.893,3.650,3.125,0.000,-1046.767,28.000,18.000,218.000,-8.000,0.000
PG,Malik Beasley,3000,LAC@Den 09:00PM ET,4.545,DEN,1,0,4.857,0.821,5.188,0.000,-408.587,2.500,18.000,222.500,-5.000,2.000
SG,Mike Miller,3000,LAC@Den 09:00PM ET,4.607,DEN,1,0,5.438,1.312,4.188,0.000,-414.161,7.500,18.000,222.500,-5.000,7.250
SG,Alan Anderson,3000,LAC@Den 09:00PM ET,5.406,LAC,0,0,7.750,2.450,6.125,0.000,0.550,29.000,18.000,222.500,5.000,5.500
SF,Paul Pierce,3000,LAC@Den 09:00PM ET,6.917,LAC,0,0,9.542,3.500,6.938,0.000,0.704,19.500,18.000,222.500,5.000,0.000
SF,Wesley Johnson,3000,LAC@Den 09:00PM ET,10.304,LAC,0,0,11.179,5.475,10.125,0.000,1.049,19.500,18.000,222.500,5.000,10.750
PF,Brandon Bass,3000,LAC@Den 09:00PM ET,10.080,LAC,0,0,11.500,5.167,12.688,0.000,-906.174,11.500,18.000,222.500,5.000,8.750
PF,Darrell Arthur,3000,LAC@Den 09:00PM ET,11.176,DEN,1,1,12.000,5.611,16.125,0.000,-1116.351,4.000,18.000,222.500,-5.000,12.000
C,Jusuf Nurkic,3000,LAC@Den 09:00PM ET,20.507,DEN,1,0,12.786,11.562,6.688,0.000,-1867.154,9.000,18.000,222.500,-5.000,22.750
PG/SG,Tomas Satoransky,3000,Was@Det 06:00PM ET,9.917,WAS,0,0,6.036,4.891,16.188,0.000,-0.349,14.500,18.000,208.000,1.000,-0.500
PG,Beno Udrih,3000,Was@Det 06:00PM ET,13.278,DET,1,0,16.250,7.929,9.062,0.000,-1204.245,4.000,18.000,208.000,-1.000,0.000
PG,Trey Burke,3000,Was@Det 06:00PM ET,8.270,WAS,0,0,6.536,4.477,8.875,0.000,-0.291,23.500,18.000,208.000,1.000,12.500
SG,Darrun Hilliard,3000,Was@Det 06:00PM ET,6.413,DET,1,0,6.036,2.554,4.750,0.000,-577.396,10.000,18.000,208.000,-1.000,0.000
SG,Sheldon McClellan,3000,Was@Det 06:00PM ET,7.500,WAS,0,0,12.214,2.500,5.062,0.000,-675.264,5.500,18.000,208.000,1.000,2.500
SF,Marcus Thornton,3000,Was@Det 06:00PM ET,12.712,WAS,0,0,9.500,6.875,13.688,0.000,-1153.646,4.500,18.000,208.000,1.000,0.000
SF,Michael Gbinije,3000,Was@Det 06:00PM ET,1.344,DET,1,1,1.100,0.625,1.500,0.000,-134.434,16.000,18.000,208.000,-1.000,0.000
PF/C,Jason Smith,3000,Was@Det 06:00PM ET,9.881,WAS,0,0,11.250,6.074,15.188,0.000,-889.638,8.250,18.000,208.000,1.000,24.000
PF,Henry Ellenson,3000,Was@Det 06:00PM ET,2.964,DET,1,0,2.429,1.361,4.750,0.000,-0.104,23.500,18.000,208.000,-1.000,0.000
C,Andrew Nicholson,3000,Was@Det 06:00PM ET,5.840,WAS,0,0,9.250,2.300,5.062,0.000,-525.806,5.000,18.000,208.000,1.000,0.000
C,Boban Marjanovic,3000,Was@Det 06:00PM ET,9.842,DET,1,0,11.821,2.841,14.938,0.000,-886.127,9.000,18.000,208.000,-1.000,2.750
C,Daniel Ochefu,3000,Was@Det 06:00PM ET,3.025,WAS,0,0,3.667,1.042,5.375,0.000,-272.357,5.000,18.000,208.000,1.000,0.000
PG,Isaiah Canaan,3000,Sac@Chi 09:00PM ET,10.768,CHI,1,0,7.179,5.703,3.312,0.000,-11.014,22.000,18.000,205.000,-6.500,0.000
SG/SF,Denzel Valentine,3000,Sac@Chi 09:00PM ET,7.611,CHI,1,0,7.607,2.922,15.125,0.000,-2.006,15.750,18.000,205.000,-6.500,0.000
SG,Arron Afflalo,3000,Sac@Chi 09:00PM ET,12.379,SAC,0,0,10.536,6.706,12.250,0.000,-3.262,14.000,18.000,205.000,6.500,21.750
SG,Ben McLemore,3000,Sac@Chi 09:00PM ET,8.485,SAC,0,0,9.929,2.554,1.312,0.000,-2.236,14.000,18.000,205.000,6.500,0.000
SG,Malachi Richardson,3000,Sac@Chi 09:00PM ET,4.607,SAC,0,0,4.700,1.450,3.125,0.000,-1.214,14.000,18.000,205.000,6.500,5.500
SF,Paul Zipser,3000,Sac@Chi 09:00PM ET,4.982,CHI,1,0,4.083,1.688,10.938,0.000,-449.693,11.000,18.000,205.000,-6.500,18.500
PF,Bobby Portis,3000,Sac@Chi 09:00PM ET,9.858,CHI,1,0,7.643,5.361,10.375,0.000,-2.598,23.500,18.000,205.000,-6.500,0.000
PF,Skal Labissiere,3000,Sac@Chi 09:00PM ET,5.450,SAC,0,0,5.812,2.250,3.875,0.000,-1.436,17.500,18.000,205.000,6.500,0.000
C,Kosta Koufos,3000,Sac@Chi 09:00PM ET,15.851,SAC,0,0,21.821,10.457,13.125,0.000,-1430.767,9.000,18.000,205.000,6.500,20.000
C,Willie Cauley-Stein,3000,Sac@Chi 09:00PM ET,8.450,SAC,0,0,6.893,3.587,4.125,0.845,-762.727,9.000,18.000,205.000,6.500,12.000
C,Cristiano Felicio,3000,Sac@Chi 09:00PM ET,12.160,CHI,1,0,17.964,6.737,10.188,0.000,-1106.820,11.000,18.000,205.000,-6.500,17.000
PG,Randy Foye,3000,Bkn@Cha 07:00PM ET,11.897,BKN,0,0,14.429,7.031,17.500,0.000,-1.281,19.000,18.000,221.500,12.000,22.500
PG,Brian Roberts,3000,Bkn@Cha 07:00PM ET,3.229,CHA,1,0,2.500,0.542,2.375,0.000,-0.348,30.000,18.000,221.500,-12.000,0.000
SF,Joe Harris,3000,Bkn@Cha 07:00PM ET,15.806,BKN,0,1,17.179,9.816,14.312,0.000,-1582.144,19.500,18.000,221.500,12.000,0.000
SF,Treveon Graham,3000,Bkn@Cha 07:00PM ET,3.232,CHA,1,0,3.357,0.929,2.125,0.000,-0.348,30.000,18.000,221.500,-12.000,0.000
PF/C,Luis Scola,3000,Bkn@Cha 07:00PM ET,12.532,BKN,0,0,12.286,6.446,12.562,1.253,-1.350,17.500,18.000,221.500,12.000,0.000
PF,Quincy Acy,3000,Bkn@Cha 07:00PM ET,7.682,BKN,0,0,8.000,3.607,14.562,0.000,-692.207,10.000,18.000,221.500,12.000,28.000
C,Roy Hibbert,3000,Bkn@Cha 07:00PM ET,13.188,CHA,1,0,13.036,8.537,14.125,0.000,-1.420,30.000,18.000,221.500,-12.000,2.000
PG,Bobby Brown,3000,Hou@Mem 08:00PM ET,1.688,HOU,0,0,1.071,0.583,3.750,0.000,-151.860,7.000,18.000,215.500,-1.500,0.000
PG,Tyler Ennis,3000,Hou@Mem 08:00PM ET,4.654,HOU,0,0,5.143,1.600,2.062,0.000,-418.694,7.000,18.000,215.500,-1.500,-0.500
PG,Wade Baldwin IV,3000,Hou@Mem 08:00PM ET,9.402,MEM,1,0,9.214,3.327,3.125,0.000,-845.845,9.000,18.000,215.500,1.500,0.000
SG/SF,Corey Brewer,3000,Hou@Mem 08:00PM ET,9.810,HOU,0,0,10.429,6.080,11.250,0.000,-882.550,4.500,18.000,215.500,-1.500,17.750
SG,Troy Daniels,3000,Hou@Mem 08:00PM ET,14.159,MEM,1,1,11.643,5.368,6.188,0.000,-1431.596,26.500,18.000,215.500,1.500,0.000
SG,Troy Williams,3000,Hou@Mem 08:00PM ET,10.720,MEM,1,0,12.964,2.729,4.188,0.000,-9.596,26.500,18.000,215.500,1.500,0.000
SF,K.J. McDaniels,3000,Hou@Mem 08:00PM ET,5.688,HOU,0,0,3.536,2.033,3.062,0.000,-511.717,6.000,18.000,215.500,-1.500,3.250
PF/C,Jarell Martin,3000,Hou@Mem 08:00PM ET,10.128,MEM,1,0,8.714,4.631,4.375,0.000,-7.134,18.750,18.000,215.500,1.500,2.750
PF,Kyle Wiltjer,3000,Hou@Mem 08:00PM ET,2.306,HOU,0,0,1.042,0.375,1.000,0.000,-207.458,5.000,18.000,215.500,-1.500,0.000
PF,Deyonta Davis,3000,Hou@Mem 08:00PM ET,5.670,MEM,1,0,6.500,2.000,4.500,0.000,0.202,15.500,18.000,215.500,1.500,2.500
SG/SF,Rodney McGruder,3000,Mil@Mia 07:30PM ET,13.962,MIA,1,0,12.250,7.721,12.250,0.000,-0.755,22.500,18.000,206.000,-1.500,11.000
SG,Jason Terry,3000,Mil@Mia 07:30PM ET,8.284,MIL,0,0,8.857,4.382,5.750,0.000,-746.008,4.000,18.000,206.000,1.500,0.000
SG,Rashad Vaughn,3000,Mil@Mia 07:30PM ET,7.611,MIL,0,0,5.786,2.136,6.812,0.000,-685.402,4.000,18.000,206.000,1.500,2.000
PF,Josh McRoberts,3000,Mil@Mia 07:30PM ET,13.523,MIA,1,1,15.107,8.917,9.188,0.000,-1352.896,19.000,18.000,206.000,-1.500,0.000
PF,Luke Babbitt,3000,Mil@Mia 07:30PM ET,8.809,MIA,1,0,6.321,3.653,11.375,0.000,-0.477,19.000,18.000,206.000,-1.500,14.500
PF,Derrick Williams,3000,Mil@Mia 07:30PM ET,12.326,MIA,1,0,12.429,7.769,11.312,0.000,-8.427,19.000,18.000,206.000,-1.500,0.000
PF,Mirza Teletovic,3000,Mil@Mia 07:30PM ET,12.729,MIL,0,0,8.536,6.603,2.188,0.000,-1156.281,7.000,18.000,206.000,1.500,0.000
PF,Justise Winslow,3000,Mil@Mia 07:30PM ET,25.833,MIA,1,1,25.464,20.250,23.875,0.000,-2584.439,19.000,18.000,206.000,-1.500,0.000
PF,Thon Maker,3000,Mil@Mia 07:30PM ET,4.237,MIL,0,0,3.214,1.886,3.500,0.000,-381.559,7.000,18.000,206.000,1.500,9.750
C,Udonis Haslem,3000,Mil@Mia 07:30PM ET,5.679,MIA,1,0,4.208,1.321,10.750,0.000,-511.417,13.000,18.000,206.000,-1.500,0.000
C,Miles Plumlee,3000,Mil@Mia 07:30PM ET,5.681,MIL,0,0,2.536,1.618,3.188,0.000,-0.307,18.000,18.000,206.000,1.500,0.000
PG,Bryn Forbes,3000,SA@Cle 08:30PM ET,1.483,SA,0,0,0.643,0.114,0.812,0.000,-0.003,18.000,18.000,211.500,2.500,0.000
PG,Kay Felder,3000,SA@Cle 08:30PM ET,9.375,CLE,1,0,10.179,4.150,5.375,0.000,-843.770,5.000,18.000,211.500,-2.500,0.000
SG,James Jones,3000,SA@Cle 08:30PM ET,4.971,CLE,1,0,5.821,1.422,7.312,0.000,-0.011,23.000,18.000,211.500,-2.500,0.000
SG,DeAndre Liggins,3000,SA@Cle 08:30PM ET,9.152,CLE,1,0,9.286,3.350,5.875,0.000,-0.020,23.000,18.000,211.500,-2.500,9.750
SG,Jordan McRae,3000,SA@Cle 08:30PM ET,7.929,CLE,1,0,10.071,2.683,3.062,0.000,-6.180,23.000,18.000,211.500,-2.500,0.000
SG,Kyle Anderson,3000,SA@Cle 08:30PM ET,8.459,SA,0,0,9.179,3.885,4.500,0.000,-6.508,28.000,18.000,211.500,2.500,20.500
SF/PF,Richard Jefferson,3000,SA@Cle 08:30PM ET,10.226,CLE,1,0,14.643,5.977,11.750,0.000,-920.362,2.250,18.000,211.500,-2.500,7.750
SF/PF,Davis Bertans,3000,SA@Cle 08:30PM ET,6.950,SA,0,0,0.929,2.250,5.438,0.000,-0.015,20.500,18.000,211.500,2.500,0.000
C,Chris Andersen,3000,SA@Cle 08:30PM ET,7.979,CLE,1,1,8.714,4.607,8.312,0.000,-797.837,3.000,18.000,211.500,-2.500,0.000
PG/SG,Leandro Barbosa,3000,Pho@NY 07:30PM ET,10.305,PHO,0,0,11.500,4.464,6.250,0.000,-6.859,20.000,18.000,222.500,5.500,0.000
PG,Tyler Ulis,3000,Pho@NY 07:30PM ET,6.907,PHO,0,0,4.786,3.347,3.562,0.000,0.703,15.000,18.000,222.500,5.500,2.000
SG,Sasha Vujacic,3000,Pho@NY 07:30PM ET,5.728,NY,1,0,7.857,1.000,8.875,0.000,0.583,15.000,18.000,222.500,-5.500,0.000
SF/PF,Lance Thomas,3000,Pho@NY 07:30PM ET,9.150,NY,1,1,10.964,5.375,7.562,0.000,-918.687,22.500,18.000,222.500,-5.500,0.000
SF/PF,Dragan Bender,3000,Pho@NY 07:30PM ET,8.221,PHO,0,0,13.036,3.773,11.375,0.000,0.837,17.500,18.000,222.500,5.500,0.750
PF,Jared Dudley,3000,Pho@NY 07:30PM ET,16.858,PHO,0,1,12.786,11.000,7.750,0.000,-1697.356,21.000,18.000,222.500,5.500,0.000
PF,Maurice Ndour,3000,Pho@NY 07:30PM ET,5.176,NY,1,0,3.964,2.714,5.000,0.000,0.527,20.000,18.000,222.500,-5.500,0.000
C,Marshall Plumlee,3000,Pho@NY 07:30PM ET,7.900,NY,1,0,2.250,1.500,9.562,0.000,0.804,24.000,18.000,222.500,-5.500,0.000
C,Alan Williams,3000,Pho@NY 07:30PM ET,9.250,PHO,0,0,16.429,3.000,3.750,0.000,0.941,26.000,18.000,222.500,5.500,0.000
PG/SG,Rodney Stuckey,3000,Ind@Uta 09:00PM ET,15.794,IND,0,1,17.357,8.306,14.625,0.000,-1599.343,3.500,18.000,200.000,7.500,0.000
PG,Aaron Brooks,3000,Ind@Uta 09:00PM ET,12.083,IND,0,0,14.964,7.523,13.250,0.000,-1091.225,6.000,18.000,200.000,7.500,3.000
PG,Raul Neto,3000,Ind@Uta 09:00PM ET,5.728,UTA,1,0,6.714,1.500,7.625,0.000,-1.780,16.500,18.000,200.000,-7.500,2.500
PG,Dante Exum,3000,Ind@Uta 09:00PM ET,11.656,UTA,1,0,12.643,5.385,6.125,0.000,-10.824,16.500,18.000,200.000,-7.500,0.000
SG,Alec Burks,3000,Ind@Uta 09:00PM ET,5.156,UTA,1,0,10.500,0.375,7.750,0.000,-1.602,26.500,18.000,200.000,-7.500,21.500
SG,Joe Young,3000,Ind@Uta 09:00PM ET,4.875,IND,0,0,9.071,0.479,2.188,0.000,-440.265,1.000,18.000,200.000,7.500,0.000
PF/C,Boris Diaw,3000,Ind@Uta 09:00PM ET,10.707,UTA,1,0,8.536,5.773,14.438,0.000,-3.327,22.500,18.000,200.000,-7.500,15.750
PF/C,Kevin Seraphin,3000,Ind@Uta 09:00PM ET,10.020,IND,0,0,8.571,4.214,8.938,0.000,-904.914,1.500,18.000,200.000,7.500,1.250
PF,Rakeem Christmas,3000,Ind@Uta 09:00PM ET,3.417,IND,0,0,1.375,1.375,3.417,0.000,-308.592,1.000,18.000,200.000,7.500,0.000
PF,Georges Niang,3000,Ind@Uta 09:00PM ET,2.444,IND,0,0,2.036,0.568,2.000,0.000,-220.720,1.000,18.000,200.000,7.500,0.000
PF,Joel Bolomboy,3000,Ind@Uta 09:00PM ET,2.833,UTA,1,0,1.938,1.050,2.812,0.000,-0.880,28.000,18.000,200.000,-7.500,0.000
PF,Trey Lyles,3000,Ind@Uta 09:00PM ET,16.585,UTA,1,0,17.679,9.800,9.938,0.000,-5.154,28.000,18.000,200.000,-7.500,12.000
C,Lavoy Allen,3000,Ind@Uta 09:00PM ET,6.573,IND,0,0,3.964,3.639,2.312,0.000,-593.613,2.000,18.000,200.000,7.500,1.250
C,Jeff Withey,3000,Ind@Uta 09:00PM ET,7.615,UTA,1,0,6.679,3.538,4.250,0.000,-6.449,17.000,18.000,200.000,-7.500,1.250
