Paul Millsap,0.0,32.0,41.0,42.8,44.2,27.0,53.2,23.2,19.2,39.0,0.0,0.0,0.0,0.0,41.8,47.8,59.0,41.2,0.0,29.8,36.2,50.2,0.0,46.5,39.0,14.2,36.2,0.0,44.0,56.8,36.0,42.5,40.2,37.5,41.2,39.0,45.8,36.5,33.8
Malcolm Delaney,0.0,7.0,12.5,18.8,13.5,15.5,19.8,1.5,11.0,16.8,0.0,3.5,12.8,7.2,8.0,9.0,14.5,12.8,0.0,16.8,8.5,2.8,0.0,1.5,14.0,4.8,3.5,0.0,19.2,13.5,17.2,27.2,8.8,13.2,32.0,25.2,17.8,9.8,15.5
Dwight Howard,0.0,31.2,0.0,46.5,47.5,22.5,49.5,13.8,38.8,38.0,0.0,34.5,12.5,37.8,17.0,57.2,26.8,42.5,0.0,48.2,43.2,0.0,0.0,0.0,0.0,44.0,53.0,0.0,33.8,18.5,35.0,31.5,43.0,36.5,23.5,41.0,0.0,15.8,22.0
Tim Hardaway Jr.,0.0,23.5,19.2,13.2,16.8,15.2,7.2,3.8,10.2,13.8,0.0,29.2,18.5,22.2,20.2,11.5,31.0,19.2,0.0,24.8,36.0,12.0,0.0,2.0,0.0,0.0,3.8,0.0,5.5,39.2,17.5,25.5,30.5,24.0,37.5,11.5,32.2,12.2,22.8
Tiago Splitter,0.0,0.0,0.0,0.0,0.0,0.0,0.0,0.0,0.0,0.0,0.0,0.0,0.0,0.0,0.0,0.0,0.0,0.0,0.0,0.0,0.0,0.0,0.0,0.0,0.0,0.0,0.0,0.0,0.0,0.0,0.0,0.0,0.0,0.0,0.0,0.0,0.0,0.0,0.0
Taurean Prince,0.0,0.0,20.8,11.0,12.2,11.2,17.0,19.5,1.5,0.0,0.0,0.0,14.5,2.5,0.0,10.0,0.0,5.2,0.0,0.0,0.0,0.0,0.0,2.8,1.0,9.5,0.0,0.0,0.0,0.0,0.0,0.0,8.8,23.0,0.0,0.0,2.0,13.5,1.0
Gary Neal,0.0,0.0,0.0,0.0,0.0,0.0,0.0,0.0,0.0,0.0,0.0,0.0,0.0,0.0,0.0,0.0,0.0,0.0,0.0,0.0,0.0,0.0,0.0,0.0,0.0,0.0,0.0,0.0,0.0,0.0,0.0,0.0,0.0,0.0,0.0,0.0,0.0,6.8,0.0
Dennis Schroder,0.0,25.8,29.2,20.8,6.5,30.0,14.2,27.5,31.0,38.2,0.0,50.0,37.5,26.8,40.0,36.0,45.2,44.8,0.0,37.0,24.0,47.8,0.0,32.8,43.5,17.5,38.0,0.0,31.8,34.2,36.5,37.5,30.8,41.2,11.8,15.0,35.8,21.0,38.2
Kent Bazemore,0.0,24.8,22.8,33.0,24.8,4.8,22.5,10.0,32.8,23.2,0.0,41.2,13.5,12.0,9.2,0.0,0.0,8.8,0.0,17.2,31.0,32.2,0.0,24.0,16.5,10.0,17.2,0.0,23.5,15.0,28.5,6.8,20.0,13.2,22.2,33.0,33.5,15.5,9.5
Thabo Sefolosha,0.0,11.5,0.0,0.0,0.0,12.8,19.0,22.8,9.8,23.8,0.0,27.0,10.0,16.5,24.8,25.8,29.0,33.8,0.0,20.0,10.5,26.0,0.0,20.5,32.5,26.2,21.0,0.0,10.2,11.0,17.8,29.5,3.2,23.5,10.2,22.5,14.0,1.2,22.5
Mike Muscala,0.0,29.2,27.8,22.2,5.5,13.5,20.0,7.5,21.2,17.5,0.0,8.2,16.5,20.0,21.8,14.8,22.2,17.2,0.0,22.5,4.2,2.8,0.0,23.5,22.2,12.0,9.8,0.0,18.2,8.8,12.8,21.0,17.5,20.5,7.5,0.0,0.0,0.0,0.0
Mike Scott,0.0,0.0,0.0,0.0,0.0,0.0,0.0,0.0,0.0,0.0,0.0,0.8,9.8,9.5,0.0,0.0,0.0,0.0,0.0,0.0,0.0,8.0,0.0,9.0,16.5,14.2,0.0,0.0,0.0,0.0,0.0,0.0,0.0,0.0,0.0,0.0,7.5,2.0,14.0
Mike Dunleavy,7.8,9.5,0.0,12.8,0.0,0.0,0.0,7.0,3.5,0.0,9.2,0.0,0.0,0.0,1.5,7.5,9.5,0.0,21.5,0.0,0.0,0.0,5.0,10.5,20.5,14.5,0.0,0.8,0.0,0.0,0.0,0.0,0.0,0.0,14.8,28.2,5.2,11.5,10.5
Kris Humphries,0.0,2.8,14.0,7.0,4.0,7.8,0.0,2.8,0.0,0.0,0.0,10.2,16.8,14.2,2.8,2.0,0.0,0.0,0.0,0.0,0.0,0.0,0.0,0.0,24.5,21.2,15.5,0.0,9.5,4.5,8.0,4.0,1.5,30.0,2.8,9.8,27.2,17.0,25.8
DeAndre' Bembry,0.0,0.0,0.0,0.0,0.0,6.2,0.0,1.0,3.0,0.0,0.0,0.0,0.0,-1.0,0.0,0.0,0.0,0.0,0.0,0.0,0.0,0.0,0.0,0.0,17.5,9.8,0.0,0.0,0.0,0.0,1.2,7.2,0.0,4.5,3.8,0.0,0.0,12.2,4.0
Avery Bradley,25.2,44.5,40.8,34.8,37.5,35.0,35.0,36.8,39.5,22.5,16.8,41.8,34.5,29.5,25.0,33.8,36.2,33.0,37.5,28.8,31.0,54.0,26.2,28.2,28.2,26.2,25.0,27.5,43.8,34.2,0.0,20.2,45.2,0.0,0.0,0.0,0.0,16.8,0.0
Isaiah Thomas,50.5,41.2,39.2,46.0,41.2,32.0,56.2,43.0,26.5,44.0,38.5,35.2,37.8,44.5,33.5,37.8,54.5,31.5,0.0,0.0,0.0,0.0,37.2,34.0,65.8,43.8,53.5,37.2,31.2,51.8,60.0,62.0,31.0,50.2,39.8,52.2,46.5,49.2,49.2
Jaylen Brown,8.0,37.2,15.2,6.5,17.5,4.0,18.0,8.2,15.2,5.0,4.0,2.8,4.5,2.8,1.5,0.0,10.0,8.8,16.0,13.2,16.0,12.5,3.2,4.0,3.2,8.5,10.2,2.5,1.5,11.2,7.5,16.8,2.8,7.5,2.8,0.0,5.8,14.5,19.0
Jonas Jerebko,18.5,5.2,14.8,8.0,16.8,9.8,6.5,14.2,9.0,19.0,11.2,13.2,12.8,12.5,10.5,17.2,14.0,16.8,10.5,12.8,1.2,9.5,21.8,9.2,1.2,12.0,9.0,6.5,2.8,25.8,19.8,0.8,3.0,12.5,13.5,18.5,2.0,8.2,7.2
Demetrius Jackson,0.0,0.0,15.2,2.0,0.0,0.0,0.0,0.0,0.0,0.0,0.0,0.0,0.0,0.0,0.0,0.0,0.0,0.0,2.8,0.0,0.0,0.0,0.0,0.0,0.0,0.0,0.0,0.0,0.0,0.0,0.0,0.0,0.0,0.0,0.0,0.0,0.0,0.0,0.0
Terry Rozier,10.0,14.2,9.5,5.2,22.2,25.0,10.0,11.8,27.8,13.2,23.0,18.5,9.0,10.2,16.5,14.2,3.2,17.2,27.8,22.2,16.8,23.8,8.8,7.8,2.8,1.5,9.0,0.0,0.0,0.0,12.2,0.0,4.8,12.8,1.5,20.5,16.0,0.0,11.8
James Young,1.2,0.0,0.8,1.5,4.5,22.2,0.0,0.0,7.2,0.0,0.0,0.0,0.0,0.0,0.0,1.2,0.0,0.0,0.0,0.0,0.0,0.0,0.0,0.0,0.0,0.0,0.0,0.0,0.0,0.0,0.0,0.0,0.0,0.0,0.0,0.0,0.0,0.0,0.0
Gerald Green,9.8,7.0,17.0,2.2,1.8,0.0,0.0,11.0,14.5,0.0,0.0,0.0,0.0,0.0,0.0,0.0,3.0,0.0,5.2,0.0,0.0,0.0,0.0,0.0,8.8,0.0,0.0,19.5,29.8,13.0,4.8,0.0,3.5,19.8,19.2,12.8,4.8,1.5,1.5
Marcus Smart,22.2,23.0,22.2,28.2,42.5,16.5,35.5,23.8,15.5,19.2,24.5,31.5,30.5,21.5,22.0,9.2,16.8,24.8,24.8,25.0,32.0,27.0,19.8,22.0,9.5,28.0,19.8,30.5,33.0,21.8,17.5,15.8,35.0,44.2,37.5,19.0,25.0,19.2,23.2
Kelly Olynyk,0.0,0.0,0.0,11.0,36.2,31.0,16.0,14.0,6.8,7.8,8.8,18.5,18.2,31.0,26.8,9.8,6.5,18.2,19.0,27.8,25.0,14.2,22.8,11.5,24.8,22.2,2.8,22.0,20.2,8.2,13.0,23.8,20.5,24.0,21.0,22.0,42.5,34.8,9.0
Al Horford,0.0,0.0,0.0,0.0,0.0,0.0,0.0,0.0,0.0,51.2,44.0,41.8,36.5,0.0,25.2,58.0,22.5,46.5,33.5,38.2,36.0,24.8,48.5,43.2,42.0,24.8,43.0,41.8,25.5,18.2,37.0,36.2,47.0,32.2,32.8,39.8,31.0,35.0,33.2
Tyler Zeller,18.0,38.0,18.8,12.0,20.5,16.5,1.5,9.0,15.8,3.2,7.2,11.0,0.0,23.2,2.2,0.8,0.0,0.0,6.8,5.2,0.0,6.2,0.0,1.2,0.0,0.0,2.0,0.0,1.2,8.0,0.0,0.0,0.0,0.0,0.0,0.0,0.0,0.0,0.0
Jordan Mickey,-0.5,3.2,11.5,4.5,5.8,0.0,8.5,0.0,0.0,0.0,0.0,0.0,0.0,0.0,0.0,0.0,0.0,0.0,7.8,0.0,0.0,0.0,0.0,0.0,0.0,0.0,0.0,0.0,0.0,0.0,0.0,0.0,0.0,0.0,0.0,9.0,0.0,0.0,8.0
Amir Johnson,47.0,19.0,11.2,20.2,8.2,30.2,21.8,25.0,11.0,5.2,9.5,14.2,6.0,9.2,22.8,19.0,12.0,2.0,18.2,12.8,26.0,10.2,9.5,17.0,11.8,22.0,36.5,21.8,23.0,12.0,19.2,20.8,33.8,16.0,13.8,0.0,8.0,13.0,27.8
Jae Crowder,18.2,0.0,0.0,0.0,0.0,0.0,0.0,0.0,0.0,17.5,8.8,24.2,32.8,31.5,31.2,26.8,22.5,23.8,34.0,21.5,29.0,30.5,22.8,33.5,24.2,27.5,13.5,26.5,28.2,27.5,23.5,30.8,14.5,21.5,14.5,35.0,30.8,33.8,29.8
Chris Andersen,0.0,0.0,5.2,15.0,0.0,0.0,7.2,0.0,3.2,0.0,0.0,0.0,7.2,15.0,0.0,0.0,11.0,0.0,0.0,0.0,0.0,0.0,0.0,0.0,0.0,0.0,0.0,0.0,0.0,0.0,0.0,0.0,0.0,0.0,0.0,0.0,0.0,0.0,0.0
Kevin Love,0.0,0.0,62.0,56.0,43.2,0.0,36.2,0.0,20.5,34.8,0.0,49.0,32.8,56.8,36.0,55.8,0.0,0.0,58.2,0.0,0.0,0.0,36.8,35.5,42.5,0.0,58.2,0.0,43.0,0.0,33.2,0.0,37.8,43.5,27.8,29.5,40.0,8.2,0.0
James Jones,0.0,0.0,1.2,10.5,9.0,0.0,7.0,0.0,3.8,0.0,0.0,0.0,12.5,2.0,0.0,0.0,19.2,0.0,0.0,0.0,1.0,1.2,2.8,0.0,3.2,0.0,0.0,0.0,0.0,0.0,5.0,9.8,0.0,0.0,0.0,8.0,1.2,0.0,20.0
Kyrie Irving,0.0,0.0,33.5,30.8,49.0,0.0,28.5,0.0,32.0,40.5,0.0,35.0,41.8,28.8,23.0,0.0,0.0,0.0,54.0,0.0,42.2,60.0,47.8,63.0,35.8,0.0,62.8,0.0,0.0,0.0,0.0,0.0,47.2,40.5,32.5,19.2,38.8,24.0,38.5
Iman Shumpert,0.0,0.0,12.0,13.8,0.0,0.0,6.0,0.0,8.5,18.8,0.0,3.5,27.5,19.0,28.8,12.0,12.0,0.0,14.5,0.0,16.5,25.2,12.2,20.2,19.8,0.0,12.5,0.0,10.8,0.0,13.5,10.2,14.2,22.2,4.5,11.5,22.0,32.8,27.5
JR Smith,0.0,0.0,11.0,14.0,9.8,0.0,13.5,0.0,11.0,17.5,0.0,3.5,0.0,0.0,12.5,36.8,15.0,0.0,18.8,0.0,8.2,0.0,0.0,0.0,0.0,0.0,0.0,0.0,0.0,0.0,0.0,0.0,0.0,0.0,0.0,0.0,0.0,0.0,0.0
Channing Frye,0.0,0.0,23.2,0.0,0.0,0.0,0.0,0.0,10.8,16.0,0.0,19.8,9.0,0.0,0.0,10.8,5.8,0.0,14.0,0.0,23.2,12.2,22.5,12.0,17.5,0.0,7.2,0.0,9.2,0.0,24.5,24.8,21.8,16.0,10.2,12.2,18.5,5.5,39.0
Jordan McRae,0.0,0.0,7.8,9.5,0.0,0.0,13.2,0.0,8.2,0.0,0.0,0.0,0.0,7.0,0.0,4.8,11.5,0.0,0.0,0.0,0.0,13.2,10.0,0.0,11.0,0.0,0.0,0.0,28.0,0.0,11.2,31.2,3.8,0.0,0.0,6.2,0.0,6.0,0.0
Tristan Thompson,0.0,0.0,17.0,31.0,32.0,0.0,26.8,0.0,16.5,19.0,0.0,28.5,35.5,13.5,30.0,16.2,22.8,0.0,15.0,0.0,29.5,30.2,35.8,20.0,22.5,0.0,23.2,0.0,20.5,0.0,14.8,18.2,33.2,21.5,29.5,25.0,22.0,17.8,14.5
DeAndre Liggins,0.0,0.0,2.8,10.2,1.5,0.0,2.5,0.0,0.0,0.0,0.0,12.8,14.5,18.5,2.0,21.2,18.8,0.0,2.8,0.0,12.0,12.0,5.0,8.0,2.2,0.0,10.5,0.0,12.5,0.0,13.2,9.2,12.8,21.2,14.0,7.2,4.8,4.5,7.0
Kay Felder,0.0,0.0,0.0,13.2,0.0,0.0,3.0,0.0,3.8,0.0,0.0,0.0,8.0,9.0,0.0,7.0,28.2,0.0,0.0,0.0,0.0,0.0,20.2,0.0,19.2,0.0,0.0,0.0,23.0,0.0,16.2,16.8,1.2,2.0,5.5,11.0,2.0,6.5,2.0
LeBron James,0.0,0.0,73.0,44.2,62.5,0.0,31.0,0.0,31.2,50.8,0.0,59.0,47.5,54.0,79.8,45.5,0.0,0.0,56.2,0.0,66.5,50.2,39.8,60.2,0.0,0.0,56.0,0.0,56.5,0.0,47.8,51.5,59.8,43.5,51.5,43.8,44.5,32.5,60.2
Richard Jefferson,0.0,0.0,14.5,8.0,12.5,0.0,11.0,0.0,19.0,3.5,0.0,10.5,9.2,6.8,12.5,5.0,6.0,0.0,14.0,0.0,12.5,19.0,6.5,10.0,7.5,0.0,16.2,0.0,6.2,0.0,31.0,9.2,4.2,4.5,0.2,4.2,14.8,17.5,10.5
Kyle Korver,28.5,24.0,0.0,12.0,18.0,11.0,0.0,8.2,0.0,11.5,10.5,24.0,20.8,20.8,0.0,15.2,0.0,26.8,15.5,20.5,0.0,27.8,0.0,0.0,12.2,21.8,0.0,29.8,0.0,36.0,0.0,20.2,0.0,0.0,5.2,5.5,33.2,15.0,19.8
Tyreke Evans,0.0,0.0,0.0,0.0,0.0,0.0,0.0,0.0,0.0,0.0,0.0,0.0,0.0,0.0,0.0,0.0,0.0,0.0,0.0,0.0,0.0,0.0,13.2,0.0,16.0,0.0,11.2,22.8,3.5,26.2,28.8,16.2,13.5,22.2,20.0,48.5,25.8,27.2,38.0
Tim Frazier,7.8,19.0,37.0,25.8,39.8,19.5,23.2,12.2,29.2,37.8,56.8,26.5,21.2,17.0,14.2,23.8,10.5,30.5,22.5,38.2,60.2,30.0,0.0,22.5,33.8,24.5,23.2,4.5,5.8,0.0,0.0,0.0,0.0,0.0,2.0,0.0,0.0,1.2,1.0
Omer Asik,15.8,20.0,15.5,17.8,17.5,7.8,9.0,14.0,15.2,9.2,15.0,17.2,11.0,7.0,30.2,9.8,5.8,4.8,24.2,8.0,0.0,0.0,5.0,0.0,0.0,11.5,4.0,0.0,0.0,0.0,0.0,0.0,0.0,0.0,0.0,1.2,0.0,0.0,0.0
Terrence Jones,25.0,48.8,5.8,24.2,20.8,12.0,36.5,42.8,38.8,17.0,30.0,30.8,18.2,6.5,15.5,29.5,18.8,23.0,9.2,23.8,20.0,26.0,32.2,29.0,17.5,34.5,28.5,0.0,10.2,21.2,15.0,14.2,35.2,5.2,18.8,43.5,28.0,33.5,22.2
Langston Galloway,31.5,20.5,21.5,12.5,13.2,25.0,31.2,24.0,9.8,37.2,18.8,22.0,7.0,5.5,15.2,10.8,7.8,32.8,30.0,17.5,14.0,33.0,10.8,13.2,21.8,0.0,5.0,15.2,24.0,21.5,10.5,9.5,15.0,28.5,9.0,5.5,4.0,17.0,28.2
Jrue Holiday,0.0,0.0,0.0,0.0,0.0,0.0,0.0,0.0,38.0,40.0,30.5,23.2,29.0,30.5,35.0,22.0,27.8,0.0,0.0,0.0,35.2,36.8,46.2,20.2,20.0,30.5,46.0,37.5,28.8,32.0,40.5,42.0,30.0,25.2,26.0,37.2,21.8,23.0,38.0
Donatas Motiejunas,0.0,0.0,0.0,0.0,0.0,0.0,0.0,0.0,0.0,0.0,0.0,0.0,0.0,0.0,0.0,0.0,0.0,0.0,0.0,0.0,0.0,0.0,0.0,0.0,0.0,0.0,0.0,0.0,0.0,0.0,0.0,0.0,0.0,25.8,16.0,12.8,4.0,6.8,3.2
Cheick Diallo,0.0,0.0,0.0,0.0,0.0,0.0,0.0,0.0,0.0,0.0,0.0,0.0,0.0,0.0,0.0,0.0,0.0,0.0,0.0,38.0,9.0,0.0,0.0,21.8,11.0,0.0,0.0,0.0,0.0,0.0,0.0,0.0,0.0,0.0,0.0,0.0,0.0,0.0,0.0
Quincy Pondexter,0.0,0.0,0.0,0.0,0.0,0.0,0.0,0.0,0.0,0.0,0.0,0.0,0.0,0.0,0.0,0.0,0.0,0.0,0.0,0.0,0.0,0.0,0.0,0.0,0.0,0.0,0.0,0.0,0.0,0.0,0.0,0.0,0.0,0.0,0.0,0.0,0.0,0.0,0.0
Anthony Davis,28.2,48.5,51.2,56.0,54.0,50.5,55.0,0.0,70.2,70.5,25.2,68.5,62.2,63.2,79.0,36.2,70.8,61.0,46.8,0.0,41.0,54.0,64.2,29.2,19.0,59.0,61.5,68.0,56.5,37.8,51.5,51.0,51.0,63.5,73.5,0.0,64.5,24.2,47.0
Buddy Hield,31.5,16.2,18.0,18.5,17.0,23.2,12.5,21.2,6.8,2.0,2.8,1.0,9.8,12.0,0.0,4.0,24.0,16.2,14.5,26.2,11.2,14.8,30.5,19.2,20.8,12.8,4.2,12.2,20.5,27.5,16.5,30.2,33.8,20.8,28.0,12.8,3.5,17.0,20.0
Dante Cunningham,-0.5,0.0,13.2,15.5,18.0,12.0,6.2,23.8,9.8,20.5,23.2,8.0,0.0,0.0,0.0,0.0,0.0,0.0,0.0,0.0,0.0,0.0,0.0,0.0,10.8,18.2,1.2,21.2,21.0,26.2,16.8,13.0,14.8,7.2,16.2,11.8,15.2,8.0,20.2
Alexis Ajinca,0.0,0.0,7.0,0.0,0.0,18.8,7.5,19.0,0.0,0.0,0.0,0.0,0.0,2.5,0.0,5.8,0.0,20.5,13.0,12.0,16.8,8.2,18.0,24.0,29.5,11.8,1.2,15.2,0.0,0.0,0.0,0.0,0.0,0.0,0.0,2.8,0.0,0.0,0.0
Solomon Hill,4.5,24.2,19.2,13.2,27.0,8.0,20.8,8.8,8.8,12.0,16.2,16.8,16.5,20.0,15.2,11.0,14.2,25.8,16.5,23.8,12.5,21.5,11.0,0.0,0.0,10.8,9.2,7.0,24.8,15.5,10.5,11.5,8.2,12.0,10.2,34.2,21.0,10.0,18.2
E'Twaun Moore,11.2,30.8,25.2,20.5,29.5,13.2,0.0,25.8,21.8,14.5,25.2,22.2,23.2,11.8,11.5,25.0,16.5,0.0,0.0,0.0,13.5,15.5,5.5,16.2,16.2,19.0,9.8,14.2,23.8,18.8,20.0,15.5,13.0,12.0,15.8,11.2,21.8,25.5,15.8
Isaiah Canaan,6.8,7.0,15.5,17.2,1.2,11.0,9.8,11.5,11.5,23.5,7.2,17.8,9.8,9.5,16.8,21.0,9.2,-0.5,0.0,15.8,0.0,1.5,3.2,0.0,0.0,0.0,0.0,0.0,0.0,0.0,0.0,0.0,0.0,9.2,0.8,0.0,0.0,0.0,0.0
Jerian Grant,1.5,20.0,8.8,0.0,0.0,0.0,35.8,17.2,10.2,4.0,0.0,0.8,2.0,6.2,9.8,12.2,0.0,0.0,1.2,16.2,0.0,8.8,10.0,12.0,7.0,11.8,18.2,0.0,6.8,7.0,29.8,14.0,16.2,13.5,20.5,26.8,0.0,0.0,0.0
Dwyane Wade,51.5,6.2,33.2,42.8,28.2,22.5,36.2,23.5,49.5,0.0,33.8,43.2,32.5,38.8,0.0,48.0,35.8,36.8,40.8,35.8,34.8,22.2,25.5,30.8,27.2,39.2,39.2,23.0,33.0,24.8,0.0,24.5,39.0,38.5,0.0,32.2,39.8,0.0,26.2
Bobby Portis,0.0,24.2,19.0,7.0,7.2,5.8,14.5,9.0,5.8,8.5,1.2,16.8,8.0,0.0,11.2,8.2,0.0,0.0,0.0,0.0,12.0,20.5,2.2,0.0,0.0,0.8,0.0,0.0,0.0,0.0,0.0,0.0,0.0,11.5,24.8,7.8,9.8,10.2,1.2
Cristiano Felicio,6.2,10.8,5.8,0.0,0.0,0.0,8.2,0.0,1.2,0.8,0.0,9.8,0.0,0.0,10.0,0.0,13.0,17.2,16.8,11.8,16.5,8.2,21.8,11.8,7.5,13.8,4.5,14.8,33.5,13.5,16.2,8.5,17.5,33.2,6.0,21.2,17.8,6.8,12.8
Michael Carter-Williams,0.0,0.0,0.0,0.0,0.0,0.0,0.0,0.0,0.0,0.0,0.0,0.0,0.0,0.0,0.0,0.0,0.0,0.0,0.0,0.0,0.0,0.0,0.0,0.0,0.0,0.0,11.8,13.0,25.0,18.8,27.2,24.2,16.2,18.8,28.2,12.0,19.8,30.2,23.8
Robin Lopez,17.5,24.2,18.8,13.8,28.8,32.2,31.8,30.5,19.5,34.2,37.5,18.8,39.8,15.8,24.8,31.0,24.0,19.0,24.0,27.2,17.2,18.8,21.0,15.5,22.8,14.5,27.5,23.2,7.0,29.0,17.2,14.8,12.2,10.0,26.0,22.2,27.0,29.2,27.8
Rajon Rondo,18.8,18.2,25.2,24.2,45.5,15.2,0.0,0.0,36.5,33.8,43.2,34.5,37.5,57.0,7.0,0.0,16.2,41.5,23.2,0.0,25.5,19.0,47.5,24.0,35.2,19.5,19.8,37.8,2.2,0.0,0.0,0.0,0.0,0.0,31.0,18.0,18.0,15.2,12.8
Doug McDermott,11.5,17.5,17.5,9.2,22.0,8.8,0.0,0.0,0.0,0.0,0.0,0.0,0.0,0.0,0.0,0.0,0.0,16.5,10.8,11.8,15.8,8.8,20.2,17.8,22.5,9.0,0.0,11.5,21.0,22.2,13.2,29.5,34.5,10.0,6.2,7.5,19.8,43.5,18.0
Paul Zipser,0.0,2.8,3.5,0.0,0.0,0.0,1.2,0.0,0.0,0.0,0.0,0.0,0.0,0.0,0.0,0.0,0.0,0.0,0.0,0.0,0.0,6.5,2.8,0.0,0.0,0.8,0.0,0.0,0.0,0.0,0.0,0.0,0.0,1.2,0.0,16.8,0.0,6.0,9.2
Jimmy Butler,36.8,21.5,43.2,66.5,38.0,66.0,49.5,45.5,32.5,59.2,55.8,38.0,34.5,54.5,45.8,48.2,46.0,35.2,50.8,54.8,32.8,26.8,36.2,40.8,39.0,32.2,33.2,67.0,39.0,50.2,85.0,43.0,67.5,13.5,0.0,0.0,59.0,40.5,55.2
Taj Gibson,20.5,28.0,35.8,29.2,12.8,24.2,32.2,20.2,20.0,29.2,33.2,23.5,38.5,47.2,18.5,20.0,28.0,23.2,22.8,15.5,27.5,14.5,24.5,38.2,17.8,23.2,13.5,17.2,19.8,20.8,19.0,30.2,16.5,23.8,30.5,21.8,40.5,31.0,0.0
Nikola Mirotic,23.5,1.5,11.0,3.8,18.8,43.2,18.5,18.2,7.2,39.2,19.8,16.2,21.0,21.2,5.8,35.2,19.0,22.5,18.8,11.2,0.0,0.0,25.5,22.0,29.5,29.2,30.2,17.0,22.0,16.0,23.0,28.0,31.2,4.8,0.0,0.0,0.0,0.0,17.2
Denzel Valentine,0.0,8.5,4.8,0.0,0.0,0.0,8.0,6.2,0.0,13.0,5.2,11.2,5.5,0.0,9.2,6.5,0.0,0.0,3.2,0.0,11.2,16.0,8.0,0.0,0.0,0.0,0.0,0.0,0.0,3.5,16.0,0.0,0.0,0.0,30.5,0.0,0.0,3.0,0.0
Justin Anderson,17.5,10.5,8.5,21.8,36.5,13.8,12.8,18.5,13.0,12.0,17.8,17.2,27.0,4.8,19.2,13.2,8.2,17.8,0.0,9.8,23.0,15.8,14.8,5.2,7.5,0.0,6.8,13.5,33.0,8.0,20.5,2.5,0.0,5.5,2.0,1.2,0.0,0.0,0.0
J.J. Barea,22.8,33.0,37.0,37.8,0.0,24.8,22.5,0.0,0.0,0.0,0.0,0.0,0.0,0.0,0.0,0.0,0.0,0.0,0.0,0.0,0.0,0.0,0.0,0.0,23.2,10.8,0.0,0.0,0.0,0.0,0.0,0.0,0.0,22.5,8.0,11.2,22.8,22.8,16.2
Andrew Bogut,15.8,0.0,27.0,18.8,0.0,18.2,24.2,17.0,23.0,0.0,30.5,21.8,29.0,27.5,0.0,26.2,9.5,0.0,0.0,0.0,0.0,0.0,0.0,0.0,0.0,0.0,0.0,0.0,13.5,14.2,0.0,12.0,9.0,16.8,11.0,0.0,0.0,0.0,0.0
Dwight Powell,12.2,29.5,3.2,26.5,30.8,14.0,18.5,5.2,13.5,13.5,14.0,17.2,21.2,16.5,20.0,26.8,25.8,25.8,21.2,22.0,10.2,14.8,16.5,19.0,29.0,28.5,14.5,12.2,22.5,21.5,33.2,14.8,9.8,17.5,2.0,23.2,7.2,8.8,9.0
Deron Williams,28.5,28.8,0.0,0.0,0.0,0.0,0.0,0.0,0.0,0.0,0.0,13.5,15.0,26.0,30.8,35.5,37.2,31.0,29.2,22.2,35.5,28.8,32.5,27.5,38.2,35.8,32.8,42.5,18.8,27.2,21.0,30.8,33.5,19.8,25.0,46.5,38.0,32.5,22.8
Nicolas Brussino,1.0,0.0,1.2,0.0,12.0,11.0,0.0,10.0,6.2,4.2,13.2,16.5,0.0,0.0,0.0,4.8,0.0,7.8,8.2,3.5,0.0,2.0,0.0,0.0,0.0,0.0,0.0,0.0,11.5,0.0,8.8,0.0,6.0,-0.5,0.0,0.0,0.0,0.0,0.0
Dorian Finney-Smith,0.0,0.0,16.8,10.8,12.8,13.8,9.2,10.8,4.5,10.2,20.0,10.5,12.5,7.8,8.0,19.5,3.5,17.8,25.5,22.5,37.8,17.8,8.8,26.0,11.5,9.0,11.5,8.8,6.2,21.8,2.0,10.0,7.2,11.5,5.0,3.2,8.8,1.2,7.5
AJ Hammons,0.0,0.0,0.0,0.0,13.2,3.2,0.0,3.2,0.0,0.0,4.0,1.2,0.0,0.0,0.0,3.2,0.0,10.2,0.0,1.2,3.5,0.0,4.2,7.8,5.8,0.0,0.0,0.0,0.0,0.0,2.0,0.0,0.0,0.0,0.0,0.0,0.0,0.0,0.0
Wesley Matthews,19.2,7.5,18.2,27.2,0.0,20.2,32.2,15.5,21.5,33.8,27.0,14.0,31.8,38.0,20.8,38.8,28.8,28.0,39.5,37.2,36.5,20.0,23.0,21.5,18.5,31.5,35.0,26.0,25.2,32.5,25.0,20.5,20.0,16.5,13.5,29.0,32.8,20.0,29.8
Seth Curry,8.8,15.8,10.0,41.5,38.2,21.8,16.0,19.5,24.2,34.0,11.2,21.0,18.2,19.5,0.0,0.0,0.0,0.0,14.0,17.8,18.5,14.5,26.8,29.8,22.5,17.0,21.2,28.2,22.8,15.8,24.2,23.8,17.2,1.0,14.0,27.5,16.8,28.5,21.0
Devin Harris,0.0,0.0,0.0,0.0,0.0,0.0,0.0,0.0,0.0,0.0,0.0,0.0,0.0,1.2,5.0,17.8,17.8,9.0,10.0,1.0,2.2,11.2,7.2,26.2,1.2,9.2,7.8,12.2,4.8,18.8,9.5,27.5,21.2,12.8,6.2,3.2,18.2,20.0,3.0
Harrison Barnes,19.5,30.5,51.5,36.5,37.0,27.8,35.0,21.8,27.5,33.2,32.5,18.2,41.8,24.5,33.8,32.8,43.8,14.5,39.5,28.0,24.2,31.8,33.2,37.8,25.0,36.8,35.5,24.8,26.8,35.8,37.2,44.2,33.5,31.0,35.5,41.0,20.2,26.5,28.2
Dirk Nowitzki,16.8,17.2,0.0,0.0,0.0,0.0,0.0,0.0,0.0,0.0,19.0,27.0,0.0,0.0,0.0,0.0,0.0,0.0,0.0,0.0,0.0,0.0,0.0,0.0,0.0,0.0,22.5,19.5,10.2,0.0,19.2,22.8,29.2,22.2,40.8,30.5,34.5,29.0,30.0
Salah Mejri,3.2,15.5,16.0,0.0,11.2,6.0,0.0,5.8,0.0,32.2,8.2,6.8,0.0,1.2,19.8,2.5,1.8,10.2,22.2,7.2,28.0,23.0,14.8,14.8,4.5,18.5,18.0,8.2,6.5,13.5,2.0,1.2,0.0,1.2,5.8,20.2,15.5,10.2,10.8
Pierre Jackson,0.0,0.0,0.0,0.0,0.0,0.0,0.0,0.0,0.0,0.0,0.0,0.0,0.0,0.0,0.0,0.0,0.0,0.0,0.0,0.0,0.0,0.0,0.0,0.0,0.0,0.0,0.0,0.0,10.8,0.0,13.8,2.0,-0.5,0.0,0.0,0.0,0.0,0.0,0.0
Mo Williams,0.0,0.0,0.0,0.0,0.0,0.0,0.0,0.0,0.0,0.0,0.0,0.0,0.0,0.0,0.0,0.0,0.0,0.0,0.0,0.0,0.0,0.0,0.0,0.0,0.0,0.0,0.0,0.0,0.0,0.0,0.0,0.0,0.0,0.0,0.0,0.0,0.0,0.0,0.0
Darrell Arthur,0.0,0.0,6.0,6.0,0.0,0.0,0.0,0.0,0.0,0.0,0.0,0.0,0.0,10.2,8.5,13.2,0.0,16.0,5.2,22.2,2.5,17.8,11.5,4.2,0.0,2.0,0.0,0.0,5.8,0.0,0.0,0.0,0.0,18.8,21.0,19.0,0.0,0.0,0.0
Emmanuel Mudiay,40.2,31.0,31.0,13.0,45.0,35.5,22.5,35.8,10.0,34.2,45.5,32.0,10.2,4.0,31.2,32.5,27.5,20.2,22.8,3.8,10.0,0.0,10.2,27.0,17.0,40.8,35.0,8.8,27.8,14.5,22.5,38.0,18.0,16.5,17.8,8.2,28.0,46.5,29.0
Jameer Nelson,9.5,20.5,33.8,17.5,24.8,15.2,8.8,14.8,16.5,20.8,15.8,9.8,27.0,3.8,47.5,29.0,36.8,8.8,30.0,28.8,30.2,29.0,16.0,5.8,23.5,4.5,8.2,18.2,14.2,17.8,9.5,20.0,9.0,12.8,13.0,26.2,21.5,31.5,9.8
Mike Miller,0.0,0.0,0.0,2.8,0.0,-0.5,13.2,0.0,0.0,0.0,0.0,0.0,0.0,0.0,0.0,0.0,0.0,5.5,0.0,0.0,0.0,0.0,0.0,0.0,0.0,0.0,0.0,0.0,0.0,0.0,0.0,0.0,0.0,0.0,2.2,0.0,0.8,0.0,0.0
Will Barton,29.5,28.5,0.0,0.0,0.0,0.0,0.0,0.0,0.0,0.0,0.0,12.8,16.8,6.8,0.0,0.0,0.0,34.8,37.8,43.0,32.8,24.0,23.5,11.8,23.8,36.0,18.0,35.8,27.0,43.5,10.5,27.2,28.8,9.5,16.8,33.8,24.8,17.5,45.0
Alonzo Gee,0.0,0.0,0.0,0.0,0.0,0.0,0.0,0.0,0.0,1.5,1.2,4.5,0.0,6.8,23.2,4.8,0.0,4.0,0.0,0.0,0.0,0.0,0.0,1.2,0.0,0.0,0.0,0.0,0.0,0.0,0.0,0.0,0.0,0.0,0.2,0.0,0.0,0.0,0.0
Danilo Gallinari,25.2,21.0,29.8,23.8,26.8,39.2,14.8,25.0,31.2,31.2,33.8,30.8,23.8,0.0,0.0,0.0,29.5,24.2,24.2,40.0,15.2,20.5,33.5,22.5,39.0,22.2,29.0,27.8,40.8,45.8,26.8,27.2,39.5,37.0,20.8,25.8,26.5,27.0,31.8
Gary Harris,0.0,0.0,0.0,8.2,23.0,24.8,17.5,23.5,0.0,0.0,0.0,0.0,0.0,0.0,0.0,0.0,0.0,0.0,0.0,0.0,0.0,0.0,0.0,0.0,39.5,23.5,37.0,9.0,24.5,17.0,23.5,29.5,24.5,24.2,18.8,0.0,33.2,0.0,0.0
Nikola Jokic,58.8,16.5,18.8,17.0,21.8,25.8,12.8,12.8,13.8,15.0,29.5,26.8,26.5,24.2,25.0,34.8,42.0,0.0,0.0,0.0,35.2,33.8,36.0,51.8,25.5,28.2,64.2,17.0,29.8,50.0,45.0,38.8,47.8,37.0,42.2,0.0,50.0,58.2,56.2
Wilson Chandler,20.2,16.8,27.5,31.8,33.8,0.0,0.0,22.5,30.2,54.8,45.0,25.0,35.8,24.2,55.2,45.0,26.8,35.8,36.2,19.5,51.2,20.0,0.0,4.2,33.5,20.2,32.5,22.0,39.8,9.0,33.8,25.2,35.0,19.8,24.8,41.0,41.5,25.0,30.0
Jusuf Nurkic,25.8,50.0,31.2,32.0,17.5,23.2,14.8,3.5,21.8,14.0,18.2,35.2,42.0,11.0,24.8,17.5,10.5,28.2,14.5,31.0,15.2,21.2,27.0,15.0,7.0,10.2,0.0,0.0,0.0,0.0,11.5,10.0,32.0,32.5,14.0,29.2,7.0,4.2,7.8
Malik Beasley,0.0,0.0,0.0,0.0,1.5,0.0,17.0,0.0,0.0,0.0,0.0,1.0,0.0,9.8,0.0,4.8,0.0,7.5,0.0,0.0,0.0,0.0,0.0,0.0,0.0,0.0,0.0,0.0,0.0,0.0,0.0,0.0,0.0,3.2,0.0,0.0,5.2,0.0,0.0
Jamal Murray,6.2,6.0,9.2,13.8,11.2,12.5,28.2,10.8,26.2,13.2,17.0,30.0,36.0,35.0,34.8,17.0,19.8,6.2,6.5,29.8,25.8,12.0,9.8,30.5,9.5,12.8,6.0,24.8,2.8,2.8,16.8,2.8,17.0,4.5,11.0,8.8,13.2,0.0,9.2
Kenneth Faried,28.2,14.2,18.8,13.0,31.8,22.2,26.8,23.0,46.0,48.2,30.8,14.5,15.5,22.5,28.5,28.2,31.5,30.2,19.0,6.0,10.2,0.0,33.5,2.0,27.2,41.8,2.8,33.8,12.0,26.0,15.2,15.5,0.0,0.0,0.0,17.5,29.2,33.2,33.2
Juan Hernangomez,0.0,0.0,4.0,6.8,0.8,6.8,26.8,15.5,17.5,6.8,6.2,4.0,7.8,26.5,0.0,0.0,0.0,5.0,0.0,1.2,0.0,10.5,24.0,13.2,0.0,1.0,0.0,8.5,0.0,0.0,0.0,0.0,0.0,2.8,0.0,10.2,6.0,6.5,3.2
Patrick McCaw,0.0,0.0,0.0,0.0,12.5,13.8,15.5,15.0,2.8,5.8,5.5,6.8,5.8,6.5,1.0,2.2,4.0,24.0,0.0,13.2,11.5,2.0,2.8,4.2,7.0,1.5,3.0,0.0,0.0,0.0,0.0,0.0,1.2,0.0,0.0,6.8,-1.0,3.2,4.8
JaVale McGee,4.5,5.5,-0.5,0.0,5.2,18.8,3.2,5.2,0.0,10.8,18.2,14.0,4.0,16.8,4.0,5.8,13.0,24.5,8.8,11.2,12.5,4.0,15.2,22.5,20.8,20.2,3.0,20.2,5.2,4.5,9.2,16.0,2.0,3.5,3.2,9.2,17.5,8.8,6.0
David West,17.5,3.5,6.8,21.5,14.8,9.5,4.2,14.0,8.0,21.8,17.0,18.8,10.0,8.5,3.5,2.0,15.5,15.2,11.5,12.5,24.2,14.0,9.8,18.0,9.2,8.8,25.0,16.8,16.5,7.5,18.0,9.0,12.0,16.5,12.8,14.8,4.0,14.5,15.8
Kevon Looney,8.0,17.0,16.8,2.0,8.5,8.0,6.0,0.0,0.0,2.5,15.2,11.8,13.2,14.8,0.0,2.0,6.5,10.2,6.5,6.0,0.0,8.8,0.8,14.0,11.8,8.0,23.0,0.0,1.2,0.0,-0.5,0.0,0.0,0.0,0.0,0.0,6.5,8.8,0.0
Andre Iguodala,24.8,11.2,9.8,24.5,11.5,15.8,14.8,27.8,18.5,21.2,18.5,13.5,18.5,8.8,28.8,22.2,17.0,10.5,24.5,14.2,0.0,22.5,21.5,20.0,14.2,16.2,23.5,7.8,12.0,19.2,12.0,15.8,25.8,5.8,26.8,21.8,12.0,27.8,23.0
Klay Thompson,25.2,30.8,20.2,37.0,29.0,28.0,34.0,25.0,38.0,36.8,31.2,33.0,26.8,36.5,32.5,27.5,44.8,68.0,34.5,19.0,11.2,45.5,29.2,40.2,21.5,26.8,41.8,25.8,33.5,39.0,42.5,36.8,28.8,28.5,26.5,0.0,36.8,34.5,28.5
Damian Jones,0.0,0.0,0.0,0.0,0.0,0.0,0.0,0.0,0.0,0.0,0.0,0.0,0.0,0.0,0.0,0.0,0.0,0.0,0.0,0.0,-1.0,0.0,0.0,0.0,0.0,0.0,0.0,0.0,0.0,0.0,0.0,0.0,0.0,0.0,0.0,0.0,0.0,0.0,0.0
Anderson Varejao,0.0,4.2,0.0,0.0,0.0,8.5,0.0,0.0,0.0,0.0,0.0,14.2,0.0,3.2,0.0,0.0,3.5,0.0,0.0,0.0,10.2,0.0,0.0,0.0,0.0,7.8,1.2,0.0,0.0,0.0,0.0,0.0,0.0,0.0,0.0,0.0,4.2,0.0,0.0
James Michael McAdoo,6.2,3.5,0.0,0.0,1.2,0.0,0.0,0.0,2.0,0.0,1.2,0.0,4.0,0.0,0.0,10.0,0.0,6.8,2.0,0.0,2.0,0.0,0.0,1.2,2.2,0.0,0.0,0.0,0.0,0.0,0.0,0.0,0.0,0.0,0.0,0.0,0.0,0.8,0.0
Ian Clark,33.0,12.2,5.0,9.0,8.8,9.5,6.0,0.0,4.8,0.0,20.0,25.8,3.5,0.0,13.0,6.8,14.8,22.2,12.2,10.5,18.8,2.8,9.5,13.5,35.0,10.2,11.5,9.5,7.5,15.2,12.5,19.8,7.0,0.0,4.0,16.2,23.5,6.8,5.5
Draymond Green,40.0,37.0,40.8,44.0,39.5,38.8,49.8,36.2,39.5,29.0,39.2,36.8,35.5,0.0,27.2,57.8,40.8,32.8,39.2,48.5,19.2,35.8,59.0,32.2,40.5,46.2,0.0,38.2,26.0,45.0,32.5,49.5,42.2,31.5,39.2,39.2,36.2,60.2,40.8
Zaza Pachulia,15.5,37.5,7.2,4.2,12.5,16.5,13.0,11.8,28.2,23.5,16.2,18.8,20.0,19.5,13.5,8.8,16.8,24.2,15.2,11.0,0.0,0.0,0.0,0.0,16.2,7.2,41.5,18.0,10.2,15.8,10.2,22.8,25.8,19.2,27.2,21.0,19.8,23.2,17.0
Stephen Curry,40.0,39.2,44.5,69.8,38.2,51.8,51.5,51.2,41.8,34.8,41.0,55.8,44.2,56.0,37.8,46.8,38.0,43.0,45.5,39.2,31.0,43.5,49.0,34.0,32.8,42.8,38.5,44.8,28.8,47.8,29.5,33.2,53.2,57.2,48.5,52.0,44.5,49.5,46.5
Shaun Livingston,17.2,10.0,17.8,7.8,2.0,10.0,15.5,14.8,14.0,9.8,11.8,11.5,5.5,8.8,12.0,14.2,10.0,9.5,10.2,0.0,8.0,17.5,8.0,17.8,13.5,10.5,9.5,12.2,11.8,2.5,12.5,17.8,14.5,13.0,10.0,9.5,14.2,16.5,10.2
Kevin Durant,38.2,53.8,43.8,35.8,50.5,42.2,52.8,51.8,53.0,56.5,46.2,47.5,56.5,61.5,53.0,73.5,43.0,39.0,39.0,47.2,37.2,39.5,37.0,49.5,60.8,29.2,56.2,46.0,65.8,63.8,51.2,31.2,52.8,54.8,56.2,44.5,48.0,47.0,70.0
Trevor Ariza,26.8,30.5,40.5,32.8,28.8,13.5,29.5,21.5,42.0,31.0,13.2,22.0,41.2,32.0,22.0,24.0,28.2,24.5,30.8,36.2,23.8,36.0,19.2,18.0,36.5,22.8,39.5,33.8,36.0,20.2,25.0,36.2,30.2,20.8,26.2,43.0,23.5,20.5,18.8
Patrick Beverley,0.0,0.0,0.0,0.0,24.5,20.8,13.8,31.0,29.2,14.8,18.0,22.2,28.8,23.2,42.8,30.0,30.2,29.8,27.5,41.8,28.0,21.0,44.8,27.5,29.2,0.0,31.2,0.0,0.0,30.5,38.8,20.5,25.5,16.2,21.0,39.8,28.8,40.2,23.2
Ryan Anderson,35.2,17.0,18.8,19.8,24.2,9.2,21.0,21.8,20.0,28.5,14.0,36.8,32.5,18.0,18.5,29.0,13.8,31.0,33.0,12.8,46.0,17.5,24.2,46.8,23.8,31.2,10.2,40.0,20.5,19.5,30.5,16.5,22.5,37.2,10.0,23.8,0.0,0.0,1.2
Montrezl Harrell,5.8,0.0,6.2,0.0,23.8,0.0,0.0,8.8,1.5,0.0,3.2,30.5,15.2,11.0,10.8,11.0,18.5,3.2,21.5,17.5,4.0,19.8,29.8,27.5,22.2,13.0,40.0,24.0,29.8,22.0,18.5,35.8,30.8,19.8,23.2,33.0,14.2,37.0,16.8
Tyler Ennis,6.8,11.5,11.5,17.0,3.5,0.0,0.0,0.0,0.0,0.0,0.0,0.0,-0.5,0.0,1.5,0.0,0.0,0.0,6.8,0.0,0.0,0.0,0.0,0.0,2.0,11.5,1.2,0.0,3.5,0.0,0.0,0.0,0.0,1.2,0.0,0.0,0.0,0.0,7.0
Sam Dekker,24.8,6.8,19.2,18.0,9.5,5.2,19.5,13.0,14.0,9.5,22.0,28.0,25.2,11.5,27.0,11.8,16.0,11.2,28.8,16.0,12.5,23.2,9.0,6.8,20.0,33.2,12.0,7.2,13.5,15.5,20.5,5.8,12.8,11.0,16.5,15.8,20.2,12.2,31.2
Bobby Brown,0.0,0.0,1.2,0.0,2.8,0.0,0.0,0.0,0.0,0.0,0.0,0.0,0.0,0.0,0.0,0.0,0.0,0.0,0.0,0.0,0.0,0.0,0.0,0.0,0.0,1.2,0.0,0.0,0.0,0.0,0.0,0.0,0.0,4.8,0.0,1.5,0.0,1.2,7.5
Eric Gordon,21.2,42.8,20.2,27.8,26.8,43.2,7.2,15.8,21.5,42.8,29.0,34.2,30.5,30.2,37.0,25.8,25.8,27.5,29.0,38.2,39.0,23.2,36.5,31.0,28.2,26.2,31.5,24.0,41.5,34.8,30.2,31.0,0.0,0.0,16.2,33.8,10.8,33.0,17.5
James Harden,64.5,60.2,58.8,46.2,72.0,58.5,56.0,63.0,49.8,63.0,46.8,75.2,44.2,61.5,52.5,52.8,57.8,68.0,55.2,67.8,64.2,56.5,59.2,50.2,55.2,58.8,77.8,103.5,59.0,57.5,37.0,78.5,79.8,64.0,43.8,60.5,77.5,62.5,42.2
Clint Capela,19.2,30.5,35.8,38.0,29.8,39.5,37.5,29.5,34.5,36.2,21.0,17.5,26.8,27.2,33.2,19.5,31.0,18.5,22.5,24.8,14.5,0.0,0.0,0.0,0.0,0.0,0.0,0.0,0.0,0.0,0.0,0.0,0.0,0.0,0.0,0.0,9.8,12.8,43.0
Chinanu Onuaku,0.0,0.0,0.0,0.0,0.0,0.0,0.0,0.0,0.0,0.0,0.0,0.0,0.0,0.0,0.0,0.0,0.0,0.0,0.0,0.0,0.0,0.0,0.0,0.0,13.2,0.0,0.0,0.0,0.0,0.0,0.0,0.0,0.0,0.0,0.0,0.0,0.0,0.0,0.0
Kyle Wiltjer,0.0,0.0,0.0,0.0,0.0,0.0,0.0,0.0,0.0,0.0,0.0,0.0,4.8,0.0,0.0,0.0,0.0,0.0,10.5,0.0,0.0,0.0,0.0,0.0,0.8,0.0,3.2,0.0,0.0,0.0,0.0,0.0,0.0,0.0,0.0,0.0,0.0,0.0,0.0
KJ McDaniels,0.0,2.5,5.5,0.0,1.2,0.0,0.0,0.0,0.0,0.0,9.8,0.0,2.0,0.0,4.5,0.0,0.0,0.0,1.8,0.0,0.0,0.0,0.0,0.0,5.2,4.2,0.0,0.0,0.0,0.0,0.0,0.0,0.0,0.0,0.0,8.8,0.0,2.0,1.5
Corey Brewer,3.5,5.5,9.5,11.5,14.8,13.8,8.8,12.8,15.5,6.0,5.5,8.0,5.0,5.0,20.8,6.0,9.2,2.0,8.5,3.0,3.2,2.8,4.5,2.2,12.0,15.8,21.2,13.0,7.8,9.5,5.2,15.0,23.2,16.0,11.5,4.0,14.8,16.5,9.8
Nene,9.0,9.8,18.5,18.2,0.0,25.5,16.8,3.2,10.0,16.8,11.0,0.0,0.0,4.2,24.0,15.8,0.0,22.5,8.5,8.8,10.0,23.2,18.0,11.2,12.2,24.2,10.8,4.5,18.2,25.2,17.0,11.5,22.8,12.0,24.8,17.8,18.8,12.0,0.0
Diamond Stone,0.0,0.0,0.0,0.0,0.0,0.0,10.5,0.0,0.0,0.0,0.0,0.0,0.0,0.0,0.0,0.0,0.0,0.0,0.0,0.0,0.0,0.0,0.0,0.0,0.0,0.0,0.0,0.0,0.0,0.0,0.0,0.0,0.0,0.0,0.0,0.0,0.0,0.0,0.0
Raymond Felton,16.0,14.8,27.0,8.5,2.0,9.0,17.5,12.5,3.5,9.0,9.0,14.5,6.8,3.2,15.0,14.8,21.0,6.0,0.0,0.0,18.5,10.8,12.8,4.0,17.8,22.0,17.5,36.5,19.0,12.2,45.8,19.5,32.5,32.0,14.2,27.2,12.8,26.0,30.8
Chris Paul,66.0,37.5,52.0,37.5,44.0,39.5,51.0,30.0,46.8,39.5,52.8,36.8,32.8,28.0,68.5,40.5,49.5,39.0,31.5,65.2,54.2,37.5,32.2,40.5,51.5,39.5,0.0,0.0,0.0,42.5,0.0,0.0,0.0,0.0,46.0,59.0,41.8,50.2,22.2
JJ Redick,16.8,22.5,22.8,13.2,24.8,25.8,31.0,38.5,35.0,23.0,25.0,13.0,29.2,8.0,24.5,28.0,0.0,21.8,3.0,17.8,23.5,15.2,20.8,19.2,39.2,16.5,17.8,32.5,0.0,0.0,11.2,8.8,27.5,26.2,27.5,38.2,40.5,16.8,30.8
Marreese Speights,14.0,27.0,13.5,30.0,8.0,12.8,28.5,7.5,9.2,25.5,14.5,40.0,7.0,11.8,13.2,14.5,16.8,10.8,26.2,40.5,16.0,19.5,15.0,20.0,13.0,33.0,18.0,25.0,16.0,22.0,28.2,24.8,20.5,15.5,22.8,24.8,18.8,14.5,44.0
DeAndre Jordan,36.8,25.5,22.0,34.2,31.8,48.5,27.0,32.5,35.5,16.8,38.8,32.5,31.8,33.0,53.2,29.8,30.8,34.2,30.5,31.2,37.0,48.8,43.2,39.2,35.8,28.2,32.2,26.5,34.8,49.2,40.8,30.2,41.5,47.5,38.2,31.0,47.5,57.8,54.2
Alan Anderson,0.0,0.0,0.0,5.8,0.0,0.0,0.0,0.0,0.0,0.0,0.0,0.0,0.0,0.0,0.0,4.8,0.0,0.0,2.8,11.2,2.5,0.0,4.5,0.0,1.2,0.0,-0.5,0.0,3.2,8.2,18.2,10.8,0.0,1.0,0.0,0.0,0.0,5.0,7.8
Brice Johnson,0.0,0.0,0.0,0.0,0.0,0.0,0.0,0.0,0.0,0.0,0.0,0.0,0.0,0.0,0.0,0.0,0.0,0.0,0.0,0.0,0.0,0.0,0.0,0.0,0.0,0.0,0.0,0.0,0.0,0.0,0.0,0.0,0.0,0.0,0.0,0.0,0.0,0.0,0.0
Jamal Crawford,15.8,25.2,10.2,8.2,26.2,18.8,27.5,20.2,11.5,7.8,13.0,24.0,26.8,15.5,16.2,15.5,26.2,19.0,33.0,27.0,19.5,3.2,16.8,11.5,10.2,16.8,35.8,27.0,41.5,11.0,15.8,11.5,34.8,31.2,25.0,3.8,14.5,9.0,5.0
Luc Mbah a Moute,12.2,18.2,12.0,9.8,20.5,21.2,15.5,12.8,11.2,11.0,17.8,10.2,5.5,6.0,13.0,20.2,32.0,16.5,3.2,10.8,15.5,0.0,0.0,8.8,21.2,10.8,27.0,8.5,21.2,12.2,11.8,8.2,17.8,19.5,10.5,10.8,13.5,14.5,6.0
Austin Rivers,16.2,12.2,19.5,22.5,10.2,7.5,16.8,7.2,23.2,7.0,5.2,29.8,4.2,14.8,21.0,28.0,8.0,8.2,20.5,30.0,0.0,38.0,10.2,20.0,22.5,10.5,25.0,14.5,30.8,31.5,15.2,18.8,21.0,46.5,35.0,0.0,21.0,25.2,29.0
Brandon Bass,0.0,0.0,10.8,10.5,0.0,7.2,11.0,7.0,0.0,0.0,0.0,5.5,0.0,0.0,8.0,0.0,4.8,0.0,0.0,8.2,0.0,0.0,0.0,0.0,10.2,9.0,5.8,17.5,20.5,13.5,9.8,27.0,10.8,2.5,0.0,20.0,3.2,6.5,19.0
Blake Griffin,32.0,40.8,40.0,53.2,39.5,42.2,40.0,45.5,51.8,51.8,49.2,32.5,39.2,30.2,0.0,37.8,43.8,57.5,24.8,0.0,51.0,34.2,35.5,46.2,0.0,0.0,0.0,0.0,0.0,0.0,0.0,0.0,0.0,0.0,0.0,0.0,0.0,0.0,0.0
Wesley Johnson,8.0,8.0,16.8,17.8,13.8,0.0,0.0,0.0,0.0,0.0,3.8,12.5,9.2,4.0,12.2,0.0,1.5,0.0,13.0,20.5,6.2,15.8,7.0,7.5,5.2,24.2,2.0,15.2,20.0,12.0,24.2,1.2,10.0,3.2,11.0,10.0,14.8,10.5,0.0
Paul Pierce,0.0,0.0,0.0,0.0,0.0,0.0,0.0,0.0,8.5,5.5,0.0,0.0,0.0,0.0,10.8,10.0,7.0,3.2,0.0,2.0,0.0,0.0,0.0,0.0,8.2,0.0,6.8,12.8,0.0,0.0,0.0,8.2,0.0,0.0,0.0,0.0,0.0,0.0,0.0
Nick Young,24.0,24.8,21.8,11.8,11.2,33.0,26.5,25.5,11.8,0.0,22.2,0.0,0.0,0.0,0.0,0.0,0.0,0.0,20.5,14.0,24.0,22.2,45.0,28.5,28.0,17.2,28.5,11.5,25.5,35.0,26.0,18.5,13.2,4.2,14.5,10.5,14.0,18.8,33.5
D'Angelo Russell,28.2,16.5,36.0,23.0,56.0,0.0,26.2,0.0,0.0,0.0,0.0,0.0,0.0,0.0,0.0,0.0,0.0,0.0,13.0,25.5,19.8,29.2,0.0,32.2,33.0,27.0,25.8,10.8,32.0,45.5,36.0,32.5,40.5,45.5,35.0,16.8,17.8,32.8,14.0
Marcelo Huertas,0.0,0.0,3.0,0.0,0.0,0.0,0.0,0.0,11.8,4.0,1.0,2.8,0.0,7.2,16.0,7.2,31.2,18.2,0.0,0.0,0.0,0.0,0.0,0.0,0.0,14.0,0.0,0.0,0.0,0.0,0.0,0.0,3.5,0.0,4.8,7.8,7.0,0.0,0.0
Jose Calderon,0.2,0.0,4.8,4.8,0.0,11.2,0.0,30.5,20.5,19.8,18.2,11.2,7.0,14.2,7.2,0.0,0.0,0.0,0.0,0.0,0.0,0.0,0.0,0.0,0.0,0.0,0.0,0.0,0.0,0.0,0.0,0.0,2.5,0.0,0.0,1.2,5.0,0.0,3.8
Jordan Clarkson,30.5,19.2,30.8,21.2,30.8,32.2,12.5,35.2,24.2,33.0,35.0,17.2,28.0,21.8,15.0,22.2,12.5,19.0,25.0,25.5,19.0,16.8,28.8,43.2,14.5,26.8,7.8,25.2,21.8,4.2,30.2,32.2,4.0,22.5,16.8,19.8,31.0,20.5,28.0
Larry Nance Jr.,0.0,14.8,24.5,12.5,12.5,10.0,34.0,22.0,15.8,21.8,29.0,22.8,34.2,13.5,0.0,0.0,13.2,22.2,14.5,9.2,22.0,25.8,14.8,21.5,0.0,0.0,0.0,0.0,0.0,0.0,0.0,0.0,0.0,0.0,0.0,0.0,0.0,0.0,0.0
Luol Deng,12.2,12.5,8.0,17.2,14.2,24.5,15.5,11.8,19.8,14.5,12.0,11.5,23.0,13.2,34.2,11.5,9.5,21.2,37.2,31.5,28.5,21.5,32.5,27.2,29.2,31.0,40.5,27.2,9.0,8.8,19.5,0.0,41.0,15.8,24.0,9.2,0.0,14.2,0.0
Brandon Ingram,15.5,13.5,18.0,16.8,15.2,14.8,16.0,17.5,20.8,26.8,17.0,26.2,21.8,27.5,20.8,11.0,24.8,22.8,9.0,14.2,11.8,6.2,34.5,13.5,16.5,15.2,17.0,9.5,12.0,12.8,14.2,19.5,30.5,25.2,21.5,15.0,30.2,16.5,34.2
Thomas Robinson,0.0,0.0,10.5,1.2,0.0,0.0,0.0,0.0,4.2,22.0,18.5,8.5,13.0,8.5,5.0,13.5,10.0,12.8,8.5,22.0,0.0,0.0,0.0,0.0,27.5,23.8,15.2,15.2,23.5,27.8,1.0,19.2,22.8,15.0,15.0,10.8,5.8,0.0,0.0
Timofey Mozgov,8.0,16.8,16.2,14.0,29.0,4.5,19.5,26.8,18.0,14.0,14.2,24.2,4.0,8.0,21.2,15.0,15.8,16.0,12.0,17.0,33.2,9.8,8.5,9.0,21.8,12.2,22.2,21.5,5.0,13.2,25.2,13.2,6.5,31.2,11.5,6.0,18.2,12.8,4.8
Lou Williams,27.5,30.0,35.8,28.8,9.0,36.2,36.2,22.8,20.5,19.8,31.0,27.8,35.2,18.8,49.0,58.5,31.2,48.2,41.5,22.2,24.0,30.5,23.8,36.0,32.0,21.5,22.2,28.5,13.8,10.5,20.8,15.8,30.8,14.8,12.0,15.0,19.5,37.8,42.5
Tarik Black,8.8,13.0,17.2,8.5,24.8,12.5,16.5,16.0,17.2,17.8,26.0,18.8,8.8,16.0,11.0,16.8,0.0,0.0,0.0,0.0,0.0,0.8,0.0,0.0,0.0,0.0,0.0,0.0,0.0,20.2,11.8,13.2,29.8,12.2,8.0,10.2,16.5,8.5,25.5
Julius Randle,29.5,33.5,41.2,26.5,52.5,33.8,21.8,12.8,0.0,0.0,0.0,29.5,44.0,20.5,16.0,31.8,35.0,31.8,36.5,13.0,20.0,45.8,29.0,30.0,0.0,0.0,37.8,47.5,25.5,44.2,58.5,36.8,31.0,41.2,22.0,39.0,15.5,19.0,25.8
Metta World Peace,1.2,0.0,0.0,0.0,0.0,0.0,0.0,0.0,11.2,1.5,0.0,9.2,0.0,3.2,0.0,6.8,4.0,0.0,0.0,-0.5,0.0,0.0,0.0,0.0,0.0,0.0,0.0,0.0,0.0,0.0,0.0,0.0,0.0,0.0,0.0,0.0,4.0,0.0,0.0
Ivica Zubac,0.0,0.0,0.0,3.0,0.0,0.0,0.0,0.0,0.0,0.0,0.0,0.0,0.0,0.0,0.0,0.0,2.0,0.0,0.0,-0.5,0.0,0.0,0.0,1.2,0.0,9.5,0.0,0.0,0.0,0.0,0.0,0.0,0.0,0.0,0.0,20.0,2.0,15.2,37.8
Josh Richardson,2.2,12.0,21.2,27.2,15.8,36.0,24.8,30.8,12.5,10.0,25.8,26.8,22.0,0.0,0.0,0.0,0.0,0.0,0.0,22.2,21.5,20.2,17.2,9.8,23.0,21.2,14.2,35.8,33.0,50.0,31.2,25.0,28.0,9.8,0.0,0.0,0.0,0.0,0.0
Chris Bosh,0.0,0.0,0.0,0.0,0.0,0.0,0.0,0.0,0.0,0.0,0.0,0.0,0.0,0.0,0.0,0.0,0.0,0.0,0.0,0.0,0.0,0.0,0.0,0.0,0.0,0.0,0.0,0.0,0.0,0.0,0.0,0.0,0.0,0.0,0.0,0.0,0.0,0.0,0.0
Wayne Ellington,0.0,0.0,0.0,0.0,0.0,0.0,0.0,0.0,0.0,0.0,0.0,0.0,15.0,37.5,20.5,19.0,25.0,27.8,14.8,14.2,28.0,15.2,16.0,0.0,0.0,0.0,0.0,2.0,18.0,19.2,29.5,16.2,19.0,5.5,5.5,3.0,12.8,29.0,4.5
Josh McRoberts,0.0,0.0,0.0,5.0,12.2,7.8,0.0,0.0,8.5,15.8,17.8,10.0,7.0,10.8,16.8,25.5,24.0,10.0,16.5,18.2,24.5,13.5,17.0,14.5,5.8,6.5,10.0,0.0,0.0,0.0,0.0,0.0,0.0,0.0,0.0,0.0,0.0,0.0,0.0
Luke Babbitt,9.8,18.0,3.5,1.2,0.0,2.0,1.2,7.8,6.5,7.0,10.2,3.5,10.0,15.8,3.0,0.0,0.0,0.0,0.0,0.0,0.0,0.0,2.5,2.0,13.5,1.2,8.8,0.0,16.8,9.5,12.8,13.8,14.5,0.0,0.0,3.2,30.0,5.0,7.2
Goran Dragic,32.2,17.2,14.0,0.0,0.0,0.0,31.0,35.8,32.0,13.5,0.0,0.0,58.0,32.2,41.0,42.8,48.0,32.5,25.8,42.8,49.2,27.8,48.0,46.5,31.0,34.0,35.0,0.0,18.8,0.0,0.0,43.2,33.8,25.2,39.5,27.0,30.8,42.5,44.0
Tyler Johnson,35.5,24.0,30.5,16.8,32.0,19.5,25.5,14.8,19.8,33.5,34.8,20.5,0.0,32.5,27.0,30.2,24.8,43.0,27.8,24.8,20.8,34.2,0.0,19.0,50.2,30.2,18.8,25.5,40.8,35.0,25.8,0.0,39.5,23.8,26.2,32.8,34.5,29.5,29.8
Dion Waiters,14.5,10.8,32.0,5.8,45.5,21.2,37.8,34.5,33.2,17.5,31.5,44.8,0.0,0.0,0.0,0.0,0.0,0.0,0.0,0.0,0.0,0.0,0.0,0.0,0.0,0.0,0.0,0.0,0.0,0.0,0.0,0.0,5.2,17.2,10.5,27.2,25.0,29.2,19.2
Okaro White,0.0,0.0,0.0,0.0,0.0,0.0,0.0,0.0,0.0,0.0,0.0,0.0,0.0,0.0,0.0,0.0,0.0,0.0,0.0,0.0,0.0,0.0,0.0,0.0,0.0,0.0,0.0,0.0,0.0,0.0,0.0,0.0,0.0,0.0,0.0,0.0,0.0,0.0,0.8
James Johnson,19.8,32.0,13.5,27.5,19.2,21.5,32.0,28.2,13.2,31.0,26.5,20.5,10.2,35.2,40.5,7.5,0.0,0.0,0.0,0.0,23.8,26.8,25.8,12.5,31.5,40.0,29.5,28.2,16.5,42.2,37.8,0.0,36.0,36.2,27.5,29.0,36.0,38.0,19.5
Rodney McGruder,4.5,7.2,0.0,21.0,10.5,21.5,6.5,10.0,17.2,17.5,20.2,21.0,16.8,18.2,20.8,15.0,22.5,31.2,26.5,5.2,12.2,8.2,11.2,18.2,0.0,0.0,0.0,10.2,6.2,15.5,16.0,16.8,15.5,5.0,14.2,16.8,10.5,7.5,14.2
Justise Winslow,26.2,13.8,38.8,24.5,20.2,0.0,0.0,0.0,0.0,0.0,0.0,0.0,0.0,0.0,0.0,0.0,0.0,0.0,0.0,0.0,0.0,9.0,22.0,26.5,21.8,51.8,24.8,22.8,15.2,32.8,0.0,0.0,0.0,0.0,0.0,0.0,0.0,0.0,0.0
Hassan Whiteside,51.5,23.0,53.0,39.0,52.0,58.8,50.2,49.5,52.2,19.0,24.0,37.0,53.8,57.5,23.5,60.5,51.5,23.0,21.0,40.5,44.5,57.5,42.2,50.2,63.8,44.2,40.5,25.5,22.5,26.0,0.0,0.0,0.0,0.0,35.8,59.5,34.2,37.8,26.5
Derrick Williams,0.0,1.2,0.0,20.0,7.8,10.8,6.0,18.8,8.8,7.5,6.0,18.0,14.0,0.0,0.0,0.0,10.2,11.8,25.0,21.0,0.0,0.0,4.2,0.0,0.0,0.0,12.8,13.5,0.0,0.0,21.0,11.5,0.0,18.5,9.8,0.0,5.5,0.0,0.0
Willie Reed,2.5,21.0,6.5,1.2,0.0,0.0,10.8,-0.5,0.0,0.0,0.0,0.0,0.0,10.2,11.0,5.5,11.0,9.8,27.2,20.2,2.2,7.0,4.5,0.0,5.0,10.5,11.5,17.0,19.8,14.5,11.5,54.5,16.5,47.5,20.0,10.5,0.0,9.5,15.2
Udonis Haslem,0.0,0.0,0.0,0.0,0.0,0.0,0.0,0.0,2.5,1.0,7.8,1.2,0.0,0.0,0.0,0.0,1.0,0.0,0.0,0.0,0.0,0.0,0.0,0.0,0.0,0.0,0.0,0.0,0.0,0.0,14.5,12.2,14.8,12.5,0.0,0.0,3.5,0.0,0.0
Jason Terry,0.0,7.0,0.0,8.2,0.0,8.2,0.0,10.2,19.0,14.0,6.2,4.0,11.2,4.5,4.8,1.2,1.5,18.0,5.0,2.0,11.2,12.8,6.0,3.0,9.8,2.5,10.5,9.2,9.5,7.5,16.8,14.0,10.8,11.0,14.8,11.5,7.5,0.0,4.0
Steve Novak,0.0,0.0,0.0,0.0,0.0,0.0,0.0,0.0,0.0,0.0,0.0,0.0,1.2,0.0,0.0,0.0,0.0,0.0,0.0,0.0,0.0,0.0,0.0,1.2,0.0,0.0,1.2,3.5,2.0,0.0,0.0,0.0,0.0,0.0,0.0,0.0,0.0,0.0,0.0
Thon Maker,0.0,7.0,10.5,0.0,0.0,0.0,0.0,0.0,0.0,0.0,0.0,0.0,5.2,2.0,0.0,0.0,0.0,0.0,0.0,6.2,0.0,3.5,0.0,10.8,7.5,0.0,2.0,0.0,3.5,0.0,0.0,0.0,0.0,7.0,4.0,1.2,0.0,5.5,3.2
Matthew Dellavedova,32.5,13.0,26.2,14.8,30.2,9.5,22.2,19.5,23.2,13.8,29.2,23.8,20.2,17.5,29.0,11.0,24.0,21.5,15.0,17.0,23.2,10.5,20.2,13.0,11.0,31.8,17.0,0.0,0.0,0.0,0.0,0.0,12.0,17.0,25.0,10.2,16.8,9.5,1.2
Michael Beasley,12.8,9.0,17.0,13.2,17.5,27.5,-1.0,26.0,13.2,19.2,16.5,21.0,26.0,16.2,11.2,10.2,23.5,31.0,2.2,9.0,0.0,0.0,0.0,0.0,0.0,18.5,21.2,22.2,0.0,5.8,9.0,5.0,21.2,48.8,25.8,19.8,16.5,31.5,4.5
Jabari Parker,23.0,43.5,39.5,26.2,51.2,23.0,43.0,27.5,45.2,38.8,18.5,23.2,29.0,30.8,32.0,41.0,32.2,44.5,12.0,35.8,44.2,23.8,45.2,34.8,43.5,27.5,56.2,36.0,41.2,30.5,26.5,38.5,55.0,38.2,35.8,35.0,34.8,27.8,41.0
Malcolm Brogdon,29.5,29.5,16.8,11.8,19.2,17.8,10.5,6.0,11.5,13.0,10.5,21.8,17.8,24.0,13.5,9.5,25.8,24.5,17.0,14.5,16.5,10.5,15.8,33.8,35.2,10.2,22.2,23.5,49.0,21.5,31.5,24.5,37.8,36.5,32.0,18.0,26.5,30.0,29.5
Greg Monroe,31.0,49.5,16.2,35.5,16.2,23.2,7.8,0.0,3.5,8.5,21.5,23.2,32.0,15.0,32.2,29.8,27.0,32.5,21.2,15.0,23.8,33.5,12.0,18.2,36.2,24.8,34.2,9.2,38.0,31.5,41.8,39.2,41.5,29.8,30.8,14.8,25.0,10.0,16.8
Miles Plumlee,9.2,13.8,15.8,8.8,0.0,5.8,5.0,5.0,19.8,8.5,13.8,1.5,0.0,0.0,0.0,0.0,0.0,0.0,0.0,-0.5,0.0,0.2,0.0,6.5,3.0,0.0,2.0,1.5,0.0,0.0,0.8,0.0,0.0,2.0,0.0,1.2,1.2,1.2,9.0
Rashad Vaughn,10.8,0.0,26.2,0.0,8.5,0.0,3.2,0.0,0.0,0.0,0.0,0.0,0.0,-0.5,0.0,0.0,1.2,0.0,0.0,1.5,0.0,2.5,0.0,11.2,0.0,0.0,0.0,0.0,0.0,0.0,0.0,0.0,0.0,0.0,0.0,6.8,1.5,4.0,15.0
Tony Snell,31.0,22.2,11.5,9.2,13.5,13.2,25.5,25.0,17.5,15.5,21.8,19.0,13.2,22.2,17.8,6.5,14.0,15.2,12.0,21.2,16.0,19.8,26.0,6.2,20.2,32.5,21.5,7.0,12.0,6.8,7.8,25.8,10.0,16.8,21.2,12.0,12.0,22.0,6.8
Khris Middleton,0.0,0.0,0.0,0.0,0.0,0.0,0.0,0.0,0.0,0.0,0.0,0.0,0.0,0.0,0.0,0.0,0.0,0.0,0.0,0.0,0.0,0.0,0.0,0.0,0.0,0.0,0.0,0.0,0.0,0.0,0.0,0.0,0.0,0.0,0.0,0.0,0.0,0.0,0.0
John Henson,8.8,0.0,13.0,0.8,15.0,20.2,17.8,23.8,16.0,14.8,0.0,38.2,25.2,32.0,37.2,22.2,18.5,23.5,23.0,15.5,24.0,20.5,30.5,19.0,11.8,12.8,15.0,11.2,4.8,23.8,4.5,18.2,7.2,17.5,14.2,17.0,24.2,13.8,18.2
Giannis Antetokounmpo,51.2,55.2,47.0,30.8,37.0,55.5,60.8,36.2,48.5,67.0,54.5,40.8,69.5,58.0,52.0,45.8,61.5,22.5,53.2,54.8,61.5,57.8,55.8,47.8,63.5,50.0,45.2,42.5,74.8,51.5,57.8,48.8,0.0,7.0,40.5,60.0,42.0,62.8,44.0
Mirza Teletovic,10.5,3.5,29.0,17.5,9.0,1.2,22.0,6.2,9.8,15.8,7.0,12.2,0.0,18.2,14.2,17.5,0.0,0.0,33.2,13.2,17.0,29.5,15.2,11.8,4.5,0.0,0.0,15.2,11.8,15.5,14.8,15.8,15.0,0.0,0.0,0.0,2.5,3.5,2.8
Tyus Jones,10.0,13.5,38.2,27.5,13.0,10.0,0.0,6.0,1.5,0.0,4.5,17.0,10.5,9.8,0.0,0.0,0.0,0.0,0.0,6.5,0.0,0.0,0.0,0.0,0.0,0.0,4.8,1.2,0.0,0.0,0.0,0.0,0.0,0.0,10.8,0.0,0.0,0.0,0.0
Kris Dunn,26.8,18.0,8.2,12.5,17.5,12.5,14.5,9.8,2.8,5.8,23.0,5.0,6.5,3.0,2.5,16.2,23.5,18.8,11.8,16.2,9.0,4.5,9.5,18.2,7.8,9.2,16.0,15.5,6.5,7.2,28.2,6.5,4.5,9.5,12.8,14.8,8.0,2.2,1.0
Brandon Rush,4.8,6.8,0.0,0.0,0.0,0.0,0.0,0.0,0.0,1.2,0.0,3.5,1.5,0.0,0.0,0.0,0.0,0.0,0.0,6.2,4.5,0.0,0.0,0.0,0.0,0.0,0.0,0.0,0.0,0.0,0.0,0.0,14.2,0.0,0.0,34.2,26.0,0.0,0.0
Gorgui Dieng,10.0,24.5,18.5,42.8,16.8,17.8,26.8,33.5,25.2,42.0,29.5,36.2,32.0,28.0,22.0,7.2,22.5,29.8,24.2,28.2,25.0,31.8,17.0,27.8,31.8,25.5,16.5,32.2,35.0,23.5,29.8,28.5,37.2,29.0,17.8,16.5,10.8,33.0,38.5
Zach LaVine,27.8,11.0,21.0,52.0,31.2,0.0,27.0,17.2,32.8,23.8,33.2,17.8,41.8,51.0,22.0,32.0,31.5,32.2,41.5,25.8,36.8,42.0,35.0,37.5,31.5,55.0,22.2,29.8,28.8,34.5,20.2,38.5,19.2,43.8,21.5,0.0,0.0,21.8,26.5
Ricky Rubio,0.0,0.0,0.0,0.0,24.5,37.0,36.0,15.0,16.5,33.0,12.2,26.2,18.5,22.0,24.5,17.2,39.2,22.8,15.8,22.8,23.8,35.2,34.5,32.2,30.2,38.5,29.5,21.8,45.0,27.2,14.0,19.2,21.2,27.2,51.8,42.2,47.0,31.2,48.5
Nikola Pekovic,0.0,0.0,0.0,0.0,0.0,0.0,0.0,0.0,0.0,0.0,0.0,0.0,0.0,0.0,0.0,0.0,0.0,0.0,0.0,0.0,0.0,0.0,0.0,0.0,0.0,0.0,0.0,0.0,0.0,0.0,0.0,0.0,0.0,0.0,0.0,0.0,0.0,0.0,0.0
Shabazz Muhammad,8.8,21.5,12.0,16.2,4.8,0.0,0.0,0.0,10.0,4.5,15.0,5.0,6.2,11.2,4.2,18.0,21.0,5.2,5.5,4.8,15.8,6.2,18.0,13.0,15.2,7.2,20.2,16.8,8.0,24.2,21.5,17.8,0.0,9.2,13.5,31.2,8.2,1.2,20.0
Andrew Wiggins,30.8,14.8,52.0,43.0,32.5,58.5,39.5,57.0,13.0,19.5,14.0,32.2,25.2,21.0,36.8,30.2,41.2,18.2,33.5,18.5,33.2,43.2,35.5,39.0,32.2,17.5,33.2,33.0,37.8,47.8,31.8,17.5,48.8,28.2,16.5,37.5,30.0,36.5,18.8
Jordan Hill,0.0,5.8,0.0,0.0,0.0,0.0,0.0,0.0,0.0,0.0,0.0,0.0,0.0,0.0,0.0,0.0,0.0,0.0,0.0,0.0,0.0,0.0,0.0,0.0,0.0,0.0,13.0,1.2,0.0,0.0,0.0,0.0,0.0,0.0,0.0,0.0,0.0,0.0,0.0
Karl-Anthony Towns,60.0,42.5,36.8,43.2,48.0,43.5,39.0,43.0,23.2,60.0,32.2,45.0,42.2,41.5,80.0,37.0,53.8,39.5,34.8,31.5,52.0,42.0,69.5,55.2,47.5,45.2,34.5,50.2,51.2,46.0,40.2,55.0,42.0,39.2,62.8,59.5,62.2,36.8,49.0
Adreian Payne,0.0,7.2,0.0,1.2,0.0,13.5,11.8,20.8,16.2,0.0,8.8,0.0,0.0,0.0,0.0,0.0,0.0,0.0,0.0,1.5,6.2,0.0,0.0,0.0,0.0,0.0,2.8,0.0,0.0,0.0,0.0,0.0,0.0,0.0,0.0,0.0,0.0,0.0,0.0
Cole Aldrich,1.5,12.2,15.2,11.2,13.8,15.2,10.2,8.8,3.2,5.8,10.2,13.2,3.8,2.8,6.5,39.5,23.5,6.8,19.5,11.8,0.0,9.0,11.2,3.5,0.0,2.5,0.0,0.0,4.8,3.2,11.5,6.0,9.0,3.5,3.5,6.0,6.0,3.8,0.0
Nemanja Bjelica,24.5,-0.5,15.2,2.5,17.8,46.5,11.0,17.0,8.5,11.2,22.0,12.0,7.2,18.5,5.0,31.2,22.0,7.0,15.2,0.0,0.0,3.2,15.5,4.2,13.8,3.2,2.8,21.2,9.2,18.2,11.0,13.2,6.8,6.2,14.8,17.2,13.8,18.0,18.5
Chris McCullough,3.8,0.0,0.0,0.0,0.8,0.0,22.8,0.0,2.0,0.0,1.2,10.8,1.2,0.0,-0.5,0.0,0.0,0.0,0.0,0.0,0.0,0.0,0.0,0.0,0.0,6.0,0.0,0.0,0.0,0.0,0.0,0.0,0.0,0.0,0.0,0.0,3.0,0.0,0.0
Randy Foye,0.0,0.0,0.0,5.8,6.5,19.2,17.5,18.5,5.8,11.2,6.5,16.8,16.0,14.8,21.5,10.5,15.5,0.0,10.5,0.0,0.0,0.0,0.0,10.2,0.8,5.8,7.8,20.8,12.5,7.8,10.2,0.0,0.0,2.8,0.0,24.2,18.0,10.5,17.2
Luis Scola,20.5,8.8,12.2,19.0,9.0,18.8,4.8,16.0,0.0,9.5,5.5,4.8,10.8,3.2,9.0,12.8,0.0,0.0,31.2,2.0,14.8,14.5,7.8,15.2,2.8,16.2,0.0,0.0,0.0,0.0,13.8,0.0,0.0,17.8,0.0,0.2,14.0,0.0,18.2
Sean Kilpatrick,17.0,47.0,34.0,23.8,18.0,37.8,22.2,12.0,16.5,9.5,35.0,29.5,36.8,59.5,27.5,25.2,36.5,36.0,8.2,21.2,36.5,25.0,17.5,14.2,20.5,28.8,36.2,33.8,9.5,14.0,34.5,6.5,18.8,21.8,29.8,8.5,16.8,12.8,0.0
Jeremy Lin,29.5,18.0,0.0,0.0,0.0,0.0,0.0,0.0,0.0,0.0,0.0,0.0,0.0,0.0,0.0,0.0,0.0,0.0,0.0,28.2,0.0,25.2,28.0,24.5,44.5,21.0,26.5,0.0,0.0,0.0,0.0,0.0,0.0,0.0,0.0,0.0,0.0,0.0,0.0
Spencer Dinwiddie,0.0,0.0,0.0,0.0,0.0,0.0,0.0,0.0,0.0,0.0,0.0,0.0,0.0,0.0,0.0,0.0,0.0,0.0,11.8,4.5,4.2,-1.0,0.0,21.0,2.0,23.8,0.0,6.8,6.5,15.8,27.2,15.2,20.8,21.2,18.2,24.2,13.5,10.8,18.0
Brook Lopez,17.0,57.8,24.2,36.2,33.5,31.2,0.0,55.5,37.5,38.5,26.2,29.5,29.2,50.5,28.0,35.5,44.5,44.0,29.8,34.2,32.8,41.0,55.2,0.0,44.0,24.8,40.2,43.8,26.8,29.0,25.5,17.8,36.0,32.0,33.5,34.8,0.0,43.5,43.5
Joe Harris,15.0,18.5,4.8,14.2,20.2,24.0,17.5,14.2,11.8,16.5,16.2,6.0,10.5,23.8,22.0,29.2,17.2,23.5,15.0,19.8,21.0,14.0,30.0,16.0,14.8,5.2,2.5,0.0,0.0,9.2,19.5,12.5,7.2,3.2,21.5,19.5,19.8,2.0,16.0
Quincy Acy,0.0,1.2,5.2,0.0,9.2,0.0,2.0,0.0,0.0,0.0,0.0,0.0,0.0,0.0,0.0,0.0,0.0,0.0,0.0,0.0,0.0,0.0,0.0,0.0,0.0,0.0,0.0,0.0,0.0,0.0,0.0,0.0,0.0,5.8,0.0,12.0,16.5,6.2,23.5
Isaiah Whitehead,11.5,14.0,21.5,26.2,0.0,0.0,0.0,5.0,12.8,19.8,14.5,23.5,19.0,16.2,19.0,8.2,17.0,29.5,11.0,21.5,15.0,18.2,13.2,0.0,0.0,0.0,18.5,14.5,11.8,22.0,13.0,28.5,14.8,18.0,9.5,0.0,15.8,9.8,18.8
Caris LeVert,0.0,0.0,0.0,0.0,0.0,0.0,0.0,0.0,0.0,0.0,0.0,0.0,0.0,0.0,0.0,0.0,0.0,11.0,7.2,10.5,13.0,15.5,4.2,5.8,12.2,25.2,7.8,11.5,22.2,0.0,13.0,32.0,11.8,17.2,19.8,3.8,16.5,28.2,36.2
Rondae Hollis-Jefferson,11.2,13.5,39.0,20.5,20.8,46.2,11.0,9.5,25.8,21.2,14.5,0.0,0.0,0.0,16.5,28.8,18.2,6.8,21.8,21.2,17.8,15.2,17.2,35.5,28.0,14.2,22.5,12.8,24.8,13.2,0.0,14.5,16.0,18.8,20.0,12.2,29.2,32.0,24.2
Trevor Booker,20.5,19.0,36.8,35.2,21.0,37.5,13.8,35.0,11.5,27.0,46.0,35.0,27.0,44.8,24.5,0.0,37.2,38.5,16.0,35.8,34.5,17.8,17.5,20.8,17.2,0.0,23.5,26.2,29.8,42.2,23.5,34.0,17.5,0.0,33.0,20.8,32.2,23.0,0.0
Justin Hamilton,12.8,15.8,18.0,17.0,30.5,16.8,6.8,18.5,13.5,17.8,4.0,5.5,25.0,19.5,14.5,6.2,4.0,5.5,0.0,0.0,0.0,0.0,0.0,26.2,6.5,16.5,10.2,20.8,10.5,14.0,32.0,20.5,27.2,15.0,15.0,19.0,24.2,16.8,12.2
Bojan Bogdanovic,20.8,19.5,20.5,20.8,17.0,15.8,21.5,38.2,19.2,19.5,27.0,13.8,17.8,23.0,19.2,30.5,25.2,24.8,29.0,12.2,32.0,22.8,27.0,8.5,17.2,3.0,36.0,15.5,20.2,13.2,7.2,35.0,28.5,31.0,18.8,31.5,11.0,17.8,37.5
Maurice Ndour,0.0,8.0,0.0,0.0,5.2,5.2,6.5,0.0,4.0,0.0,0.0,1.2,0.0,0.0,0.0,0.0,4.8,0.0,0.0,0.0,9.2,4.5,0.0,0.0,0.0,0.0,0.0,6.0,2.0,0.0,0.0,0.0,5.2,0.0,0.0,6.8,0.0,0.0,0.0
Brandon Jennings,13.2,23.8,15.5,18.0,12.2,14.0,43.8,20.5,28.2,10.8,29.8,6.2,28.5,15.8,23.8,21.2,24.5,27.8,31.8,11.5,26.2,30.0,18.2,24.2,9.0,15.0,15.2,51.2,21.2,9.5,1.8,27.2,37.2,14.8,8.0,23.5,8.2,26.0,10.8
Courtney Lee,23.5,18.2,5.2,19.2,14.5,21.0,7.8,31.8,18.0,22.0,23.0,22.5,13.2,0.0,0.0,18.8,30.0,15.5,21.0,24.5,20.5,13.8,15.5,24.2,17.8,0.0,0.0,0.0,19.2,23.5,22.5,19.5,9.5,15.0,13.0,10.8,11.0,32.0,15.5
Kristaps Porzingis,44.0,41.5,28.5,29.0,42.2,53.2,35.8,34.8,46.2,37.5,37.5,44.8,50.0,26.8,46.0,32.5,20.2,34.8,63.8,57.0,13.2,41.0,39.0,24.0,50.5,43.0,50.0,0.0,0.0,0.0,38.5,35.0,18.5,18.5,0.0,0.0,0.0,0.0,25.8
Carmelo Anthony,43.2,40.0,16.0,45.5,42.5,35.8,29.2,48.8,29.5,68.0,31.0,35.8,27.0,47.8,28.0,44.8,16.5,52.2,34.2,28.0,0.0,39.5,53.5,31.0,44.8,17.8,48.8,12.2,39.8,60.8,53.0,27.5,27.5,40.5,45.8,23.8,42.2,25.5,54.0
Justin Holiday,4.8,0.0,22.8,2.5,28.5,17.8,15.0,11.0,19.2,13.8,18.0,11.0,11.0,29.0,23.5,14.8,11.5,12.8,14.8,13.2,36.5,12.8,16.5,7.5,7.8,29.2,25.8,29.5,9.5,11.8,4.8,3.5,9.8,7.5,8.5,25.2,16.0,21.2,21.0
Kyle O'Quinn,9.2,5.5,5.8,17.5,8.0,22.2,0.5,19.5,12.8,20.2,14.8,10.0,14.5,45.0,22.8,30.8,22.8,32.8,0.0,45.5,14.8,2.0,20.5,45.0,9.0,14.0,4.5,0.0,14.2,12.0,28.5,9.2,8.5,39.8,39.2,14.8,18.5,4.8,36.0
Joakim Noah,16.2,17.8,31.0,31.5,10.0,37.8,14.5,0.0,0.0,19.5,5.0,21.8,0.0,0.0,10.2,27.0,15.0,21.8,15.2,24.5,21.5,7.8,32.8,18.8,26.0,45.5,12.5,43.5,31.0,33.0,18.8,17.0,19.0,20.5,35.5,17.5,38.2,0.0,0.0
Willy Hernangomez,0.0,27.0,31.0,0.8,13.5,4.5,8.2,17.0,12.0,20.2,20.0,19.0,9.5,11.5,15.5,4.5,20.2,0.0,28.5,0.0,25.5,34.8,0.0,21.2,0.0,3.5,4.0,17.0,9.2,1.2,0.0,17.0,14.5,0.0,-0.5,24.8,0.0,33.2,0.0
Sasha Vujacic,0.0,12.2,1.2,0.0,7.5,0.0,0.0,0.0,0.0,0.0,1.2,0.0,10.8,14.0,15.5,0.0,6.5,2.0,0.0,0.0,0.0,0.0,0.0,0.0,0.0,11.8,11.0,0.0,0.0,0.0,0.0,0.0,11.5,0.0,0.0,13.0,0.0,0.0,0.0
Derrick Rose,35.0,23.2,22.0,30.0,13.0,27.2,38.0,26.2,36.0,29.8,48.0,44.2,15.5,39.2,34.5,20.5,0.0,0.0,32.8,3.2,0.0,0.0,40.0,30.2,34.2,42.8,28.5,42.2,26.2,24.8,26.0,24.0,0.0,34.5,25.5,24.0,37.5,57.5,28.8
Ron Baker,0.0,0.0,6.0,0.0,2.0,0.0,0.0,0.0,0.0,0.0,0.0,0.0,0.0,0.0,0.0,0.0,8.8,0.0,0.0,5.2,19.5,11.2,0.0,0.8,0.0,0.0,0.0,0.0,3.5,0.0,14.5,8.5,21.8,0.0,0.0,14.2,22.8,0.2,8.0
Marshall Plumlee,0.0,0.0,0.0,0.0,0.0,0.0,0.0,1.2,0.0,0.0,0.0,0.0,13.8,0.0,0.0,0.0,0.0,0.0,0.0,0.0,0.0,0.0,0.0,0.0,0.0,0.0,0.0,0.0,0.0,0.0,0.0,0.0,0.0,0.0,0.0,0.0,0.0,21.2,3.2
Lance Thomas,11.5,9.2,18.8,1.2,0.0,0.0,0.0,0.0,0.0,0.0,0.0,0.0,0.0,5.0,12.2,15.2,8.0,11.0,4.0,12.0,7.5,6.0,3.2,0.0,7.0,1.2,6.8,13.8,17.2,21.5,14.5,7.8,11.2,10.5,8.5,0.0,0.0,0.0,0.0
Mindaugas Kuzminskas,8.0,13.5,9.5,7.0,2.0,1.2,13.2,4.2,17.8,12.0,3.5,7.0,19.0,6.8,4.5,8.8,7.5,9.5,0.0,1.0,12.2,0.0,0.0,17.5,4.8,-0.5,0.0,21.0,13.2,28.0,9.8,19.8,0.0,2.5,32.5,12.5,27.2,28.0,10.2
Aaron Gordon,23.0,30.0,13.5,27.2,14.8,16.8,23.5,11.0,11.0,13.0,18.8,16.5,15.2,16.8,25.0,13.8,24.8,16.2,19.8,25.5,15.8,47.2,24.8,8.2,19.2,9.5,21.8,40.0,10.0,26.0,41.0,32.0,38.0,10.0,37.2,18.8,32.5,15.5,32.0
Damjan Rudez,0.0,4.2,0.0,10.0,1.2,5.8,16.2,2.0,-1.5,3.2,0.0,0.0,0.0,0.0,1.2,0.0,0.0,1.2,12.0,5.5,9.2,7.5,0.0,4.2,0.0,0.0,1.5,0.0,8.5,0.0,0.0,1.2,0.0,0.0,0.0,0.0,0.0,0.0,1.5
Elfrid Payton,11.2,15.5,34.2,9.2,52.8,26.2,25.5,14.8,35.2,27.5,27.8,25.2,27.2,18.8,10.8,17.5,52.2,22.0,22.5,17.5,56.8,30.2,23.2,19.5,37.0,27.5,47.8,33.5,15.2,16.8,43.8,36.0,21.0,23.5,12.0,36.5,58.8,43.0,22.5
Serge Ibaka,20.2,23.8,18.0,19.0,50.2,24.2,27.0,34.8,42.5,15.5,42.0,32.5,36.8,27.0,27.0,50.2,25.2,22.5,27.8,38.0,39.8,21.5,44.8,15.0,39.8,40.5,51.2,28.5,39.8,32.0,30.0,25.2,33.5,37.0,0.0,31.5,22.8,23.2,33.2
Mario Hezonja,16.5,17.2,13.8,0.0,0.0,2.8,0.0,0.0,0.0,1.0,2.2,0.0,0.0,0.0,0.0,0.0,0.0,2.0,7.5,4.0,0.0,0.0,0.0,6.8,0.0,0.0,0.0,0.8,16.5,7.5,2.0,3.5,0.0,4.5,2.0,4.8,3.0,8.0,15.8
Nikola Vucevic,20.8,28.0,54.5,18.5,17.2,19.0,34.5,29.5,25.2,45.8,53.2,45.5,31.0,39.2,39.2,32.5,35.0,31.0,17.0,0.0,0.0,0.0,50.5,22.2,49.5,26.8,27.2,27.8,40.2,40.2,42.2,32.0,26.5,37.8,43.0,55.5,34.0,28.5,26.5
Evan Fournier,18.5,18.0,19.8,37.5,31.0,21.5,24.2,25.8,25.8,40.5,21.0,50.0,28.8,34.0,29.5,14.2,13.8,27.8,17.5,41.0,38.5,37.8,28.5,23.8,39.2,34.8,0.0,0.0,0.0,0.0,0.0,18.8,25.2,34.8,12.5,19.2,0.0,0.0,0.0
Bismack Biyombo,31.0,15.8,16.2,17.5,17.5,24.8,19.5,36.0,29.5,13.8,10.0,17.5,21.5,20.0,25.8,23.2,39.8,9.8,11.8,29.5,26.8,25.5,23.8,30.5,20.2,28.5,26.8,23.5,11.0,17.5,15.0,5.5,14.8,27.2,10.0,7.2,10.0,25.8,12.8
D.J. Augustin,18.5,10.0,16.0,23.5,13.2,7.5,15.2,29.0,9.2,17.5,13.5,21.5,23.5,12.8,19.8,20.8,14.8,20.8,17.0,24.8,8.0,11.2,30.8,10.2,17.2,9.8,19.0,23.0,10.5,11.5,12.0,11.0,26.2,24.2,14.0,19.8,6.0,20.8,14.5
Jodie Meeks,0.0,0.0,0.0,0.0,0.0,0.0,0.0,0.0,0.0,0.0,0.0,0.0,0.0,0.0,17.8,13.2,24.0,9.5,15.2,6.2,33.0,3.5,21.0,3.5,4.8,0.0,21.2,25.2,17.2,18.8,32.0,16.0,2.8,6.8,34.2,15.8,27.2,21.0,13.0
CJ Wilcox,0.0,7.8,0.0,0.0,0.0,0.0,0.0,0.0,0.0,0.0,0.0,0.0,1.0,0.0,0.8,0.0,0.0,0.0,7.5,0.0,0.0,0.0,0.0,0.0,0.0,0.0,1.2,0.8,8.0,5.5,0.0,0.0,0.0,0.0,0.0,0.0,0.0,0.0,0.0
CJ Watson,2.8,8.8,0.0,5.5,7.5,7.5,16.2,9.5,7.0,10.0,0.0,4.2,12.8,5.5,0.0,0.0,0.0,7.0,1.5,0.0,0.0,0.0,0.0,4.0,0.0,8.2,20.2,1.8,11.2,18.0,9.2,1.5,0.0,0.0,10.5,0.0,3.5,6.2,12.2
Stephen Zimmerman,0.0,0.0,2.0,0.0,0.0,0.0,0.0,0.0,0.0,0.0,0.0,0.0,0.0,0.0,0.0,0.0,0.0,0.0,0.0,3.2,1.2,0.0,0.0,0.0,0.0,0.0,3.2,5.8,11.0,0.0,0.0,0.0,0.0,0.0,0.0,0.0,0.0,0.0,0.0
Jeff Green,31.2,12.0,12.8,11.2,20.0,5.5,3.5,16.2,23.0,13.2,10.2,0.0,12.8,19.0,28.0,24.2,25.8,10.5,10.5,24.0,21.5,30.8,6.0,7.2,21.2,16.2,6.0,9.2,6.5,23.5,19.2,15.2,11.2,6.2,15.8,14.2,16.8,18.2,19.5
CJ Miles,19.8,23.0,32.8,28.5,31.5,23.0,22.0,18.2,32.5,13.0,0.0,0.0,0.0,0.0,0.0,0.0,0.0,17.8,17.2,5.2,31.5,9.5,20.5,18.5,15.2,16.2,13.0,23.8,24.0,6.5,21.8,12.2,11.0,11.2,11.0,25.0,29.5,6.2,14.5
Aaron Brooks,0.0,14.8,16.5,11.5,20.0,10.8,4.0,13.8,15.5,14.5,9.8,12.8,15.5,3.0,13.8,21.0,19.8,3.8,4.8,4.0,12.2,12.0,10.8,6.0,7.8,10.0,5.8,10.0,8.5,36.5,4.5,13.2,22.5,7.0,14.5,7.8,29.0,6.2,7.8
Kevin Seraphin,22.0,7.2,4.8,0.0,5.8,0.0,6.8,0.0,26.0,5.5,10.5,0.0,25.5,0.0,0.0,0.0,0.0,0.0,15.5,0.0,0.0,0.0,0.0,0.0,0.0,2.8,0.0,0.0,0.0,7.5,3.8,10.5,13.0,19.8,11.8,16.2,20.8,9.5,1.2
Rodney Stuckey,0.0,0.0,0.0,0.0,0.0,0.0,0.0,0.0,0.0,0.0,1.2,14.0,26.5,1.8,31.0,21.2,14.2,23.2,14.8,19.2,27.2,11.2,24.5,20.8,0.0,0.0,0.0,0.0,0.0,2.0,0.0,0.0,0.0,0.0,0.0,0.0,0.0,0.0,0.0
Joe Young,19.0,0.0,0.0,5.0,16.5,0.0,0.0,0.0,0.0,0.0,2.0,0.0,5.0,0.0,9.2,-0.5,1.5,0.0,20.5,0.0,0.0,0.0,0.0,0.0,0.0,0.0,0.0,0.0,0.0,0.0,0.0,0.0,0.0,0.0,1.2,1.5,6.0,0.0,0.0
Lavoy Allen,6.2,11.2,8.8,12.0,12.2,3.8,12.5,10.5,5.8,5.5,8.5,8.8,4.8,3.2,12.0,8.8,11.5,3.0,8.2,0.0,0.0,0.0,6.5,0.0,4.5,4.0,0.0,3.8,2.0,0.0,0.0,0.0,3.0,0.0,2.0,0.0,1.5,0.0,0.0
Al Jefferson,12.8,13.8,15.8,21.5,29.5,30.2,16.2,13.2,1.2,3.2,10.5,8.8,14.5,3.2,20.8,29.0,15.8,14.0,7.8,26.5,14.8,23.5,11.2,9.5,22.2,22.8,14.5,21.8,12.8,21.2,15.2,17.2,18.8,13.0,6.5,27.8,6.5,14.2,25.2
Monta Ellis,10.5,28.0,30.2,26.2,6.5,19.2,41.0,29.0,19.5,32.5,23.8,28.0,9.5,28.8,25.2,19.5,8.8,22.5,15.8,11.0,5.0,17.5,0.0,0.0,0.0,0.0,0.0,0.0,0.0,0.0,6.2,8.8,19.0,21.2,4.2,14.0,19.0,12.8,14.0
Paul George,28.2,48.2,37.8,30.0,29.8,41.8,46.0,0.0,33.5,49.8,0.0,0.0,0.0,35.5,0.0,0.0,0.0,38.8,40.5,49.2,34.8,55.2,34.2,36.2,32.8,44.8,41.0,28.8,38.0,30.2,48.8,42.0,30.8,46.5,38.8,31.2,27.5,37.8,34.5
Thaddeus Young,24.2,33.0,15.0,22.8,7.8,22.2,27.5,30.0,25.2,27.0,24.8,41.2,21.5,36.2,19.0,21.0,12.2,30.8,11.5,20.8,11.5,49.8,18.8,20.2,20.5,20.5,33.2,36.2,40.5,25.0,33.0,27.0,18.8,23.8,23.5,42.2,13.5,35.8,24.0
Rakeem Christmas,2.8,0.0,0.0,0.0,0.0,0.0,0.0,0.0,0.0,0.0,0.0,0.0,7.5,0.0,0.0,0.0,0.0,0.0,0.0,0.0,0.0,0.0,0.0,0.0,0.0,0.0,0.0,0.0,0.0,0.0,0.0,0.0,0.0,0.0,0.0,0.0,0.0,0.0,0.0
Georges Niang,7.0,0.0,1.5,0.0,4.5,0.0,0.0,0.0,2.5,2.8,7.5,-0.5,1.2,0.0,7.5,0.0,0.0,0.0,0.0,0.0,0.0,0.0,0.0,0.0,0.0,0.8,0.0,0.0,0.0,0.0,0.0,0.0,0.0,0.0,0.0,0.0,2.0,0.0,0.0
Myles Turner,33.5,23.0,22.5,35.2,21.8,33.2,20.2,40.5,16.8,32.8,34.0,31.8,0.0,29.2,36.5,40.0,35.5,23.2,16.2,31.0,29.5,34.0,42.8,33.8,39.5,22.2,40.2,44.2,19.8,30.5,29.0,26.8,48.0,35.8,58.2,29.0,19.0,43.5,24.2
Glenn Robinson,14.2,0.0,1.0,4.5,15.0,3.5,0.0,22.5,2.8,0.0,14.2,34.2,20.2,5.2,33.5,26.0,24.5,3.2,10.5,6.5,10.2,6.2,22.0,13.8,15.0,28.0,9.0,11.8,11.5,16.0,8.2,29.0,20.5,18.5,18.5,16.0,15.0,19.2,7.8
Jeff Teague,20.0,28.5,34.5,33.8,19.8,52.0,24.8,29.2,36.5,41.0,37.5,61.8,27.5,43.5,36.2,30.5,44.8,27.2,28.8,46.2,23.8,24.8,41.8,25.2,46.5,44.8,49.5,48.8,49.0,15.0,41.5,41.2,31.8,32.8,57.2,35.5,28.2,39.5,51.8
Jerryd Bayless,0.0,0.0,0.0,0.0,0.0,0.0,0.0,0.0,0.0,0.0,0.0,13.0,32.5,18.5,0.0,0.0,0.0,0.0,0.0,0.0,0.0,0.0,0.0,0.0,0.0,0.0,0.0,0.0,0.0,0.0,0.0,0.0,0.0,0.0,0.0,0.0,0.0,0.0,0.0
TJ McConnell,13.8,19.2,13.8,10.0,18.8,15.0,12.5,14.0,12.2,27.5,21.5,10.5,7.2,4.2,13.0,20.0,16.0,9.0,8.5,24.0,13.2,44.0,21.2,25.8,19.2,22.5,12.5,16.0,11.0,32.0,29.8,40.5,26.0,29.0,24.8,18.2,0.0,29.8,19.5
Nerlens Noel,0.0,0.0,0.0,0.0,0.0,0.0,0.0,0.0,0.0,0.0,0.0,0.0,0.0,0.0,0.0,0.0,0.0,0.0,0.0,0.0,0.0,10.0,0.0,10.2,0.0,7.8,14.2,6.2,22.2,13.5,11.2,36.0,19.0,27.5,19.0,19.5,0.0,7.2,22.2
Chasson Randle,0.0,0.0,0.0,0.0,0.0,0.0,0.0,0.0,0.0,0.0,0.0,0.0,0.0,0.0,0.0,0.0,0.0,0.0,0.0,0.0,0.0,0.0,0.0,0.0,0.0,0.0,0.0,0.0,0.0,0.0,0.0,0.0,0.0,0.0,0.0,5.5,17.0,0.0,0.0
Ersan Ilyasova,0.0,21.2,28.0,16.2,14.0,33.8,20.8,21.0,22.5,18.8,17.5,31.8,39.0,25.8,21.5,23.0,13.5,29.5,34.5,58.8,41.5,28.0,22.8,30.0,33.0,21.0,23.2,30.0,35.0,43.8,29.2,36.0,28.2,27.5,21.8,31.8,21.5,28.8,40.5
Jahlil Okafor,0.0,21.2,27.8,22.5,25.2,2.8,29.5,13.2,27.2,9.0,15.8,22.2,9.8,22.5,25.8,23.2,36.2,27.5,0.0,0.0,0.0,30.2,30.5,26.0,19.0,24.8,14.0,12.0,21.0,0.0,8.5,0.0,0.0,0.0,0.0,39.8,15.5,0.0,0.0
Dario Saric,28.2,26.8,14.2,8.5,38.5,21.8,23.8,22.0,29.5,27.0,28.2,8.5,12.2,15.8,20.5,20.5,1.0,41.2,29.5,28.2,23.2,8.5,9.0,10.8,20.0,11.8,17.5,28.8,22.0,35.2,22.8,16.0,25.8,7.2,27.5,17.5,35.8,23.8,16.5
Nik Stauskas,3.5,14.5,9.5,13.8,4.8,18.0,23.5,18.0,21.8,25.8,27.0,12.8,24.2,29.2,21.2,15.5,7.2,19.0,16.2,21.0,25.5,20.0,3.5,19.8,0.0,16.2,0.0,6.2,24.2,20.0,15.2,12.8,27.2,12.0,15.0,8.0,17.2,6.2,11.0
Gerald Henderson,26.0,18.8,18.5,12.8,24.0,21.5,14.8,25.2,21.8,4.2,24.8,26.8,0.0,6.2,29.8,3.8,13.2,20.2,27.8,8.8,10.0,11.0,21.0,10.2,19.5,20.8,17.2,10.0,0.0,0.0,0.0,27.0,9.8,16.0,20.8,11.8,23.0,11.5,15.8
Sergio Rodriguez,35.2,22.8,34.0,21.0,17.0,21.5,28.2,17.0,28.5,3.5,37.5,15.5,14.5,6.8,29.0,28.2,23.8,37.2,38.5,12.2,34.0,0.0,25.2,15.8,21.5,19.0,34.5,36.2,7.5,0.0,0.0,0.0,8.0,7.8,22.2,9.8,28.8,17.2,10.2
Timothe Luwawu-Cabarrot,0.0,0.0,0.0,3.2,0.0,0.0,2.0,6.8,0.0,6.2,3.5,0.0,0.0,11.2,0.0,6.8,9.8,4.5,6.0,9.0,0.0,8.2,1.5,0.0,0.0,0.0,0.0,0.0,0.8,6.8,9.0,5.8,0.0,11.0,7.5,22.0,6.8,8.0,7.0
Joel Embiid,42.5,0.0,41.5,26.8,0.0,38.8,0.0,31.5,0.0,25.0,41.8,36.2,36.8,0.0,45.2,0.0,46.5,0.0,31.5,0.0,38.2,0.0,28.0,26.5,58.0,23.0,40.2,41.0,0.0,46.0,44.5,40.0,34.8,45.5,43.0,0.0,54.0,45.2,45.0
Richaun Holmes,18.8,19.2,0.0,4.8,22.5,26.5,18.2,9.2,21.8,10.0,5.8,0.0,0.0,26.8,0.0,27.2,3.2,4.8,26.0,27.5,22.2,5.2,10.8,0.0,0.0,0.0,0.0,0.0,0.0,0.0,0.0,0.0,0.0,0.0,0.0,0.0,0.0,0.0,0.0
Ben Simmons,0.0,0.0,0.0,0.0,0.0,0.0,0.0,0.0,0.0,0.0,0.0,0.0,0.0,0.0,0.0,0.0,0.0,0.0,0.0,0.0,0.0,0.0,0.0,0.0,0.0,0.0,0.0,0.0,0.0,0.0,0.0,0.0,0.0,0.0,0.0,0.0,0.0,0.0,0.0
Robert Covington,17.2,13.8,23.5,25.0,38.5,26.5,24.8,8.8,14.2,10.8,19.2,27.8,47.0,8.2,18.5,34.8,23.5,0.0,0.0,0.0,20.8,33.2,45.5,25.0,25.8,28.5,27.0,20.5,15.2,33.5,39.5,25.2,43.2,27.8,26.0,13.5,28.2,23.2,35.0
Marquese Chriss,13.5,11.5,7.0,0.0,13.5,7.2,24.2,11.0,3.2,13.8,9.5,12.2,18.2,20.5,3.5,12.0,19.5,10.5,18.2,8.8,12.8,34.5,17.5,20.5,15.5,11.2,4.2,23.2,18.0,11.0,6.0,8.8,33.0,12.0,29.8,17.8,16.8,8.8,14.5
Devin Booker,0.0,25.2,46.0,53.8,25.0,24.5,25.0,34.5,33.0,20.8,12.8,37.5,21.8,21.0,43.2,22.2,29.2,25.5,26.5,24.2,30.8,15.2,32.5,42.8,26.5,46.5,43.5,26.5,20.2,34.8,31.2,20.2,36.0,26.0,44.2,46.2,44.5,25.5,39.8
Eric Bledsoe,28.0,35.8,31.2,25.5,42.0,46.2,35.0,31.8,22.2,13.8,40.8,56.8,37.8,50.5,60.0,31.0,51.2,25.0,30.8,57.5,51.2,54.5,28.0,21.2,40.8,27.5,49.5,41.5,19.5,51.2,41.5,50.0,37.5,38.0,52.0,28.0,42.0,57.8,50.0
Jared Dudley,16.2,18.8,11.0,18.2,8.0,33.8,29.0,28.2,8.5,31.8,14.8,17.8,15.0,13.0,0.0,25.0,5.0,23.8,20.8,15.2,18.2,20.5,20.0,12.8,15.8,7.5,5.8,0.0,0.0,0.0,0.0,2.0,0.0,0.0,0.0,0.0,0.0,0.0,0.0
Tyson Chandler,13.8,31.0,37.5,28.5,0.0,0.0,0.0,0.0,15.2,0.0,0.0,0.0,0.0,14.2,34.2,25.2,16.8,17.2,30.0,21.5,40.8,46.2,16.5,23.2,22.0,11.0,32.5,15.5,11.8,29.8,21.2,22.5,35.0,30.0,31.8,40.2,29.2,0.0,46.5
Tyler Ulis,18.5,0.0,0.0,0.0,0.0,0.0,5.0,0.0,0.0,21.0,29.5,5.5,7.0,7.2,0.0,0.0,8.8,0.0,5.0,0.0,2.0,0.0,5.8,6.5,0.0,-0.5,0.0,4.8,1.0,16.5,5.5,2.8,6.8,0.0,0.0,1.2,7.5,1.2,4.2
"Derrick Jones, Jr.",0.0,0.0,0.0,0.0,0.0,0.0,0.0,0.0,0.0,0.0,0.0,0.0,0.0,0.0,0.0,0.0,0.0,0.0,0.0,0.0,0.0,0.0,3.0,0.0,0.0,0.0,0.0,0.0,0.0,0.0,0.0,0.0,0.0,0.0,0.0,0.0,0.0,0.0,0.0
Brandon Knight,18.0,25.5,14.2,7.5,25.0,18.8,22.2,19.0,46.0,27.0,20.0,14.0,16.5,24.0,12.0,34.2,16.8,30.8,20.8,26.2,14.0,21.0,20.8,12.2,28.0,32.2,15.8,29.2,26.2,11.0,0.0,9.5,0.0,25.0,7.2,7.2,0.0,0.0,3.0
TJ Warren,23.0,41.8,35.5,38.5,16.8,24.2,32.2,34.8,13.8,1.5,0.0,0.0,0.0,0.0,0.0,0.0,0.0,0.0,0.0,0.0,0.0,0.0,0.0,6.5,2.8,29.8,30.8,17.5,35.5,12.2,3.2,40.0,3.5,15.2,27.8,15.0,16.2,20.2,29.2
Alan Williams,2.2,0.0,0.0,0.0,0.0,0.0,2.0,0.0,4.5,42.2,38.8,15.5,0.0,0.0,0.0,0.0,4.8,0.0,0.0,0.0,0.0,2.2,7.0,4.5,0.0,3.8,0.0,9.2,0.0,0.0,0.0,0.0,0.0,0.0,0.0,0.0,0.0,2.0,0.0
PJ Tucker,18.0,14.8,22.5,2.8,38.2,16.0,19.0,24.5,11.0,23.5,19.2,13.0,22.2,10.2,36.0,23.8,23.2,1.0,15.5,13.8,33.5,30.8,6.2,15.0,22.5,23.0,34.0,7.0,10.5,20.0,16.5,26.2,20.0,19.8,21.0,13.0,24.2,28.2,15.2
Leandro Barbosa,15.5,3.5,6.2,6.0,19.0,9.5,1.5,18.2,16.2,21.2,2.0,9.2,6.5,7.2,1.2,12.0,1.5,20.8,15.2,36.0,21.2,11.2,11.8,1.5,18.0,3.2,4.2,10.5,11.2,5.0,19.8,11.2,14.0,10.2,0.5,9.5,4.2,11.8,-0.5
Alex Len,23.0,33.0,17.5,21.8,15.2,43.0,28.8,19.5,13.5,32.5,25.2,34.0,36.0,24.2,23.0,23.5,8.8,19.0,14.5,44.2,14.5,0.0,0.0,20.2,10.8,25.2,19.0,17.0,16.8,13.5,10.5,20.8,24.0,23.8,4.0,12.2,8.5,15.8,9.8
Dragan Bender,6.2,0.0,0.0,0.0,16.0,-0.5,6.8,10.0,1.5,0.0,4.2,0.0,12.0,4.2,0.2,1.2,19.5,8.2,4.8,4.0,1.2,3.5,8.2,7.8,0.0,2.0,0.0,41.2,21.5,6.8,10.2,2.0,5.5,0.8,14.2,7.8,16.0,14.0,7.8
Damian Lillard,39.8,48.2,9.2,47.8,60.0,32.2,32.8,36.2,33.5,39.8,68.2,53.0,40.2,58.8,35.0,55.8,49.2,28.2,51.8,47.2,34.0,59.8,25.5,55.0,39.2,40.2,0.0,0.0,0.0,0.0,0.0,44.8,37.8,40.5,22.2,48.5,39.8,42.2,38.2
Evan Turner,9.0,9.5,17.5,11.5,31.8,14.5,25.0,11.0,32.0,17.2,26.8,18.5,26.0,33.0,33.5,17.5,17.0,31.5,15.2,29.0,26.2,24.8,9.2,0.0,0.0,0.0,22.2,26.0,19.5,26.8,17.2,24.2,17.8,20.2,32.5,23.0,19.8,23.2,16.2
CJ McCollum,51.5,57.5,14.0,48.2,34.8,28.5,34.2,39.0,46.0,29.8,19.2,37.2,47.8,37.8,32.0,35.0,34.8,29.0,53.0,34.8,29.0,36.8,18.2,46.5,21.0,32.0,44.8,35.0,34.0,61.8,57.2,45.0,52.8,36.8,45.0,41.8,23.0,31.0,32.0
Maurice Harkless,32.8,32.5,17.0,22.5,29.5,25.0,27.5,19.0,14.0,28.0,31.2,36.2,28.8,31.0,31.2,28.8,28.5,0.0,10.2,15.0,32.0,17.8,28.5,29.0,23.0,15.5,23.8,20.5,21.2,23.8,24.2,26.5,11.0,29.2,24.2,0.0,6.2,18.8,12.0
Pat Connaughton,0.0,0.0,5.8,0.0,0.0,5.8,3.2,0.0,0.0,0.0,8.8,0.0,0.0,1.2,0.0,0.0,0.0,0.0,0.0,0.0,3.0,0.0,10.0,0.0,0.0,1.2,0.0,0.0,5.8,0.0,0.0,0.0,0.0,1.5,3.2,7.8,4.8,4.0,0.0
Shabazz Napier,0.0,11.0,21.0,0.0,0.0,4.8,11.2,4.8,5.5,0.0,7.5,0.0,3.2,2.0,0.0,0.0,0.0,0.0,0.0,0.0,4.8,1.5,14.2,10.8,15.8,0.0,14.8,9.5,14.0,5.2,9.0,0.0,0.0,4.8,0.0,0.0,15.0,0.8,0.0
Al-Farouq Aminu,17.0,2.0,0.0,0.0,0.0,0.0,0.0,0.0,0.0,0.0,0.0,0.0,0.0,0.0,0.0,13.8,9.5,24.2,0.0,18.0,0.0,0.0,0.0,0.0,19.5,11.0,25.5,18.8,22.0,18.0,31.2,33.2,29.0,38.2,31.5,21.8,18.8,26.2,23.2
Jake Layman,0.0,0.0,15.2,10.5,2.0,2.0,9.5,0.0,5.8,0.0,3.2,4.0,1.5,-0.5,0.0,0.0,0.0,3.2,0.0,0.0,2.0,1.2,1.0,0.0,0.0,0.0,0.0,0.0,0.0,0.0,0.0,0.0,0.0,5.5,1.0,0.0,5.0,3.5,0.0
Meyers Leonard,8.2,0.0,20.0,20.0,19.0,4.0,8.2,6.2,32.8,12.2,10.8,32.2,4.8,12.8,14.0,6.5,17.8,7.5,8.0,0.0,18.0,4.8,12.2,5.5,0.0,25.8,1.2,27.2,4.8,2.5,11.8,0.0,15.0,1.2,0.0,20.0,14.5,13.5,0.0
Ed Davis,7.0,3.0,0.0,7.0,17.8,19.2,10.5,18.8,18.0,31.5,9.8,20.5,12.2,17.8,16.5,17.8,8.2,28.5,26.5,14.8,13.2,10.2,1.2,17.2,17.5,8.0,6.2,0.0,4.8,2.0,0.0,14.5,0.0,20.0,17.5,10.5,1.5,0.0,11.0
Noah Vonleh,1.2,18.5,20.2,0.0,-0.5,5.8,17.2,7.0,10.8,5.5,5.8,4.8,0.0,4.8,3.5,0.0,0.0,1.0,8.5,10.5,14.2,14.2,17.0,6.5,0.0,11.5,19.5,11.2,4.5,1.2,7.0,0.8,5.5,0.0,7.8,0.0,21.5,16.8,18.8
Allen Crabbe,10.2,7.8,13.0,33.8,8.5,27.0,9.8,13.0,18.5,11.2,11.2,5.8,14.2,17.2,23.8,29.2,19.5,13.8,21.2,17.0,18.8,14.0,20.2,9.5,24.5,16.2,15.2,25.5,17.8,23.0,29.8,20.0,36.2,12.2,34.0,15.8,16.2,7.5,8.2
Mason Plumlee,21.5,25.8,14.5,34.2,28.2,26.0,26.0,39.0,28.0,26.2,30.5,44.5,32.0,37.8,27.2,26.8,39.5,22.0,20.2,47.2,33.8,37.8,15.5,57.8,27.2,18.2,38.8,33.0,25.2,33.5,44.0,34.2,46.5,25.8,22.2,32.8,22.8,27.5,39.8
Festus Ezeli,0.0,0.0,0.0,0.0,0.0,0.0,0.0,0.0,0.0,0.0,0.0,0.0,0.0,0.0,0.0,0.0,0.0,0.0,0.0,0.0,0.0,0.0,0.0,0.0,0.0,0.0,0.0,0.0,0.0,0.0,0.0,0.0,0.0,0.0,0.0,0.0,0.0,0.0,0.0
Tim Quarterman,0.0,0.0,5.2,0.0,0.0,3.0,0.0,2.0,4.8,0.0,7.5,1.2,0.0,5.5,0.0,0.0,0.0,0.0,0.0,0.0,2.8,0.0,0.2,0.0,0.0,3.0,0.0,0.0,3.8,0.0,0.0,0.0,0.0,0.0,0.0,0.0,0.0,0.0,0.0
Willie Cauley-Stein,4.0,6.2,0.0,6.8,14.8,0.0,15.8,12.5,6.5,17.0,5.2,5.2,0.0,0.0,1.2,14.5,7.2,16.0,14.8,2.8,6.5,14.0,26.2,0.0,11.0,6.0,16.8,6.0,18.0,2.5,-0.5,-0.5,9.2,0.0,0.0,0.0,0.0,2.8,1.2
Skal Labissiere,0.0,0.0,0.0,0.0,11.8,0.0,0.0,0.0,0.0,0.0,0.0,0.0,0.0,0.0,0.0,0.0,0.0,0.0,0.0,0.0,0.0,0.0,3.2,0.0,-0.5,0.0,0.0,0.0,0.0,0.0,4.0,0.0,0.0,0.0,0.0,0.0,0.0,0.0,0.0
Malachi Richardson,0.0,0.0,0.0,0.0,3.5,0.0,0.0,0.0,0.0,0.0,0.0,0.0,0.0,0.0,0.0,0.0,0.0,0.0,0.0,0.0,0.0,0.0,16.2,0.0,0.0,0.0,0.0,0.0,0.0,0.0,8.8,0.0,0.0,0.0,0.0,0.0,0.0,0.0,0.0
Darren Collison,0.0,0.0,0.0,0.0,0.0,0.0,19.2,25.0,30.8,27.0,21.0,32.5,29.5,21.2,25.0,20.2,21.5,29.2,25.8,26.8,23.8,27.5,23.5,24.5,7.8,16.5,10.2,13.8,17.8,14.8,24.0,39.0,19.0,30.8,24.2,15.0,20.8,29.8,35.0
Rudy Gay,43.5,36.8,50.0,23.0,0.0,32.8,44.5,30.0,56.5,20.8,19.2,46.8,34.8,25.5,48.5,30.8,27.0,44.8,36.2,22.8,35.8,22.2,0.0,0.0,0.0,0.0,0.0,0.0,31.8,0.0,0.0,0.0,0.0,28.8,35.8,30.8,48.5,46.5,32.0
Ty Lawson,22.8,25.5,13.8,26.8,11.5,23.5,5.5,17.2,11.2,5.5,40.8,17.8,20.0,21.0,25.5,20.5,20.8,2.5,14.0,16.2,11.2,29.0,23.0,10.8,19.0,32.5,28.2,29.2,25.5,12.8,6.0,0.0,24.5,32.0,21.5,10.8,26.5,12.8,0.0
Georgios Papagiannis,0.0,0.0,0.0,0.0,2.8,0.0,0.0,0.0,0.0,0.0,0.0,0.0,0.0,0.0,0.0,0.0,0.0,0.0,0.0,0.0,0.0,0.0,0.0,0.0,0.0,0.0,0.0,0.0,0.0,0.0,0.0,0.0,0.0,0.0,0.0,0.0,0.0,0.0,0.0
DeMarcus Cousins,44.2,32.5,44.8,53.2,25.0,55.0,46.0,48.8,54.8,58.8,73.2,39.5,57.2,55.2,66.8,72.5,53.8,68.8,59.5,60.0,39.0,68.2,0.0,35.8,42.5,83.5,36.5,62.2,54.8,53.5,50.5,51.0,30.0,60.2,41.5,55.2,53.5,62.2,63.5
Garrett Temple,5.0,18.0,10.5,8.2,36.8,17.2,13.5,8.0,10.0,14.5,9.0,18.2,18.2,17.2,15.2,12.8,11.2,14.2,26.8,13.0,11.5,22.8,31.0,35.0,26.8,18.5,17.5,22.5,12.8,23.8,12.2,27.2,23.5,18.2,24.2,15.8,15.5,17.5,18.5
Omri Casspi,3.8,0.0,0.0,20.8,15.0,2.2,0.0,0.0,6.8,0.0,0.0,0.0,0.0,19.0,15.2,8.2,17.2,13.2,20.2,17.2,25.8,27.0,17.2,0.0,0.0,0.0,0.0,0.0,10.2,15.2,3.2,9.8,0.0,0.0,0.0,18.5,4.8,0.0,0.0
Matt Barnes,36.2,26.8,13.5,6.2,11.5,23.0,19.5,22.2,11.0,24.5,32.2,13.8,14.0,19.2,22.5,11.5,46.5,10.8,14.8,0.0,9.5,0.0,16.5,25.0,13.2,12.5,16.2,23.2,8.0,25.2,36.5,15.8,29.2,21.0,9.8,0.0,13.8,23.0,17.5
Ben McLemore,13.5,18.5,8.2,19.0,13.8,0.0,10.0,0.0,2.0,19.8,2.0,-0.5,12.0,-0.5,7.2,0.0,0.0,0.0,10.2,21.0,7.0,1.5,0.0,12.0,13.2,8.5,11.5,11.2,10.5,8.5,3.5,9.5,0.0,0.0,0.0,1.5,0.0,0.0,0.2
Arron Afflalo,10.5,16.0,23.2,4.5,10.0,20.2,21.5,16.5,17.5,11.5,7.2,22.2,15.2,14.0,9.0,5.8,15.8,8.0,0.0,0.0,0.0,3.0,3.2,0.0,0.0,13.2,17.5,3.5,0.0,0.0,0.0,26.5,17.8,4.5,8.8,6.8,6.5,11.2,16.2
Kosta Koufos,11.8,24.5,18.8,14.2,13.8,22.5,14.2,10.8,17.0,8.8,1.2,23.0,23.5,17.8,7.5,14.2,3.2,17.8,15.0,8.8,7.2,26.8,23.8,42.2,19.8,1.5,8.5,19.0,15.2,20.0,13.5,29.2,17.5,12.8,14.8,23.5,7.8,13.8,17.0
Anthony Tolliver,5.5,5.8,10.0,0.0,0.0,0.0,0.0,9.2,0.0,0.0,3.0,1.2,0.0,0.0,0.0,0.0,0.0,0.0,1.5,19.8,3.8,7.2,34.0,15.5,21.2,17.5,17.8,23.2,10.0,12.5,28.0,12.2,20.8,3.8,29.8,28.0,18.5,24.0,12.2
Kyle Anderson,7.2,7.2,15.2,7.5,8.2,20.5,0.0,6.0,2.0,3.2,4.5,0.0,0.0,4.2,0.8,15.0,0.0,3.2,27.0,1.2,7.2,6.5,9.2,2.8,0.0,29.8,4.0,1.2,13.5,19.5,2.2,5.8,10.8,-0.5,0.0,9.5,7.0,1.5,0.0
Kawhi Leonard,41.0,47.2,54.2,26.0,51.2,32.5,29.5,46.0,40.5,53.5,43.2,47.2,49.5,32.8,27.0,36.8,36.8,35.8,42.8,43.0,49.2,43.2,42.0,20.0,39.8,50.2,43.2,55.0,0.0,0.0,25.0,45.5,44.0,28.5,54.2,42.0,49.0,52.8,52.8
Dewayne Dedmon,20.5,6.8,22.0,11.2,1.0,5.5,9.2,10.5,0.0,0.0,0.0,0.0,0.0,0.0,21.5,28.5,4.5,19.0,16.5,10.8,15.5,17.8,24.2,13.0,3.2,14.5,18.8,18.5,13.5,14.0,2.0,12.5,7.2,36.5,17.8,29.5,12.2,15.8,17.5
Dejounte Murray,0.0,0.0,3.5,6.5,0.0,0.0,0.0,0.0,2.2,0.0,10.5,0.0,0.0,0.0,4.2,0.0,0.0,0.0,0.0,0.0,0.0,0.0,0.0,0.0,0.0,8.5,15.2,4.0,7.5,5.5,0.0,8.5,6.5,1.0,0.0,14.8,0.0,0.0,32.5
Patty Mills,19.5,13.8,25.8,14.2,26.8,20.5,19.5,18.2,11.5,15.0,26.2,18.5,22.8,23.8,14.0,36.2,27.5,9.8,31.5,25.5,29.5,15.0,12.8,27.2,19.0,7.5,39.2,11.0,10.8,16.2,10.0,16.8,14.8,21.0,8.5,10.2,0.0,21.2,7.2
Tony Parker,12.5,18.2,0.0,0.0,0.0,15.5,21.2,24.8,29.2,29.5,0.0,18.8,16.5,24.8,9.0,0.0,0.0,13.8,0.0,15.2,26.2,28.0,15.8,25.5,14.5,9.0,0.0,27.8,24.8,28.5,36.2,29.5,38.2,10.0,29.2,24.5,20.2,21.0,0.0
David Lee,23.8,9.0,8.2,11.5,19.5,8.0,15.5,18.8,13.2,9.2,27.5,18.2,35.0,17.8,6.8,14.8,19.2,4.5,9.5,18.5,21.0,26.5,15.0,15.5,14.5,15.2,18.2,13.0,18.2,15.0,13.8,18.5,9.2,0.0,21.2,12.2,5.8,16.0,38.5
Bryn Forbes,0.0,0.0,0.0,7.8,0.0,0.0,0.0,0.0,0.0,0.0,4.8,0.0,0.0,1.2,0.0,0.0,0.0,0.0,0.0,0.0,0.0,0.0,0.0,0.0,0.0,0.0,0.0,0.0,0.0,0.0,0.0,0.0,0.0,0.0,0.0,0.0,3.2,0.0,0.0
LaMarcus Aldridge,0.0,29.5,31.5,29.5,27.8,31.5,37.0,25.8,41.5,43.0,0.0,40.2,23.0,34.8,30.0,18.5,27.8,41.2,13.0,28.0,29.2,0.0,25.2,34.5,40.5,18.0,52.0,45.2,44.0,17.5,53.2,42.8,38.5,36.8,0.0,20.5,21.5,42.0,24.2
Danny Green,0.0,0.0,0.0,0.0,25.2,0.0,12.0,6.2,22.0,28.5,16.8,26.2,31.8,17.8,10.8,18.8,5.5,8.8,12.2,18.8,15.8,6.5,9.8,23.8,25.8,20.2,8.5,18.2,25.2,25.5,21.0,13.2,19.8,21.5,21.2,16.5,8.5,21.5,19.8
Pau Gasol,44.2,27.0,22.0,19.0,13.8,47.2,36.2,28.5,39.8,28.2,28.0,35.0,10.2,26.5,18.0,0.0,42.0,29.8,21.8,33.5,28.2,50.2,32.8,34.0,30.0,38.8,0.0,24.8,36.5,24.8,35.2,22.5,38.2,22.2,24.8,43.2,18.0,10.2,0.0
Jonathon Simmons,13.0,9.0,14.0,17.0,18.2,13.0,12.0,16.5,5.0,0.0,7.2,5.5,8.5,27.8,14.2,12.2,12.0,15.5,14.0,12.0,20.5,0.5,4.5,15.2,6.0,13.5,19.5,5.0,11.2,30.2,10.2,18.0,4.5,17.0,15.0,19.8,15.8,10.5,15.0
Manu Ginobili,16.0,14.8,14.8,13.5,17.2,14.8,22.0,12.8,9.8,17.0,23.5,16.2,7.5,0.0,29.0,0.0,30.2,17.5,0.0,9.0,12.2,22.0,11.2,25.2,28.5,0.0,0.0,11.5,33.8,25.8,24.2,8.2,24.8,16.0,5.8,3.5,22.5,17.0,32.8
Davis Bertans,10.2,0.0,5.2,2.8,1.2,1.2,0.0,0.0,19.0,4.8,6.0,13.5,21.0,4.8,2.0,7.5,0.0,3.2,1.5,0.0,20.5,10.8,0.0,4.8,1.0,0.0,0.0,2.0,-0.5,2.0,0.0,13.0,1.2,29.2,16.5,12.2,-0.5,0.0,10.0
Russell Westbrook,48.0,54.5,36.2,58.8,63.0,83.5,61.8,54.2,67.0,73.2,67.0,62.8,79.8,61.8,75.2,75.5,69.8,74.2,61.0,64.0,35.5,42.5,81.2,73.2,67.5,82.2,65.8,67.8,29.2,61.0,52.2,70.2,72.0,81.2,55.8,65.8,56.8,75.8,39.2
Anthony Morrow,-0.5,0.0,0.0,2.8,0.0,0.0,12.0,0.0,0.0,6.2,5.5,8.5,14.0,25.2,17.0,13.8,5.8,21.5,17.0,12.2,15.5,5.5,16.5,7.5,8.8,2.0,3.2,11.0,4.0,0.0,0.0,5.5,0.0,0.0,0.0,0.0,0.0,0.0,5.5
Domantas Sabonis,28.5,21.8,32.0,16.8,16.8,6.5,3.8,15.2,14.8,18.0,14.5,10.0,24.5,10.8,5.8,22.8,13.5,11.8,8.2,15.2,17.8,15.5,18.0,4.0,10.0,26.2,13.2,14.2,13.2,21.0,5.5,5.8,17.2,18.8,12.2,3.0,14.5,11.8,20.0
Nick Collison,0.0,0.0,0.0,0.0,1.0,1.5,0.0,0.0,0.0,0.0,0.0,0.0,0.0,0.0,0.0,0.0,0.0,0.0,0.0,0.0,4.8,10.5,10.8,0.0,0.0,0.0,0.0,0.0,7.0,0.0,0.0,0.0,0.0,0.0,0.0,-0.5,0.0,0.0,0.0
Victor Oladipo,26.8,19.2,22.5,37.0,22.5,17.8,15.5,55.5,41.2,32.2,30.5,35.0,48.0,32.0,23.0,45.0,29.8,26.5,21.8,2.8,0.0,0.0,0.0,0.0,0.0,0.0,0.0,0.0,0.0,23.0,33.2,31.2,32.2,29.2,22.5,24.2,27.2,32.8,17.8
Semaj Christon,15.8,17.5,15.5,7.8,15.0,3.0,7.0,6.0,6.0,0.0,0.0,1.5,0.0,1.5,7.2,9.8,10.2,13.0,4.8,16.5,10.2,13.8,15.0,10.2,13.5,6.5,10.8,5.2,14.8,8.2,15.2,14.2,3.5,0.0,0.0,0.0,0.0,0.0,0.0
Alex Abrines,10.8,8.5,9.0,3.0,3.8,10.8,7.8,11.5,13.0,11.0,3.5,-0.5,0.0,0.0,0.0,0.0,0.0,0.0,0.0,0.0,9.5,3.5,1.2,12.8,26.8,7.5,16.0,20.5,13.8,21.2,13.0,12.2,5.5,16.5,14.5,7.0,-0.5,20.8,7.0
Jerami Grant,11.0,15.5,9.2,11.5,9.5,4.0,25.8,16.2,12.8,14.8,16.8,15.2,15.8,14.8,4.5,15.5,11.0,16.5,14.5,3.2,13.8,11.5,19.8,19.8,11.2,15.0,19.5,13.5,12.2,6.2,13.2,8.5,14.0,10.5,15.5,15.0,5.8,8.0,27.0
Enes Kanter,-0.5,38.0,40.5,6.5,30.2,29.5,17.2,22.2,17.8,33.0,18.2,22.2,19.0,16.8,46.5,19.8,37.5,16.2,15.2,29.8,14.2,27.0,21.2,19.8,36.2,30.0,31.5,32.0,24.2,36.0,9.8,32.0,35.8,24.5,41.2,42.0,33.0,50.5,22.2
Steven Adams,25.0,33.5,22.5,37.5,13.2,30.5,20.2,20.0,26.2,18.0,34.0,20.0,19.5,28.2,27.5,19.0,12.8,27.0,41.5,33.0,26.5,22.8,33.8,24.8,22.5,31.8,34.0,28.5,29.0,22.2,41.0,42.0,29.5,34.2,32.8,29.5,14.8,13.0,0.0
Kyle Singler,10.5,0.0,0.0,5.2,0.0,0.0,0.0,0.0,0.8,0.0,0.0,1.2,0.0,0.0,0.0,0.0,0.0,0.0,0.0,2.0,9.5,4.0,5.8,4.8,0.0,5.0,0.0,2.0,2.0,6.0,0.0,0.0,0.0,0.0,0.0,0.0,0.0,0.0,3.2
Andre Roberson,4.8,13.2,19.8,10.2,31.8,28.8,8.5,20.8,24.5,20.0,18.8,24.2,14.0,8.2,22.2,24.8,28.2,8.8,30.5,15.8,17.8,7.8,18.8,23.8,24.2,19.8,16.0,5.8,10.2,23.8,6.5,5.5,29.2,27.2,18.0,20.0,26.0,16.8,13.2
Cameron Payne,0.0,0.0,0.0,0.0,0.0,0.0,0.0,0.0,0.0,0.0,0.0,0.0,0.0,0.0,0.0,0.0,0.0,0.0,0.0,0.0,0.0,0.0,0.0,0.0,0.0,0.0,0.0,0.0,0.0,0.0,0.0,0.0,0.0,12.5,9.5,3.5,11.5,12.0,12.0
Josh Huestis,0.0,0.0,0.0,0.0,0.0,0.0,0.0,0.0,0.0,0.0,0.0,0.0,0.0,0.0,0.0,0.0,0.0,0.0,0.0,0.0,0.0,0.0,0.0,0.0,0.0,0.0,0.0,0.0,0.0,0.0,0.0,0.0,0.0,0.0,0.0,0.0,0.0,0.0,0.0
Joffrey Lauvergne,23.8,12.5,11.5,0.8,0.0,11.2,10.8,3.2,20.0,21.2,27.2,3.8,25.5,12.5,13.2,13.0,17.8,8.8,0.0,20.2,18.2,5.8,0.0,4.5,26.0,12.0,15.5,7.0,-0.5,12.8,7.8,0.0,0.0,5.5,5.0,11.2,5.2,2.8,28.2
Jared Sullinger,0.0,0.0,0.0,0.0,0.0,0.0,0.0,0.0,0.0,0.0,0.0,0.0,0.0,0.0,0.0,0.0,0.0,0.0,0.0,0.0,0.0,0.0,0.0,0.0,0.0,0.0,0.0,0.0,0.0,0.0,0.0,0.0,0.0,0.0,0.0,0.0,0.0,0.0,11.8
DeMarre Carroll,14.2,1.2,15.5,15.5,16.5,0.0,0.0,17.2,17.2,27.5,0.0,40.8,18.8,27.8,20.0,0.0,22.8,14.5,24.2,0.0,27.0,17.8,7.5,11.8,25.2,10.0,10.5,34.2,8.5,6.5,20.2,18.0,17.5,40.5,23.0,34.8,29.0,19.8,9.5
Cory Joseph,14.8,11.0,12.8,13.5,22.0,5.2,13.2,21.5,9.5,8.0,24.5,26.5,18.5,17.5,30.5,22.5,26.8,12.5,17.8,7.8,24.0,31.2,28.5,0.0,24.8,11.8,12.0,16.5,23.5,20.2,21.2,15.2,21.8,13.8,11.8,35.5,16.0,44.0,14.0
Kyle Lowry,30.2,41.0,44.0,53.2,45.0,31.5,57.2,43.2,44.8,45.5,45.0,33.2,39.2,44.5,49.8,42.5,42.0,44.2,49.0,52.8,33.8,38.0,40.0,37.2,48.0,52.5,45.5,57.5,43.2,63.8,13.5,55.0,65.2,34.2,49.0,44.5,39.0,0.0,46.0
DeMar DeRozan,57.8,43.0,32.5,55.0,45.8,51.2,45.5,47.5,44.2,27.8,42.0,47.8,40.2,30.2,41.8,33.5,31.8,49.0,44.0,31.2,37.8,40.8,50.8,44.2,20.8,40.0,49.0,52.2,29.8,40.2,32.5,40.2,54.0,50.0,62.8,36.0,35.8,60.8,38.8
Jonas Valanciunas,22.8,23.8,0.0,0.0,28.0,25.5,27.2,21.5,29.8,47.2,28.5,39.0,20.2,32.8,13.0,18.2,12.2,18.0,37.0,17.5,28.5,37.0,24.0,35.8,31.0,26.8,35.2,15.2,21.0,27.8,9.0,35.8,26.2,15.8,50.8,33.5,34.0,20.5,33.0
Bruno Caboclo,0.0,0.0,0.0,0.0,0.0,0.0,0.0,0.0,0.0,0.0,0.0,0.0,0.0,3.2,0.0,6.5,6.2,0.0,0.0,0.0,0.0,0.0,0.0,0.0,1.2,0.0,0.0,0.0,0.0,0.0,0.0,0.0,0.0,0.0,0.0,1.2,0.0,0.0,0.0
Fred VanVleet,0.0,0.0,0.0,0.0,0.0,0.0,0.0,0.0,0.0,0.0,0.0,0.0,0.0,0.0,2.0,3.5,9.8,0.0,0.0,0.0,1.5,0.0,0.0,18.5,0.0,0.0,0.0,0.0,0.0,0.0,4.0,0.0,0.0,0.0,0.0,5.5,0.0,23.0,6.0
Norman Powell,16.8,10.5,5.5,13.5,7.2,31.8,23.2,4.2,10.8,0.0,14.0,0.0,0.0,13.0,5.0,28.8,8.8,1.2,1.2,38.2,7.5,14.0,1.0,10.8,36.2,5.2,3.2,2.0,18.2,6.0,5.5,2.5,3.5,15.2,1.5,10.0,23.8,5.0,13.2
Terrence Ross,25.0,28.5,14.0,0.0,11.5,13.5,27.8,19.8,23.0,5.2,13.2,24.2,13.2,27.2,4.8,9.2,20.8,26.8,15.0,8.5,37.2,18.0,11.8,19.0,14.5,13.8,15.5,40.2,23.5,18.2,25.8,18.5,16.8,13.5,9.0,17.0,18.0,30.0,16.0
Jakob Poeltl,9.8,13.0,14.0,8.0,0.0,0.0,0.0,0.0,17.5,0.0,0.0,0.0,0.0,2.8,0.0,5.5,7.2,0.0,0.0,0.0,3.2,0.0,0.0,4.5,2.5,0.0,0.0,0.0,0.0,6.5,18.2,3.2,1.2,0.0,1.5,7.2,-0.5,7.5,1.2
Pascal Siakam,9.2,11.2,21.0,13.0,1.2,13.0,20.2,22.8,15.0,19.0,7.2,4.8,15.8,17.0,10.0,21.8,23.2,12.0,7.2,8.5,7.2,14.8,10.0,21.8,18.2,2.5,0.0,1.2,14.2,22.5,6.5,3.8,0.0,0.0,0.0,4.8,13.0,14.5,4.8
Patrick Patterson,17.2,15.8,25.8,26.8,20.2,22.2,16.5,11.5,11.5,21.2,29.0,21.2,23.2,17.0,35.2,15.8,28.5,23.8,17.2,25.5,14.0,17.8,24.2,14.0,0.0,11.5,27.0,14.8,0.0,0.0,0.0,0.0,0.0,20.2,5.5,0.0,0.0,0.0,0.0
Delon Wright,0.0,0.0,0.0,0.0,0.0,0.0,0.0,0.0,0.0,0.0,0.0,0.0,0.0,0.0,0.0,0.0,0.0,0.0,0.0,0.0,0.0,0.0,0.0,0.0,0.0,0.0,0.0,0.0,0.0,0.0,0.0,0.0,0.0,0.0,0.0,0.0,0.0,0.0,0.0
Lucas Nogueira,0.0,0.0,16.8,28.2,25.2,36.0,6.5,9.2,0.0,6.0,2.5,9.5,8.8,14.5,17.5,24.8,32.5,13.2,26.2,12.5,16.2,0.0,12.8,15.8,25.0,24.0,20.5,11.8,6.2,13.2,11.2,21.5,25.5,13.0,18.8,31.2,18.5,6.0,0.0
Joe Ingles,7.2,12.8,0.0,22.2,5.0,4.8,2.8,32.0,2.2,12.8,15.5,9.5,6.5,12.0,9.0,27.5,20.2,13.0,12.2,43.2,28.0,22.0,8.5,1.2,26.2,26.5,30.0,22.0,6.2,9.0,23.2,20.8,17.5,25.5,8.5,16.5,10.8,11.2,26.0
George Hill,39.0,22.2,42.0,0.0,0.0,0.0,0.0,0.0,0.0,0.0,0.0,37.2,37.2,39.0,16.8,0.0,0.0,0.0,0.0,0.0,0.0,0.0,0.0,0.0,0.0,0.0,0.0,0.0,48.0,7.2,0.0,0.0,0.0,38.2,26.0,27.2,30.5,27.5,32.5
Rodney Hood,36.8,29.8,36.0,27.5,36.0,22.5,25.5,0.0,21.0,36.5,20.8,25.0,15.0,22.2,30.5,0.0,28.0,30.2,14.0,0.0,0.0,29.8,25.2,16.5,4.0,0.0,3.0,5.0,26.2,20.5,20.8,18.8,16.5,13.2,15.8,33.2,39.5,23.5,0.0
Joe Johnson,27.8,20.8,20.0,17.2,9.5,3.2,21.5,5.8,18.2,19.8,20.2,4.0,18.8,3.0,20.2,30.8,14.0,5.5,22.5,19.2,21.0,15.5,15.8,6.0,16.5,7.8,7.0,14.5,12.5,3.5,12.5,31.2,14.2,4.8,9.8,4.5,7.0,0.0,23.0
Shelvin Mack,13.0,12.8,8.8,20.0,18.8,22.5,17.0,27.2,2.5,14.2,9.0,4.0,18.0,9.8,14.5,26.2,18.8,22.5,22.0,33.0,17.8,29.8,20.8,24.8,8.2,20.2,31.0,12.8,8.0,14.0,26.5,17.2,25.5,3.8,11.0,0.8,4.0,0.0,0.0
Alec Burks,0.0,0.0,0.0,0.0,0.0,0.0,0.0,0.0,0.0,0.0,0.0,0.0,0.0,0.0,0.0,0.0,0.0,0.0,0.0,0.0,0.0,0.0,0.0,0.0,0.0,0.0,0.0,0.0,0.0,0.0,-0.5,0.0,5.2,5.5,0.0,0.0,2.0,19.0,0.0
Dante Exum,13.0,18.8,3.0,17.0,14.8,10.5,19.2,15.2,25.0,12.8,20.0,-0.5,5.5,0.0,5.8,11.0,15.5,12.0,13.8,12.8,14.0,14.2,14.2,5.5,6.8,0.0,0.0,0.0,0.0,0.0,0.0,0.0,5.0,0.0,0.0,0.0,16.0,3.5,0.0
Derrick Favors,9.2,20.2,19.5,44.0,34.0,39.8,6.8,12.0,0.0,0.0,0.0,0.0,0.0,0.0,0.0,0.0,0.0,0.0,0.0,0.0,0.0,12.5,11.0,14.2,0.0,13.0,16.2,18.5,21.0,24.5,9.8,29.5,21.0,34.5,9.8,24.8,25.8,24.5,21.0
Gordon Hayward,0.0,0.0,33.8,36.8,47.2,48.5,42.2,22.0,30.5,24.8,36.2,42.8,38.2,37.2,49.2,51.8,40.5,42.5,46.8,0.0,41.2,25.5,28.2,50.8,11.8,46.0,34.8,50.2,33.0,39.2,46.0,30.5,23.0,24.0,35.2,47.8,35.5,42.2,29.5
Joel Bolomboy,0.0,0.0,0.0,5.8,0.0,0.0,-0.5,0.0,0.0,1.2,0.0,3.2,2.5,0.0,0.0,0.0,0.0,0.0,0.0,0.0,0.0,2.0,0.0,0.0,3.5,0.0,0.0,0.0,0.0,0.0,0.0,0.0,0.0,0.0,0.0,0.0,0.0,0.0,0.0
Jeff Withey,2.8,7.5,0.0,8.0,-0.5,2.0,10.0,0.0,1.5,13.5,20.2,10.8,8.8,7.8,13.0,14.5,3.2,4.8,8.5,7.0,18.8,5.2,0.0,0.0,9.8,0.0,0.0,0.0,0.0,0.0,0.0,0.0,0.0,0.0,0.0,0.0,6.2,1.0,0.0
Raul Neto,0.0,0.0,0.0,1.5,0.0,0.0,0.0,1.2,0.0,0.0,6.5,1.5,2.0,0.0,0.0,3.0,0.0,0.0,0.0,8.5,20.0,0.0,0.0,0.0,12.2,7.2,1.2,13.0,0.0,12.8,8.2,11.5,0.0,0.0,0.0,0.0,0.0,5.8,5.2
Rudy Gobert,39.5,15.5,32.5,22.5,29.2,39.8,36.0,18.2,40.2,43.5,20.2,39.8,35.0,45.2,40.0,26.0,27.8,49.8,43.8,45.2,48.2,38.0,34.5,44.0,37.0,45.5,35.0,31.8,35.8,40.8,46.5,25.8,41.5,40.8,29.5,37.0,27.0,51.2,51.2
Boris Diaw,0.0,0.0,0.0,0.0,0.0,0.0,0.0,10.8,3.8,0.0,6.0,19.8,9.8,20.5,8.0,0.8,17.5,21.5,26.5,15.5,8.2,10.2,9.5,22.5,5.2,22.8,7.0,14.0,3.0,4.0,8.0,17.5,1.5,5.8,7.8,-1.0,14.2,9.8,24.8
Trey Lyles,6.5,22.2,11.5,16.8,19.0,18.0,13.8,31.2,20.0,27.2,16.5,15.8,28.0,17.8,20.5,22.2,21.5,19.0,8.2,21.0,23.8,5.8,25.0,4.0,17.8,14.2,30.8,14.0,22.0,10.5,2.5,6.0,11.5,18.8,18.5,22.8,17.2,6.2,4.8
JaMychal Green,19.5,11.5,10.8,19.0,15.0,24.0,31.5,25.0,28.8,22.0,27.8,11.2,35.2,25.8,41.2,29.2,36.0,32.0,33.0,18.0,13.8,19.5,31.2,27.0,24.8,13.8,17.0,24.5,29.5,36.8,12.5,0.0,11.5,19.5,21.0,14.5,21.2,37.2,16.8
Jarell Martin,7.0,15.2,11.2,0.8,1.2,5.8,-0.5,1.0,11.2,22.5,13.5,27.5,11.5,18.5,10.0,14.8,6.0,3.2,25.8,21.0,18.5,8.0,10.8,11.5,3.2,11.0,16.0,1.2,1.2,6.0,2.5,9.2,5.8,0.0,0.0,0.0,0.0,0.0,0.0
Wade Baldwin IV,0.0,0.0,3.8,0.0,0.0,0.0,2.0,0.0,0.0,5.8,0.0,15.8,7.2,16.0,30.0,9.8,13.8,-1.0,-0.5,8.0,-1.0,0.0,0.0,0.0,0.0,0.0,0.0,0.0,7.2,0.0,6.2,0.0,0.0,0.0,0.0,0.0,0.0,0.0,0.0
Andrew Harrison,11.0,32.2,10.5,10.5,14.8,15.5,30.0,14.5,30.5,23.8,13.5,10.2,36.5,29.0,20.0,23.2,16.5,15.2,26.0,30.2,6.8,17.2,5.5,9.8,23.0,15.5,16.0,30.8,18.5,21.0,11.8,24.2,2.8,5.0,8.0,0.0,0.0,3.8,12.2
James Ennis III,10.8,23.2,15.0,5.2,16.2,21.0,27.2,10.0,0.0,0.0,0.0,0.0,0.0,0.0,0.0,0.0,0.0,0.0,0.0,0.0,0.0,0.0,10.0,9.0,21.2,14.8,18.0,16.8,8.2,15.5,3.2,26.5,18.2,17.8,16.5,22.0,3.8,20.5,25.0
Tony Allen,27.8,0.0,0.0,0.0,0.0,20.8,8.8,26.5,15.2,11.8,28.0,19.0,20.5,22.0,26.2,41.8,20.0,34.5,28.5,16.2,34.5,33.8,24.5,24.0,13.0,23.0,14.5,34.8,22.2,20.0,17.0,25.0,43.0,11.2,9.5,32.0,26.5,19.2,26.5
Troy Williams,0.0,0.0,0.0,0.0,5.5,-0.5,2.0,0.0,0.0,20.5,25.2,19.0,17.5,18.0,22.5,19.5,19.2,11.2,21.0,21.0,10.5,4.8,1.5,0.0,0.0,0.0,0.0,0.0,0.0,0.0,0.0,0.0,0.0,0.0,0.0,0.0,0.0,0.0,0.0
Mike Conley,39.0,32.8,25.5,35.2,55.8,23.0,28.5,47.0,53.2,28.5,35.8,27.8,0.0,0.0,0.0,0.0,0.0,0.0,0.0,0.0,0.0,25.2,22.5,40.8,26.2,38.8,24.0,0.0,0.0,39.0,28.8,44.2,54.0,36.5,42.5,42.5,50.8,31.2,41.5
Vince Carter,20.2,36.8,23.8,33.8,21.2,14.2,11.8,26.2,11.5,15.2,15.8,17.0,0.0,0.0,0.0,0.0,0.0,0.0,0.0,12.0,16.2,14.5,10.0,18.0,5.5,21.0,9.8,15.8,21.0,23.2,19.5,26.2,7.5,11.2,21.8,7.0,17.2,23.0,24.0
Deyonta Davis,0.0,0.0,0.0,7.2,3.8,0.0,6.8,3.2,0.0,13.8,7.2,10.8,5.2,8.0,6.0,2.2,0.0,4.5,1.2,11.0,0.0,0.0,0.0,0.0,0.0,0.0,0.0,0.0,0.0,0.0,0.0,0.0,0.0,0.0,0.0,0.0,0.0,0.0,1.2
Chandler Parsons,4.8,16.8,21.0,15.0,10.0,15.0,0.0,0.0,0.0,0.0,0.0,0.0,0.0,0.0,0.0,0.0,0.0,0.0,0.0,0.0,0.0,0.0,0.0,0.0,7.5,12.8,1.2,0.0,10.5,13.8,6.0,0.0,13.8,12.8,16.0,13.5,14.8,10.0,0.0
Troy Daniels,0.0,0.0,0.0,0.0,0.0,0.0,0.0,0.0,15.5,6.2,0.0,4.8,25.2,24.5,46.5,36.5,13.2,9.5,14.8,8.5,25.0,17.0,-0.5,29.5,10.2,8.8,26.5,9.0,31.8,15.2,16.5,15.0,17.8,9.0,3.0,18.8,3.5,0.0,-0.5
Marc Gasol,29.2,32.0,36.8,28.2,45.5,19.8,24.2,43.0,48.5,23.2,41.8,33.0,33.5,43.5,43.2,71.2,51.0,51.2,42.0,0.0,39.8,37.0,23.2,44.2,57.8,32.8,24.0,54.5,49.0,7.0,41.5,43.0,35.8,28.5,38.2,32.0,46.8,42.5,47.8
Brandan Wright,0.0,0.0,0.0,0.0,0.0,0.0,0.0,0.0,0.0,0.0,0.0,0.0,0.0,0.0,0.0,0.0,0.0,0.0,0.0,0.0,0.0,0.0,0.0,0.0,0.0,0.0,0.0,0.0,0.0,0.0,0.0,0.0,0.0,0.0,0.0,0.0,0.0,0.0,0.0
Zach Randolph,26.8,25.5,28.2,31.0,27.8,24.0,27.2,25.5,26.0,0.0,0.0,0.0,0.0,0.0,0.0,0.0,32.5,20.8,24.8,32.8,20.8,28.2,30.2,20.2,18.5,29.2,28.2,33.5,34.0,25.0,26.2,15.8,51.2,36.8,24.8,39.0,39.5,17.2,37.5
John Wall,47.5,0.0,42.2,35.2,38.5,0.0,42.5,46.0,50.8,60.5,55.8,32.2,53.0,50.0,48.5,51.8,75.5,36.8,51.5,51.5,59.0,57.5,43.8,42.5,49.0,38.8,52.2,67.2,51.5,45.2,50.5,50.2,29.8,58.0,41.8,48.2,42.5,53.0,61.8
Bradley Beal,36.0,29.0,37.5,11.5,0.0,0.0,0.0,29.0,48.8,50.5,30.0,45.5,47.5,42.8,24.5,36.0,28.8,38.2,29.0,41.0,39.5,34.5,53.8,29.5,32.0,22.5,38.5,20.8,0.0,38.8,40.0,32.2,35.5,28.0,49.5,29.0,42.0,20.2,17.5
Danuel House,0.0,0.0,0.0,0.0,1.2,0.0,0.0,0.0,0.0,0.0,0.0,0.0,0.0,0.0,0.0,0.0,0.0,0.0,0.0,0.0,0.0,0.0,0.0,0.0,0.0,0.0,0.0,0.0,0.0,0.0,0.0,0.0,0.0,0.0,0.0,0.0,0.0,0.0,0.0
Markieff Morris,38.2,34.8,19.8,15.0,31.8,51.8,26.5,21.5,6.0,15.8,24.8,17.2,19.2,33.8,21.5,30.8,22.2,24.2,38.2,20.8,0.0,24.8,46.2,18.0,26.0,16.5,28.5,20.8,19.0,27.5,19.8,24.0,40.5,34.2,35.2,26.2,50.8,40.0,31.0
Sheldon McClellan,0.0,0.0,0.0,3.5,3.2,19.5,13.5,0.0,0.0,0.0,0.0,0.0,0.0,0.0,0.0,0.0,0.0,0.0,0.0,0.0,0.0,0.0,0.0,0.0,13.0,11.5,0.0,1.5,14.2,0.0,1.2,5.8,16.2,2.8,10.5,4.5,2.5,0.0,0.0
Kelly Oubre Jr.,0.0,5.5,12.2,2.5,21.0,4.8,2.0,13.8,7.2,13.0,5.8,2.2,30.5,23.5,7.2,18.8,9.8,21.2,39.2,13.8,28.0,16.5,0.0,17.2,11.2,11.2,14.0,4.5,5.2,12.8,15.8,7.8,27.8,12.2,6.0,12.5,28.5,12.0,15.8
Marcin Gortat,35.2,29.5,37.0,30.8,25.2,41.0,29.0,29.0,47.0,30.2,25.8,25.0,26.2,32.2,55.0,33.0,25.2,18.2,30.5,25.8,41.0,37.0,22.8,38.8,32.8,19.5,25.5,41.5,40.8,36.5,41.0,38.0,22.5,29.0,23.8,27.5,17.0,22.2,31.0
Jason Smith,3.5,4.8,9.5,10.8,5.2,7.2,2.0,9.8,5.2,2.8,8.5,9.0,13.0,3.2,9.2,8.8,10.0,2.8,3.5,8.5,28.8,4.0,0.0,7.8,13.2,5.2,4.2,17.2,25.0,6.0,8.8,20.8,5.8,19.5,20.2,15.5,8.0,17.8,19.5
Marcus Thornton,5.2,13.5,16.2,33.5,6.2,17.5,22.0,19.5,8.8,10.0,5.5,11.5,0.0,15.2,14.2,23.8,21.5,12.8,7.5,4.8,6.2,12.8,11.5,5.0,16.0,1.2,7.8,15.8,23.2,12.8,3.0,0.0,0.0,0.0,0.0,0.0,0.0,0.0,0.0
Otto Porter,10.5,28.8,42.0,72.5,30.0,18.0,45.2,39.5,25.2,26.8,32.2,34.5,32.0,28.5,41.5,33.5,10.8,23.8,19.8,14.0,25.2,30.5,23.0,36.8,13.0,26.2,54.8,24.2,25.0,17.2,35.5,34.0,38.8,23.0,40.5,21.0,20.0,38.8,40.5
Ian Mahinmi,0.0,0.0,0.0,0.0,0.0,0.0,0.0,0.0,0.0,0.0,0.0,5.2,0.0,0.0,0.0,0.0,0.0,0.0,0.0,0.0,0.0,0.0,0.0,0.0,0.0,0.0,0.0,0.0,0.0,0.0,0.0,0.0,0.0,0.0,0.0,0.0,0.0,0.0,0.0
Tomas Satoransky,7.8,16.5,8.2,15.0,15.0,32.0,11.8,13.8,16.5,14.0,5.2,9.2,1.0,7.8,0.0,0.0,0.0,0.0,0.0,0.0,0.0,3.0,3.0,4.0,0.0,2.5,0.0,0.0,3.0,0.0,0.0,0.0,0.0,0.0,0.0,14.0,30.0,9.8,11.0
Daniel Ochefu,0.0,0.0,0.0,4.0,0.0,0.0,0.0,0.0,0.0,0.0,0.0,0.0,0.0,0.0,0.0,0.0,0.0,0.0,0.0,0.0,0.0,0.0,2.2,1.2,0.0,8.5,0.0,0.0,5.8,0.0,0.0,0.0,0.0,0.0,0.0,1.5,5.8,0.0,0.0
Trey Burke,2.5,3.5,1.5,23.8,16.0,12.0,2.0,0.0,0.0,2.8,0.0,9.5,5.0,0.0,5.5,12.0,6.5,11.8,8.5,6.2,7.5,12.5,9.0,3.0,8.2,6.5,0.0,4.0,38.0,4.5,6.0,6.2,11.0,8.8,5.0,13.2,9.2,8.5,4.5
Andrew Nicholson,1.5,15.5,0.0,6.0,0.0,0.0,2.0,2.0,6.0,0.0,12.8,2.8,3.2,0.0,0.0,1.5,2.8,-0.5,4.8,0.0,0.0,-0.5,6.0,12.5,0.0,5.2,0.0,8.5,1.2,0.0,0.0,3.2,0.0,0.0,0.0,7.2,0.0,0.0,0.0
Andre Drummond,51.8,36.0,46.0,44.2,34.5,0.0,28.2,26.5,42.2,42.5,55.8,36.5,29.0,14.0,50.8,38.5,37.0,37.0,57.5,52.5,45.0,21.0,30.0,32.8,16.0,39.8,33.8,43.2,28.8,37.8,55.5,48.0,28.0,58.5,44.5,31.0,35.8,48.2,40.2
Reggie Jackson,0.0,0.0,0.0,0.0,0.0,0.0,0.0,0.0,0.0,0.0,0.0,0.0,0.0,0.0,0.0,0.0,24.8,24.8,17.8,24.2,19.2,31.8,19.2,40.2,15.8,29.8,29.2,23.2,29.2,38.0,37.0,52.2,41.2,40.8,25.5,22.0,12.2,26.8,37.8
Kentavious Caldwell-Pope,20.8,2.2,40.0,25.2,22.2,27.8,34.0,12.2,20.2,33.8,33.8,36.8,14.0,42.8,41.8,37.5,28.5,21.8,23.5,25.8,0.0,13.5,38.5,35.2,9.2,15.2,36.8,35.8,20.5,25.0,43.0,29.8,16.0,42.5,34.2,1.5,0.0,0.0,0.0
Darrun Hilliard,3.0,8.5,0.0,0.0,0.0,2.0,0.0,13.2,0.0,0.0,2.0,15.2,3.2,7.5,4.2,16.2,1.0,13.5,10.2,6.5,4.8,0.0,5.0,9.2,13.0,0.0,0.0,2.2,2.0,0.0,0.0,0.0,4.0,0.0,0.0,11.2,1.2,0.0,6.5
Stanley Johnson,15.2,23.5,5.5,8.5,11.0,12.2,5.2,16.2,0.0,3.2,17.0,0.0,2.5,1.5,0.0,5.5,3.2,0.2,0.0,5.8,27.0,11.0,10.2,4.2,20.5,3.5,17.8,6.8,7.0,23.5,5.2,4.2,4.5,16.2,13.8,18.0,12.0,27.0,21.5
Henry Ellenson,1.2,0.0,0.0,0.0,0.0,0.0,0.0,1.5,0.0,0.0,0.0,0.0,0.0,0.0,0.0,0.0,0.0,0.0,0.0,2.5,0.0,0.0,0.0,7.0,2.5,0.0,0.0,0.0,-0.5,0.0,0.0,0.0,0.0,0.0,7.5,5.5,2.5,0.0,3.5
Michael Gbinije,0.0,0.0,0.0,0.0,0.0,0.0,0.0,0.0,0.0,0.0,0.0,1.2,0.0,3.2,0.0,0.0,0.0,0.0,0.0,0.0,0.0,0.0,0.0,1.5,0.0,0.0,0.0,1.2,0.0,0.0,0.0,0.0,0.0,0.0,0.0,0.0,0.0,0.0,0.0
Aron Baynes,11.2,8.5,7.5,7.0,7.5,31.0,2.5,15.2,8.5,2.8,13.2,11.0,14.5,17.0,11.2,1.5,9.5,26.2,7.2,6.0,7.0,22.0,4.5,8.5,7.2,3.2,10.0,6.5,13.0,9.2,6.5,0.0,0.0,3.2,2.5,8.5,10.0,13.0,20.0
Marcus Morris,25.0,15.0,26.8,14.0,27.2,22.5,15.8,19.2,34.8,18.0,20.8,20.2,18.2,25.5,37.0,20.5,35.2,14.8,24.5,26.2,35.5,25.5,8.8,13.8,7.8,17.2,16.2,30.0,19.0,0.0,14.2,23.8,43.2,25.8,17.8,33.2,18.2,39.2,39.0
Ish Smith,34.2,6.8,34.2,22.5,27.8,27.5,29.5,20.2,31.5,29.5,12.8,32.0,19.2,22.0,43.0,40.2,15.2,28.2,11.8,23.2,9.0,18.0,12.5,8.8,17.8,16.0,16.2,25.0,8.0,18.5,10.0,8.0,15.2,18.5,10.8,8.8,0.0,20.2,15.2
Beno Udrih,19.2,13.0,7.8,14.5,17.0,20.5,8.5,13.0,16.5,18.0,25.2,6.5,11.5,20.2,3.8,17.5,0.0,0.0,0.0,3.5,0.0,0.0,10.0,0.0,5.0,0.0,0.0,0.0,0.0,0.0,0.0,0.0,0.0,0.0,0.0,11.5,19.8,0.0,0.0
Reggie Bullock,0.0,0.0,0.0,0.0,0.0,0.0,0.0,5.0,16.8,8.5,0.0,0.0,0.0,0.0,0.0,0.0,0.0,0.0,0.0,0.0,0.0,0.0,0.0,0.0,0.0,0.0,0.0,0.0,0.0,0.0,0.0,0.0,0.0,0.0,0.0,0.0,17.5,8.2,30.5
Jon Leuer,27.8,25.5,24.8,13.2,30.0,26.8,34.8,24.2,12.0,23.0,19.5,34.2,11.2,23.8,24.8,31.8,21.0,18.8,20.0,26.8,6.0,31.8,35.2,0.0,23.2,27.8,21.8,25.8,24.2,36.0,9.8,26.8,17.5,1.5,0.0,0.0,0.0,0.0,0.0
Tobias Harris,16.5,15.2,21.2,20.8,34.0,41.0,36.5,11.5,25.5,12.0,28.0,23.8,33.5,42.2,36.0,33.8,18.0,38.8,26.8,20.0,21.0,15.0,27.0,24.8,16.0,22.5,37.8,35.5,42.5,25.8,33.8,32.2,32.5,32.8,31.2,29.0,17.5,39.2,28.8
Boban Marjanovic,3.2,9.5,0.0,0.0,0.0,13.0,0.0,9.8,0.0,0.0,1.2,0.0,0.0,1.2,0.0,5.5,0.0,0.0,0.0,0.0,0.0,0.0,0.0,3.5,14.5,0.0,0.0,0.0,6.8,0.0,0.0,13.0,40.8,0.0,13.0,31.2,11.0,0.0,4.5
Spencer Hawes,19.8,36.2,23.2,8.2,18.8,2.8,0.0,22.0,35.0,23.2,0.0,12.2,15.8,12.0,16.2,13.0,8.0,0.0,4.2,0.0,0.0,0.0,6.2,0.0,0.0,0.0,0.0,12.2,0.0,1.5,19.2,24.5,31.0,0.0,28.8,0.0,12.8,0.0,7.8
Marvin Williams,18.0,17.5,32.5,32.2,28.0,10.2,26.8,15.5,5.2,21.8,13.0,0.0,0.0,0.0,0.0,0.0,0.0,21.2,14.0,19.2,23.5,10.0,24.5,33.0,24.8,18.5,21.0,22.0,19.8,23.5,13.0,25.5,33.8,22.8,29.5,12.8,28.8,27.2,26.0
Jeremy Lamb,0.0,0.0,0.0,0.0,0.0,0.0,0.0,0.0,0.0,4.8,0.0,45.8,37.2,8.2,23.5,12.2,26.8,2.0,27.0,19.8,13.8,4.8,19.5,15.8,5.8,10.8,26.5,19.0,23.2,20.0,29.0,19.2,5.2,29.0,25.8,0.0,0.0,0.0,0.0
Nicolas Batum,31.8,28.5,20.5,41.5,42.8,42.8,48.5,32.2,21.5,27.8,44.2,0.0,13.5,29.2,33.2,52.5,42.5,38.8,38.8,23.0,31.5,44.2,48.0,24.8,46.8,56.8,44.2,45.2,52.2,36.0,35.5,37.2,20.5,0.0,0.0,30.2,41.0,38.2,27.0
Ramon Sessions,13.5,22.8,8.2,7.2,13.5,8.2,9.5,22.0,7.5,15.5,18.2,15.5,12.0,12.2,12.5,13.0,10.8,7.5,19.8,13.0,11.5,10.8,28.2,15.2,8.0,9.8,15.0,21.5,11.8,11.2,12.8,16.0,13.8,5.8,7.8,7.2,15.2,18.5,14.8
Treveon Graham,0.0,6.0,0.0,8.8,0.0,0.0,0.0,0.0,0.0,0.0,0.0,0.0,6.5,1.2,0.0,0.0,0.0,0.0,5.2,0.0,0.0,0.0,0.0,0.0,0.0,0.0,0.0,1.0,0.0,5.0,0.0,0.0,0.0,3.0,1.2,4.0,0.0,0.0,3.2
Michael Kidd-Gilchrist,26.2,21.8,20.2,0.0,32.0,14.5,19.2,36.2,30.0,18.8,14.0,21.5,29.2,19.0,22.2,24.0,31.0,9.8,26.2,6.0,25.5,17.8,14.5,9.0,21.2,36.2,33.0,29.0,17.5,23.5,17.8,30.8,24.2,29.2,15.5,38.0,20.2,28.8,27.2
Kemba Walker,39.8,51.0,43.8,67.5,33.5,55.2,40.8,43.8,27.0,48.8,34.2,43.5,29.2,38.0,31.2,38.5,31.8,38.8,23.5,35.2,25.0,38.0,0.0,43.5,55.0,34.8,30.8,32.8,40.2,50.2,57.8,41.5,48.8,26.0,53.0,28.2,34.0,40.5,51.0
Marco Belinelli,13.8,28.2,15.2,15.0,15.2,15.8,13.8,43.5,34.8,19.0,30.0,9.5,12.8,19.0,14.2,16.0,26.0,25.2,12.2,18.8,22.8,19.8,20.0,25.2,21.5,0.0,0.0,0.0,0.0,0.0,0.0,11.0,13.0,13.0,27.8,14.0,13.2,25.2,14.2
Brian Roberts,0.0,3.2,0.0,0.0,0.0,0.0,0.0,0.0,5.0,0.0,0.0,0.0,0.0,6.8,0.0,0.0,0.0,0.0,-1.0,0.0,0.0,0.0,10.2,0.0,0.0,0.0,0.0,5.0,0.0,-0.5,0.0,0.0,0.0,2.8,0.0,0.0,0.0,2.0,5.2
Christian Wood,0.0,2.5,0.0,0.0,0.0,0.0,0.0,0.0,0.0,0.0,0.0,0.0,0.0,0.0,0.0,0.0,0.0,0.0,0.0,0.0,0.0,0.0,0.0,0.0,0.0,0.0,0.0,0.0,0.0,0.0,0.0,0.0,0.0,0.0,0.0,0.0,0.0,0.0,0.0
Cody Zeller,32.5,19.2,18.2,22.8,6.0,28.8,36.8,0.0,0.0,0.0,25.0,34.0,14.0,23.5,18.2,30.2,16.5,18.5,20.8,32.8,21.8,24.5,25.5,33.8,23.8,33.2,31.2,20.8,23.8,13.2,0.0,0.0,0.0,26.8,0.0,38.0,27.0,19.5,15.8
Frank Kaminsky,18.0,16.5,26.2,17.5,8.8,37.0,23.5,28.8,32.0,29.5,29.2,25.2,24.0,9.8,6.8,44.8,11.8,16.2,27.8,21.0,13.0,20.5,16.5,19.5,17.2,23.2,18.8,14.2,20.5,21.8,15.2,33.5,12.5,10.5,28.8,7.5,11.8,22.8,36.0
Roy Hibbert,0.0,0.0,0.0,12.0,9.8,14.5,4.8,8.0,3.2,15.0,15.5,14.8,14.0,12.2,23.0,12.8,14.2,12.2,15.2,9.0,11.2,22.5,0.0,5.0,10.5,17.2,15.0,10.8,10.5,4.5,6.8,11.5,23.0,15.8,14.2,5.2,0.0,27.5,9.5
