Position,Name,Salary,GameInfo,AvgPointsPerGame,teamAbbrev,atHome,injured,7GameAvg,FloorAvg,4GameAvg,LastGame,dvp,value,fvalue,odds,O/U,penalty
PG,Russell Westbrook,12000,Chi@OKC 09:30PM ET,64.087,OKC,1,0,70.250,53.990,65.938,57.000,12.000,72.000,0.282,-3.500,206.500,-4.321
PF/C,Karl-Anthony Towns,10600,Min@Cle 07:00PM ET,47.208,Min,0,0,48.000,38.713,54.438,54.000,10.000,63.600,0.085,6.500,215.500,0.028
C,Anthony Davis,10500,NO@Det 07:30PM ET,53.744,NO,0,0,50.679,38.750,44.688,70.750,5.000,63.000,0.298,7.500,211.500,-14.794
SF,LeBron James,10200,Min@Cle 07:00PM ET,52.085,Cle,1,0,54.714,44.011,56.188,49.750,5.500,61.200,0.199,-6.500,215.500,2.028
PG,Giannis Antetokounmpo,10100,Mil@Uta 09:00PM ET,49.761,Mil,0,0,45.964,40.693,46.312,39.500,6.000,60.600,0.183,7.500,198.000,-12.317
SF,Kevin Durant,10000,Cha@GS 10:30PM ET,49.958,GS,1,0,51.571,42.146,46.812,55.000,22.000,60.000,0.156,-15.000,224.000,8.025
C,Nikola Jokic,9800,Mem@Den 09:00PM ET,35.268,Den,1,1,49.679,22.977,49.500,64.500,1.000,58.800,0.073,3.500,214.500,-18.677
PG,Isaiah Thomas,9500,Tor@Bos 07:30PM ET,44.722,Bos,1,0,51.786,37.292,53.812,57.500,9.000,57.000,0.105,-6.000,215.000,1.675
PG,Eric Bledsoe,9000,LAC@Pho 09:00PM ET,39.984,Pho,1,0,43.393,29.812,41.375,29.750,2.000,54.000,0.134,2.500,219.500,-10.150
SG/SF,Jimmy Butler,8800,Chi@OKC 09:30PM ET,43.691,Chi,0,0,37.179,33.889,41.062,55.000,9.500,52.800,0.267,3.500,206.500,-4.321
PG,Kyle Lowry,8600,Tor@Bos 07:30PM ET,43.698,Tor,0,0,44.929,35.107,48.188,54.250,24.000,51.600,0.209,6.000,215.000,-0.325
PG,Stephen Curry,8500,Cha@GS 10:30PM ET,43.984,GS,1,1,52.821,37.458,50.688,66.750,14.500,51.000,0.214,-15.000,224.000,8.025
C,Joel Embiid,8400,Phi@Dal 08:30PM ET,38.992,Phi,0,1,42.214,30.804,50.438,56.250,7.000,50.400,0.116,6.500,206.000,-6.674
PG,Kyrie Irving,8200,Min@Cle 07:00PM ET,40.268,Cle,1,0,49.929,32.295,41.938,33.250,20.000,49.200,0.212,-6.500,215.500,2.028
PF/C,Draymond Green,8100,Cha@GS 10:30PM ET,38.723,GS,1,0,39.500,31.429,28.375,25.000,18.750,48.600,0.144,-15.000,224.000,-1.157
SF/PF,Paul George,8100,Ind@Orl 07:00PM ET,39.175,Ind,0,0,38.464,33.386,48.250,53.250,18.000,48.600,0.111,-2.000,212.500,-0.088
PG,Kemba Walker,8000,Cha@GS 10:30PM ET,40.026,Cha,0,0,43.250,32.830,44.750,44.750,14.500,48.000,0.208,15.000,224.000,6.025
PF/C,Kevin Love,8000,Min@Cle 07:00PM ET,40.043,Cle,1,1,37.679,32.022,38.875,12.500,10.750,48.000,0.253,-6.500,215.500,-9.857
C,Andre Drummond,7900,NO@Det 07:30PM ET,39.282,Det,1,0,35.393,30.050,45.750,69.000,20.500,47.400,0.255,-7.500,211.500,-0.794
PG,Chris Paul,7900,LAC@Pho 09:00PM ET,43.917,LAC,0,1,41.250,36.188,43.312,22.250,26.000,47.400,0.374,-2.500,219.500,-5.984
SG,DeMar DeRozan,7800,Tor@Bos 07:30PM ET,42.106,Tor,0,1,40.679,35.054,35.375,39.250,12.000,46.800,0.304,6.000,215.000,-0.325
C,Marc Gasol,7800,Mem@Den 09:00PM ET,39.432,Mem,0,0,39.214,29.648,46.812,35.000,17.000,46.800,0.264,-3.500,214.500,1.323
PF,Paul Millsap,7800,Atl@Mia 07:30PM ET,39.089,Atl,0,0,38.786,29.773,43.062,76.750,8.000,46.800,0.267,1.000,205.000,-5.379
PG,Jrue Holiday,7700,NO@Det 07:30PM ET,34.684,NO,0,0,29.393,26.426,52.500,52.000,25.000,46.200,0.136,7.500,211.500,-2.794
SF/PF,Carmelo Anthony,7500,NY@Bkn 07:30PM ET,38.036,NY,0,0,36.571,28.302,43.625,60.500,30.000,45.000,0.288,-2.500,223.500,7.672
PF,Blake Griffin,7500,LAC@Pho 09:00PM ET,41.188,LAC,0,0,37.179,35.094,36.125,29.000,21.500,45.000,0.328,-2.500,219.500,-3.710
SG/SF,Nicolas Batum,7400,Cha@GS 10:30PM ET,36.027,Cha,0,0,37.357,27.841,34.438,37.250,11.000,44.400,0.197,15.000,224.000,6.025
PG,Jeff Teague,7400,Ind@Orl 07:00PM ET,36.681,Ind,0,0,39.286,27.604,41.312,49.250,19.000,44.400,0.244,-2.000,212.500,-0.088
PG,Goran Dragic,7400,Atl@Mia 07:30PM ET,36.024,Mia,1,0,37.857,28.696,43.562,41.750,23.000,44.400,0.213,-1.000,205.000,-5.379
SF,Andrew Wiggins,7400,Min@Cle 07:00PM ET,32.958,Min,0,0,35.107,23.727,39.438,43.250,27.000,44.400,0.154,6.500,215.500,0.028
PG,Mike Conley,7300,Mem@Den 09:00PM ET,36.914,Mem,0,0,44.464,28.869,41.312,65.500,30.000,43.800,0.268,-3.500,214.500,1.323
C,Hassan Whiteside,7300,Atl@Mia 07:30PM ET,40.330,Mia,1,0,31.500,28.214,25.562,29.250,4.000,43.800,0.400,-1.000,205.000,-17.879
C,DeAndre Jordan,7300,LAC@Pho 09:00PM ET,35.849,LAC,0,0,34.107,29.339,32.375,18.250,24.500,43.800,0.209,-2.500,219.500,-4.903
C,Dwight Howard,7200,Atl@Mia 07:30PM ET,35.953,Atl,0,0,34.964,25.319,37.500,37.250,16.000,43.200,0.261,1.000,205.000,-5.379
PG,Ricky Rubio,7200,Min@Cle 07:00PM ET,28.589,Min,0,0,30.536,20.391,36.688,50.500,22.000,43.200,0.095,6.500,215.500,0.028
SF/PF,Jabari Parker,7200,Mil@Uta 09:00PM ET,34.676,Mil,0,0,34.464,25.977,35.688,14.000,1.000,43.200,0.205,7.500,198.000,-42.602
SG,Dwyane Wade,7000,Chi@OKC 09:30PM ET,33.909,Chi,0,0,31.250,26.045,40.125,34.500,12.000,42.000,0.215,3.500,206.500,-4.321
SG,Devin Booker,7000,LAC@Pho 09:00PM ET,30.862,Pho,1,0,37.357,23.323,33.500,33.000,6.500,42.000,0.125,2.500,219.500,4.850
C,Al Horford,6800,Tor@Bos 07:30PM ET,36.361,Bos,1,0,36.679,30.137,37.375,32.500,10.000,40.800,0.308,-6.000,215.000,1.675
SG,Klay Thompson,6800,Cha@GS 10:30PM ET,31.894,GS,1,0,30.643,25.125,32.688,42.500,20.500,40.800,0.173,-15.000,224.000,8.025
C,Myles Turner,6800,Ind@Orl 07:00PM ET,32.886,Ind,0,0,28.500,25.457,37.875,45.500,18.500,40.800,0.216,-2.000,212.500,-0.088
SG/SF,Dion Waiters,6800,Atl@Mia 07:30PM ET,27.750,Mia,1,0,37.000,16.481,36.188,43.000,26.000,40.800,0.150,-1.000,205.000,-5.379
C,Rudy Gobert,6800,Mil@Uta 09:00PM ET,36.408,Uta,1,0,36.500,28.533,32.188,32.750,13.000,40.800,0.326,-7.500,198.000,-10.317
C,Brook Lopez,6700,NY@Bkn 07:30PM ET,35.058,Bkn,1,0,32.786,27.522,33.375,27.750,22.000,40.200,0.308,2.500,223.500,7.672
SG,Zach LaVine,6600,Min@Cle 07:00PM ET,30.417,Min,0,0,25.357,21.679,28.812,17.250,28.000,39.600,0.186,6.500,215.500,-10.183
SF,Gordon Hayward,6600,Mil@Uta 09:00PM ET,36.536,Uta,1,0,35.607,28.690,28.562,33.000,29.000,39.600,0.374,-7.500,198.000,-10.317
PG,Reggie Jackson,6500,NO@Det 07:30PM ET,29.630,Det,1,0,36.893,22.700,34.312,26.500,27.000,39.000,0.164,-7.500,211.500,-0.794
C,Nikola Vucevic,6500,Ind@Orl 07:00PM ET,34.218,Orl,1,0,29.929,26.019,39.125,36.750,18.500,39.000,0.332,2.000,212.500,-0.088
PG,Elfrid Payton,6400,Ind@Orl 07:00PM ET,29.330,Orl,1,0,30.500,20.464,31.250,37.000,17.500,38.400,0.232,2.000,212.500,-0.088
SF,Danilo Gallinari,6300,Mem@Den 09:00PM ET,29.000,Den,1,0,28.179,24.010,32.875,44.500,4.000,37.800,0.122,3.500,214.500,-11.177
PF,Kristaps Porzingis,6300,NY@Bkn 07:30PM ET,35.065,NY,0,1,30.321,26.114,24.812,27.750,30.000,37.800,0.408,-2.500,223.500,7.672
PG,Dennis Schroder,6300,Atl@Mia 07:30PM ET,32.000,Atl,0,0,35.036,23.080,36.375,49.500,7.000,37.800,0.285,1.000,205.000,-5.379
SF/PF,Harrison Barnes,6300,Phi@Dal 08:30PM ET,31.531,Dal,1,0,29.393,24.330,35.938,44.250,12.750,37.800,0.225,-6.500,206.000,-4.674
SF,Robert Covington,6300,Phi@Dal 08:30PM ET,26.852,Phi,0,1,33.107,19.360,38.625,49.000,5.500,37.800,0.167,6.500,206.000,-6.674
SF,Jae Crowder,6200,Tor@Bos 07:30PM ET,27.700,Bos,1,0,35.071,21.663,39.375,34.500,9.000,37.200,0.115,-6.000,215.000,1.675
PF/C,Nerlens Noel,6200,Phi@Dal 08:30PM ET,19.881,Phi,0,0,23.786,12.125,29.500,25.750,5.250,37.200,0.071,6.500,206.000,-6.674
PF/C,Serge Ibaka,6100,Ind@Orl 07:00PM ET,29.878,Orl,1,0,29.536,21.810,27.062,40.500,23.250,36.600,0.255,2.000,212.500,-0.088
PG/SG,Austin Rivers,6100,LAC@Pho 09:00PM ET,20.277,LAC,0,0,27.286,11.886,30.500,23.500,20.500,36.600,0.057,-2.500,219.500,4.850
PF/C,Zach Randolph,6000,Mem@Den 09:00PM ET,28.552,Mem,0,0,34.679,23.625,35.250,27.500,11.000,36.000,0.183,-3.500,214.500,1.323
PF/C,Terrence Jones,6000,NO@Det 07:30PM ET,24.186,NO,0,0,25.393,15.480,31.312,7.250,8.500,36.000,0.164,7.500,211.500,-14.880
PG,George Hill,5900,Mil@Uta 09:00PM ET,31.140,Uta,1,0,29.964,23.104,26.688,26.250,4.000,35.400,0.334,-7.500,198.000,-22.817
C,Tyson Chandler,5900,LAC@Pho 09:00PM ET,26.603,Pho,1,0,33.464,17.684,28.688,13.000,14.000,35.400,0.198,2.500,219.500,-5.412
PG,Derrick Rose,5800,NY@Bkn 07:30PM ET,30.529,NY,0,1,31.000,24.160,28.188,24.500,29.000,34.800,0.332,-2.500,223.500,7.672
PF,James Johnson,5800,Atl@Mia 07:30PM ET,25.960,Mia,1,1,30.964,16.837,32.312,39.000,19.000,34.800,0.189,-1.000,205.000,-5.379
PF,Ersan Ilyasova,5800,Phi@Dal 08:30PM ET,27.053,Phi,0,0,33.464,19.022,26.688,16.000,3.500,34.800,0.223,6.500,206.000,-29.656
PF,Kenneth Faried,5700,Mem@Den 09:00PM ET,24.360,Den,1,0,23.321,14.225,24.375,49.750,3.500,34.200,0.192,3.500,214.500,-11.534
PG/SG,Marcus Smart,5600,Tor@Bos 07:30PM ET,25.156,Bos,1,0,26.321,20.185,27.062,31.750,5.500,33.600,0.138,-6.000,215.000,1.675
PG,Jameer Nelson,5600,Mem@Den 09:00PM ET,20.064,Den,1,0,23.714,12.000,27.875,31.750,8.000,33.600,0.089,3.500,214.500,1.323
SG,Kentavious Caldwell-Pope,5600,NO@Det 07:30PM ET,26.512,Det,1,0,26.964,16.038,18.875,30.750,17.500,33.600,0.270,-7.500,211.500,-0.794
SG/SF,Norman Powell,5500,Tor@Bos 07:30PM ET,12.667,Tor,0,0,10.643,5.380,24.688,8.000,12.250,33.000,0.029,6.000,215.000,-0.325
SG,Avery Bradley,5500,Tor@Bos 07:30PM ET,33.458,Bos,1,1,29.429,26.044,29.125,16.750,2.000,33.000,0.520,-6.000,215.000,-22.478
SF/PF,Wilson Chandler,5500,Mem@Den 09:00PM ET,29.564,Den,1,1,25.143,21.208,19.562,11.250,3.750,33.000,0.364,3.500,214.500,-22.847
SG,Victor Oladipo,5500,Chi@OKC 09:30PM ET,28.756,OKC,1,0,23.071,20.500,30.875,31.750,14.000,33.000,0.327,-3.500,206.500,-4.321
PF/C,Gorgui Dieng,5500,Min@Cle 07:00PM ET,27.109,Min,0,0,33.036,19.591,31.875,27.000,10.000,33.000,0.248,6.500,215.500,0.028
PG,Deron Williams,5500,Phi@Dal 08:30PM ET,28.453,Dal,1,1,29.107,20.000,26.125,18.000,16.000,33.000,0.308,-6.500,206.000,-13.716
C,Greg Monroe,5500,Mil@Uta 09:00PM ET,25.913,Mil,0,0,20.214,16.315,34.375,44.750,2.000,33.000,0.267,7.500,198.000,-27.317
C,Jonas Valanciunas,5400,Tor@Bos 07:30PM ET,28.133,Tor,0,0,23.036,21.052,27.688,27.250,23.000,32.400,0.317,6.000,215.000,-0.325
C,Steven Adams,5400,Chi@OKC 09:30PM ET,27.335,OKC,1,0,28.821,20.729,29.250,21.000,8.500,32.400,0.261,-3.500,206.500,-4.321
SF/PF,Tobias Harris,5400,NO@Det 07:30PM ET,28.104,Det,1,0,32.679,20.511,24.812,22.000,23.250,32.400,0.310,-7.500,211.500,-0.794
PG,T.J. McConnell,5400,Phi@Dal 08:30PM ET,20.674,Phi,0,0,32.429,13.760,33.875,30.500,1.000,32.400,0.113,6.500,206.000,-26.674
SG,Seth Curry,5400,Phi@Dal 08:30PM ET,21.261,Dal,1,0,20.464,15.625,32.938,29.250,17.500,32.400,0.116,-6.500,206.000,-4.674
SF,Marcus Morris,5300,NO@Det 07:30PM ET,24.537,Det,1,0,31.643,17.692,26.562,19.250,20.000,31.800,0.218,-7.500,211.500,-0.794
PF,Thaddeus Young,5300,Ind@Orl 07:00PM ET,25.878,Ind,0,0,27.179,20.078,22.375,23.250,11.000,31.800,0.257,-2.000,212.500,-0.088
SG/SF,Kent Bazemore,5300,Atl@Mia 07:30PM ET,22.554,Atl,0,0,22.857,14.315,34.000,36.750,5.500,31.800,0.181,1.000,205.000,-5.379
SG/SF,Will Barton,5200,Mem@Den 09:00PM ET,25.500,Den,1,1,19.536,16.941,17.938,17.250,6.250,31.200,0.291,3.500,214.500,1.323
C,Enes Kanter,5200,Chi@OKC 09:30PM ET,26.154,OKC,1,1,26.786,17.062,25.688,12.500,8.500,31.200,0.325,-3.500,206.500,-15.450
SF,Michael Kidd-Gilchrist,5200,Cha@GS 10:30PM ET,23.922,Cha,0,0,24.000,17.800,25.375,26.500,10.000,31.200,0.202,15.000,224.000,6.025
SG/SF,Tyreke Evans,5200,NO@Det 07:30PM ET,21.575,NO,0,1,25.143,13.475,20.438,7.000,5.750,31.200,0.189,7.500,211.500,-13.533
PG,Brandon Jennings,5200,NY@Bkn 07:30PM ET,20.700,NY,0,0,23.536,12.440,25.375,43.250,29.000,31.200,0.152,-2.500,223.500,7.672
SG,J.J. Redick,5200,LAC@Pho 09:00PM ET,22.372,LAC,0,0,20.286,14.857,23.625,15.750,15.000,31.200,0.159,-2.500,219.500,4.850
SF/PF,Aaron Gordon,5100,Ind@Orl 07:00PM ET,22.635,Orl,1,0,28.821,15.685,19.625,21.500,19.500,30.600,0.199,2.000,212.500,-0.088
C,Jusuf Nurkic,5000,Mem@Den 09:00PM ET,19.683,Den,1,0,14.000,11.239,11.625,8.500,1.000,30.000,0.191,3.500,214.500,-18.677
PF/C,Taj Gibson,5000,Chi@OKC 09:30PM ET,24.872,Chi,0,1,23.143,19.204,22.500,32.250,13.500,30.000,0.261,3.500,206.500,-4.321
C,Cody Zeller,5000,Cha@GS 10:30PM ET,24.375,Cha,0,1,29.000,19.060,25.312,36.250,20.500,30.000,0.224,15.000,224.000,6.025
PG,Jeremy Lin,5000,NY@Bkn 07:30PM ET,30.146,Bkn,1,1,33.250,25.472,29.125,26.500,13.000,30.000,0.506,2.500,223.500,7.672
SG,Evan Fournier,5000,Ind@Orl 07:00PM ET,26.691,Orl,1,0,28.964,19.292,19.812,12.750,24.000,30.000,0.392,2.000,212.500,-9.496
C,Willie Reed,5000,Atl@Mia 07:30PM ET,14.250,Mia,1,0,13.071,8.120,20.375,13.500,4.000,30.000,0.082,-1.000,205.000,-17.879
PF/C,Dirk Nowitzki,5000,Phi@Dal 08:30PM ET,25.625,Dal,1,0,25.464,19.062,28.438,19.000,16.750,30.000,0.308,-6.500,206.000,-4.674
PF/C,Derrick Favors,5000,Mil@Uta 09:00PM ET,21.167,Uta,1,1,24.250,15.162,25.000,19.500,14.750,30.000,0.174,-7.500,198.000,-10.317
PG,Raymond Felton,5000,LAC@Pho 09:00PM ET,16.864,LAC,0,0,23.571,9.942,21.375,27.750,26.000,30.000,0.094,-2.500,219.500,4.850
PF,Marvin Williams,4900,Cha@GS 10:30PM ET,22.587,Cha,0,0,23.607,16.400,27.125,19.000,10.000,29.400,0.176,15.000,224.000,6.025
PG,Tyler Johnson,4900,Atl@Mia 07:30PM ET,27.933,Mia,1,0,28.286,21.262,25.188,5.750,23.000,29.400,0.432,-1.000,205.000,-14.007
SG,Gary Harris,4800,Mem@Den 09:00PM ET,23.424,Den,1,0,19.643,12.781,25.500,35.500,8.500,28.800,0.276,3.500,214.500,1.323
C,Tristan Thompson,4800,Min@Cle 07:00PM ET,24.064,Cle,1,0,26.000,17.759,27.625,9.500,15.000,28.800,0.305,-6.500,215.500,-7.237
PG/SG,Malcolm Brogdon,4800,Mil@Uta 09:00PM ET,20.984,Mil,0,0,24.036,13.292,21.250,20.500,3.500,28.800,0.209,7.500,198.000,-25.175
SG/SF,Wesley Matthews,4700,Phi@Dal 08:30PM ET,26.306,Dal,1,0,24.321,19.534,28.812,30.000,18.250,28.200,0.405,-6.500,206.000,-4.674
PF/C,Spencer Hawes,4600,Cha@GS 10:30PM ET,17.147,Cha,0,0,18.429,9.235,21.750,23.750,15.250,27.600,0.152,15.000,224.000,6.025
C,Jahlil Okafor,4600,Phi@Dal 08:30PM ET,21.219,Phi,0,0,22.500,13.019,25.688,22.500,7.000,27.600,0.225,6.500,206.000,-6.674
SG,Jamal Crawford,4600,LAC@Pho 09:00PM ET,19.427,LAC,0,0,21.321,12.365,24.250,12.750,15.000,27.600,0.187,-2.500,219.500,4.850
SG,Tony Allen,4500,Mem@Den 09:00PM ET,22.360,Mem,0,0,22.536,16.062,22.312,20.750,29.000,27.000,0.297,-3.500,214.500,1.323
PF,Jon Leuer,4400,NO@Det 07:30PM ET,22.595,Det,1,1,24.179,15.653,21.500,22.000,26.500,26.400,0.315,-7.500,211.500,-0.794
PF,Trevor Booker,4400,NY@Bkn 07:30PM ET,27.157,Bkn,1,0,24.214,20.010,17.812,27.000,20.000,26.400,0.532,2.500,223.500,7.672
SF,Wayne Ellington,4400,Atl@Mia 07:30PM ET,18.595,Mia,1,0,20.607,10.482,22.688,4.000,26.000,26.400,0.212,-1.000,205.000,-15.041
SF/PF,Dario Saric,4400,Phi@Dal 08:30PM ET,21.011,Phi,0,0,20.000,13.114,21.812,32.250,4.500,26.400,0.277,6.500,206.000,-9008.674
PG/SG,Matthew Dellavedova,4400,Mil@Uta 09:00PM ET,19.804,Mil,0,0,14.643,13.667,24.000,27.250,3.500,26.400,0.197,7.500,198.000,-9014.317
SF,T.J. Warren,4400,LAC@Pho 09:00PM ET,22.171,Pho,1,0,17.321,11.472,18.875,19.250,21.000,26.400,0.370,2.500,219.500,4.850
PF/C,Kelly Olynyk,4300,Tor@Bos 07:30PM ET,19.137,Bos,1,0,19.214,11.905,20.375,14.000,15.750,25.800,0.232,-6.000,215.000,1.675
PG,Emmanuel Mudiay,4300,Mem@Den 09:00PM ET,24.293,Den,1,1,25.536,14.405,26.188,9.500,8.000,25.800,0.450,3.500,214.500,-10.622
C,Robin Lopez,4300,Chi@OKC 09:30PM ET,22.628,Chi,0,0,19.750,16.083,20.750,44.000,12.000,25.800,0.345,3.500,206.500,-4.321
PG/SG,Sean Kilpatrick,4300,NY@Bkn 07:30PM ET,24.234,Bkn,1,0,20.214,15.600,17.812,14.750,19.500,25.800,0.444,2.500,223.500,7.672
SG,Courtney Lee,4300,NY@Bkn 07:30PM ET,19.839,NY,0,0,24.714,13.989,32.500,38.250,30.000,25.800,0.227,-2.500,223.500,7.672
SF,C.J. Miles,4300,Ind@Orl 07:00PM ET,17.951,Ind,0,0,17.464,11.012,16.938,2.000,25.000,25.800,0.176,-2.000,212.500,-8.433
SF,Andre Iguodala,4200,Cha@GS 10:30PM ET,18.511,GS,1,0,20.357,13.542,24.812,28.750,22.000,25.200,0.143,-15.000,224.000,8.025
SG/SF,Bojan Bogdanovic,4200,NY@Bkn 07:30PM ET,21.927,Bkn,1,0,21.071,15.452,23.125,24.000,20.000,25.200,0.352,2.500,223.500,7.672
PG/SG,Tim Hardaway Jr.,4200,Atl@Mia 07:30PM ET,19.663,Atl,0,0,24.286,12.240,24.688,38.750,5.000,25.200,0.287,1.000,205.000,-9005.379
SG/SF,Josh Richardson,4200,Atl@Mia 07:30PM ET,22.473,Mia,1,1,22.643,15.467,23.500,9.750,26.000,25.200,0.393,-1.000,205.000,-15.406
SF/PF,P.J. Tucker,4200,LAC@Pho 09:00PM ET,19.047,Pho,1,0,23.857,10.909,25.000,16.000,15.000,25.200,0.259,2.500,219.500,4.850
SG/SF,Terrence Ross,4100,Tor@Bos 07:30PM ET,18.083,Tor,0,0,18.929,13.009,20.438,27.250,12.250,24.600,0.210,6.000,215.000,-2.325
PF,JaMychal Green,4100,Mem@Den 09:00PM ET,22.724,Mem,0,0,20.071,16.394,20.250,21.500,5.000,24.600,0.411,-3.500,214.500,-8998.677
PG,Rajon Rondo,4100,Chi@OKC 09:30PM ET,25.763,Chi,0,0,16.000,16.957,22.250,31.750,21.000,24.600,0.537,3.500,206.500,-4.321
PG/SG,Iman Shumpert,4100,Min@Cle 07:00PM ET,16.739,Cle,1,0,20.393,11.610,20.562,13.500,12.500,24.600,0.127,-6.500,215.500,2.028
SG,Rodney Hood,4100,Mil@Uta 09:00PM ET,23.391,Uta,1,0,26.286,14.903,26.000,30.500,16.000,24.600,0.450,-7.500,198.000,-10.317
SG/SF,Jaylen Brown,4000,Tor@Bos 07:30PM ET,10.346,Bos,1,0,14.357,5.295,18.875,11.250,5.500,24.000,0.048,-6.000,215.000,1.675
PG,Shaun Livingston,4000,Cha@GS 10:30PM ET,11.446,GS,1,0,13.429,8.152,14.688,12.750,14.500,24.000,0.003,-15.000,224.000,8.025
PF,Frank Kaminsky,4000,Cha@GS 10:30PM ET,20.447,Cha,0,0,14.250,14.520,16.125,25.000,10.000,24.000,0.344,15.000,224.000,4.025
C,Zaza Pachulia,4000,Cha@GS 10:30PM ET,18.597,GS,1,1,20.500,12.641,20.625,30.750,24.500,24.000,0.251,-15.000,224.000,8.025
SF,Solomon Hill,4000,NO@Det 07:30PM ET,16.229,NO,0,0,15.857,11.120,24.562,22.750,3.000,24.000,0.163,7.500,211.500,-9004.794
SF,Caris LeVert,4000,NY@Bkn 07:30PM ET,15.529,Bkn,1,0,20.679,9.089,19.750,16.500,14.000,24.000,0.173,2.500,223.500,7.672
SG,Jodie Meeks,4000,Ind@Orl 07:00PM ET,16.792,Orl,1,1,15.286,9.188,19.250,13.000,24.000,24.000,0.227,2.000,212.500,-0.088
SG/SF,Shabazz Muhammad,4000,Min@Cle 07:00PM ET,13.619,Min,0,0,14.571,7.927,21.188,18.750,27.500,24.000,0.091,6.500,215.500,-1.972
PF/C,Channing Frye,4000,Min@Cle 07:00PM ET,16.706,Cle,1,0,20.357,10.955,17.000,26.250,10.750,24.000,0.181,-6.500,215.500,2.028
PG,Yogi Ferrell,4000,Phi@Dal 08:30PM ET,13.688,Dal,1,0,10.450,6.500,19.000,38.250,16.000,24.000,0.183,-6.500,206.000,-4.674
SF,DeMarre Carroll,3900,Tor@Bos 07:30PM ET,19.290,Tor,0,0,15.250,12.844,15.812,10.500,12.500,23.400,0.320,6.000,215.000,-2.325
SG,Jeremy Lamb,3900,Cha@GS 10:30PM ET,18.103,Cha,0,0,21.464,8.188,19.812,25.750,12.000,23.400,0.329,15.000,224.000,4.025
C,Guillermo Hernangomez,3900,NY@Bkn 07:30PM ET,14.917,NY,0,0,21.036,4.750,21.812,0.000,29.000,23.400,0.210,-2.500,223.500,-3.508
PF,Richaun Holmes,3900,Phi@Dal 08:30PM ET,16.040,Phi,0,0,16.393,7.364,14.188,11.250,3.500,23.400,0.202,6.500,206.000,-9008.674
SG/SF,Joe Ingles,3900,Mil@Uta 09:00PM ET,15.495,Uta,1,0,15.321,7.740,13.875,7.250,22.500,23.400,0.210,-7.500,198.000,-10.317
PF/C,Lucas Nogueira,3800,Tor@Bos 07:30PM ET,17.856,Tor,0,0,13.571,11.131,20.812,10.500,23.000,22.800,0.273,6.000,215.000,-2.325
PF,Nikola Mirotic,3800,Chi@OKC 09:30PM ET,20.378,Chi,0,0,21.571,13.193,14.375,21.750,15.000,22.800,0.401,3.500,206.500,-4.321
SG/SF,Marco Belinelli,3800,Cha@GS 10:30PM ET,18.506,Cha,0,0,18.179,12.810,20.312,13.750,11.000,22.800,0.298,15.000,224.000,4.025
PF,Rondae Hollis-Jefferson,3800,NY@Bkn 07:30PM ET,19.114,Bkn,1,0,21.071,13.198,16.625,21.750,20.000,22.800,0.333,2.500,223.500,7.672
PG/SG,C.J. Watson,3800,Ind@Orl 07:00PM ET,9.197,Orl,1,0,13.107,4.318,21.688,30.000,20.750,22.800,0.035,2.000,212.500,-0.088
SF,Justin Anderson,3800,Phi@Dal 08:30PM ET,13.670,Dal,1,0,9.179,6.717,14.250,0.750,19.000,22.800,0.160,-6.500,206.000,-13.736
PG,Shelvin Mack,3800,Mil@Uta 09:00PM ET,15.875,Uta,1,0,14.107,8.713,4.938,4.000,4.000,22.800,0.205,-7.500,198.000,-9018.648
PG/SG,Brandon Knight,3800,LAC@Pho 09:00PM ET,19.000,Pho,1,0,10.143,11.924,13.875,7.500,4.250,22.800,0.339,2.500,219.500,-9004.287
PF/C,Marreese Speights,3800,LAC@Pho 09:00PM ET,19.349,LAC,0,0,18.964,13.231,14.250,14.250,23.000,22.800,0.347,-2.500,219.500,4.850
PF/C,Amir Johnson,3700,Tor@Bos 07:30PM ET,16.989,Bos,1,0,17.786,10.073,18.438,14.250,15.750,22.200,0.283,-6.000,215.000,1.675
SF/PF,Jeff Green,3700,Ind@Orl 07:00PM ET,16.699,Orl,1,0,17.429,10.270,19.688,21.250,19.500,22.200,0.246,2.000,212.500,-0.088
C,Bismack Biyombo,3700,Ind@Orl 07:00PM ET,19.878,Orl,1,0,19.607,12.600,11.875,7.500,18.500,22.200,0.398,2.000,212.500,-9.070
SG/SF,Kyle Korver,3700,Min@Cle 07:00PM ET,17.756,Cle,1,0,19.786,10.977,13.062,8.750,5.250,22.200,0.297,-6.500,215.500,-6.262
PG/SG,Devin Harris,3700,Phi@Dal 08:30PM ET,11.711,Dal,1,0,15.857,5.750,15.188,12.250,16.750,22.200,0.080,-6.500,206.000,-4.674
SG,Nik Stauskas,3700,Phi@Dal 08:30PM ET,16.878,Phi,0,0,18.429,11.386,20.562,23.000,4.000,22.200,0.216,6.500,206.000,-9008.674
PG,Cory Joseph,3600,Tor@Bos 07:30PM ET,17.807,Tor,0,0,20.929,12.423,16.250,6.750,24.000,21.600,0.330,6.000,215.000,-10.342
SG/SF,Vince Carter,3600,Mem@Den 09:00PM ET,17.622,Mem,0,0,15.429,12.688,16.500,24.750,22.500,21.600,0.287,-3.500,214.500,1.323
SF,Andre Roberson,3600,Chi@OKC 09:30PM ET,18.219,OKC,1,0,20.857,11.216,19.000,12.250,12.500,21.600,0.338,-3.500,206.500,-4.321
PG,Spencer Dinwiddie,3600,NY@Bkn 07:30PM ET,15.140,Bkn,1,0,18.464,7.455,20.562,19.250,13.000,21.600,0.215,2.500,223.500,7.672
C,Joakim Noah,3600,NY@Bkn 07:30PM ET,22.369,NY,0,0,19.857,14.980,18.500,40.500,29.000,21.600,0.541,-2.500,223.500,7.672
PG,Kris Dunn,3600,Min@Cle 07:00PM ET,12.880,Min,0,0,6.500,7.286,12.812,14.750,22.000,21.600,0.154,6.500,215.500,-1.972
SG,Gerald Henderson,3600,Phi@Dal 08:30PM ET,17.163,Phi,0,0,17.000,10.583,21.250,27.500,4.000,21.600,0.279,6.500,206.000,-9008.674
SF,Dorian Finney-Smith,3600,Phi@Dal 08:30PM ET,11.628,Dal,1,0,11.607,6.833,15.938,6.750,19.000,21.600,0.115,-6.500,206.000,-4.674
PF,Patrick Patterson,3500,Tor@Bos 07:30PM ET,19.336,Tor,0,0,13.321,12.926,19.875,23.000,23.000,21.000,0.407,6.000,215.000,-2.325
PG/SG,Jamal Murray,3500,Mem@Den 09:00PM ET,15.569,Den,1,0,9.036,8.380,18.688,22.250,8.250,21.000,0.285,3.500,214.500,1.323
PG,Andrew Harrison,3500,Mem@Den 09:00PM ET,16.160,Mem,0,0,9.143,10.129,9.250,6.000,30.000,21.000,0.299,-3.500,214.500,-7.835
PG,Michael Carter-Williams,3500,Chi@OKC 09:30PM ET,18.569,Chi,0,0,19.500,12.562,19.625,13.250,21.000,21.000,0.362,3.500,206.500,-4.321
PG/SG,E'Twaun Moore,3500,NO@Det 07:30PM ET,18.533,NO,0,0,17.250,12.880,20.062,4.250,16.750,21.000,0.342,7.500,211.500,-11.571
C,Aron Baynes,3500,NO@Det 07:30PM ET,10.517,Det,1,0,10.393,6.704,12.312,9.250,20.500,21.000,0.050,-7.500,211.500,-0.794
PG,Isaiah Whitehead,3500,NY@Bkn 07:30PM ET,16.681,Bkn,1,0,14.250,11.369,22.250,28.000,13.000,21.000,0.267,2.500,223.500,7.672
SG/SF,Thabo Sefolosha,3500,Atl@Mia 07:30PM ET,19.551,Atl,0,1,16.286,12.920,17.250,9.500,5.500,21.000,0.431,1.000,205.000,-13.660
SG,J.R. Smith,3500,Min@Cle 07:00PM ET,17.321,Cle,1,1,17.750,11.300,19.688,8.250,5.000,21.000,0.317,-6.500,215.500,-9005.653
PG,J.J. Barea,3500,Phi@Dal 08:30PM ET,24.167,Dal,1,1,27.625,18.275,21.500,24.250,16.000,21.000,0.639,-6.500,206.000,-4.674
PG,Sergio Rodriguez,3500,Phi@Dal 08:30PM ET,21.155,Phi,0,0,15.179,12.137,10.000,6.500,1.000,21.000,0.506,6.500,206.000,-9018.914
PF,Dwight Powell,3500,Phi@Dal 08:30PM ET,17.385,Dal,1,0,16.964,11.288,13.875,32.000,6.500,21.000,0.327,-6.500,206.000,-4.674
SF/PF,Michael Beasley,3500,Mil@Uta 09:00PM ET,16.212,Mil,0,0,17.250,7.625,9.938,28.000,1.000,21.000,0.319,7.500,198.000,-9014.317
PF,Jonas Jerebko,3400,Tor@Bos 07:30PM ET,11.793,Bos,1,0,15.393,6.663,17.688,15.500,21.500,20.400,0.088,-6.000,215.000,1.675
SF,James Ennis III,3400,Mem@Den 09:00PM ET,16.792,Mem,0,0,15.786,11.053,12.562,13.750,16.000,20.400,0.318,-3.500,214.500,1.323
SF,Doug McDermott,3400,Chi@OKC 09:30PM ET,16.806,Chi,0,0,19.250,10.306,17.438,18.750,7.000,20.400,0.343,3.500,206.500,-4.321
PF/C,Donatas Motiejunas,3400,NO@Det 07:30PM ET,14.625,NO,0,0,12.800,9.643,21.688,16.500,8.500,20.400,0.279,7.500,211.500,-4.794
C,Kyle O'Quinn,3400,NY@Bkn 07:30PM ET,18.151,NY,0,0,15.679,9.528,17.250,26.000,29.000,20.400,0.416,-2.500,223.500,7.672
PG,D.J. Augustin,3400,Ind@Orl 07:00PM ET,16.265,Orl,1,0,16.714,11.185,14.188,10.750,17.500,20.400,0.268,2.000,212.500,-0.088
PF,Okaro White,3400,Atl@Mia 07:30PM ET,10.500,Mia,1,0,6.450,6.450,15.312,10.000,19.000,20.400,0.166,-1.000,205.000,-5.379
PF,Marquese Chriss,3400,LAC@Pho 09:00PM ET,14.750,Pho,1,0,18.821,9.696,16.938,33.000,9.000,20.400,0.237,2.500,219.500,4.850
PG,Jerian Grant,3300,Chi@OKC 09:30PM ET,10.862,Chi,0,0,14.786,5.214,9.500,7.000,21.000,19.800,0.145,3.500,206.500,-4.321
PF/C,Joffrey Lauvergne,3300,Chi@OKC 09:30PM ET,11.702,OKC,1,0,10.321,5.864,7.812,20.500,13.250,19.800,0.157,-3.500,206.500,-4.321
PF,Domantas Sabonis,3300,Chi@OKC 09:30PM ET,14.495,OKC,1,0,13.679,8.924,14.062,17.250,18.000,19.800,0.196,-3.500,206.500,-4.321
PG/SG,Ian Clark,3300,Cha@GS 10:30PM ET,11.307,GS,1,0,9.536,6.346,8.375,8.500,17.500,19.800,0.143,-15.000,224.000,8.025
PG,Ramon Sessions,3300,Cha@GS 10:30PM ET,12.954,Cha,0,0,9.786,9.029,7.438,7.500,14.500,19.800,0.118,15.000,224.000,4.025
PG,Tim Frazier,3300,NO@Det 07:30PM ET,24.162,NO,0,0,26.071,14.607,3.812,11.000,25.000,19.800,0.626,7.500,211.500,-4.794
SG,Reggie Bullock,3300,NO@Det 07:30PM ET,11.227,Det,1,0,14.583,4.500,9.250,0.000,17.500,19.800,0.182,-7.500,211.500,-9.928
SF/PF,Dante Cunningham,3300,NO@Det 07:30PM ET,14.646,NO,0,1,12.821,8.868,16.375,13.500,7.500,19.800,0.265,7.500,211.500,-4.794
SF,Tony Snell,3300,Mil@Uta 09:00PM ET,16.272,Mil,0,0,12.964,11.300,16.875,19.750,1.000,19.800,0.297,7.500,198.000,-9014.317
SF/PF,Chandler Parsons,3200,Mem@Den 09:00PM ET,12.548,Mem,0,0,11.536,7.125,14.625,7.000,10.500,19.200,0.127,-3.500,214.500,1.323
PF/C,Darrell Arthur,3200,Mem@Den 09:00PM ET,13.272,Den,1,0,14.571,7.058,19.062,6.250,2.250,19.200,0.213,3.500,214.500,-8998.677
SG/SF,Paul Zipser,3200,Chi@OKC 09:30PM ET,7.697,Chi,0,0,6.321,2.909,14.500,18.250,9.500,19.200,0.059,3.500,206.500,-4.321
SF/PF,Jerami Grant,3200,Chi@OKC 09:30PM ET,13.198,OKC,1,0,15.214,9.341,12.875,19.500,15.250,19.200,0.122,-3.500,206.500,-4.321
SG/SF,Stanley Johnson,3200,NO@Det 07:30PM ET,10.778,Det,1,0,8.643,5.438,10.188,13.500,18.750,19.200,0.122,-7.500,211.500,-0.794
SG,Buddy Hield,3200,NO@Det 07:30PM ET,15.311,NO,0,0,17.679,8.104,7.938,1.500,8.500,19.200,0.318,7.500,211.500,-13.462
SG,Justin Holiday,3200,NY@Bkn 07:30PM ET,15.205,NY,0,0,17.464,9.190,21.688,33.250,30.000,19.200,0.329,-2.500,223.500,7.672
C,Justin Hamilton,3200,NY@Bkn 07:30PM ET,16.315,Bkn,1,0,15.857,9.900,14.250,13.250,22.000,19.200,0.358,2.500,223.500,7.672
C,Andrew Bogut,3200,Phi@Dal 08:30PM ET,18.390,Dal,1,1,14.643,12.712,9.812,4.000,27.000,19.200,0.455,-6.500,206.000,-11.881
PG/SG,Alec Burks,3200,Mil@Uta 09:00PM ET,10.346,Uta,1,0,15.542,3.179,17.938,16.000,10.000,19.200,0.164,-7.500,198.000,-10.317
C,Alex Len,3200,LAC@Pho 09:00PM ET,19.554,Pho,1,0,12.393,12.920,14.250,18.250,14.000,19.200,0.515,2.500,219.500,4.850
SG,Monta Ellis,3100,Ind@Orl 07:00PM ET,18.333,Ind,0,0,14.179,10.132,8.625,9.500,22.000,18.600,0.489,-2.000,212.500,-0.088
C,Al Jefferson,3100,Ind@Orl 07:00PM ET,16.085,Ind,0,0,17.786,11.397,14.125,11.500,18.500,18.600,0.368,-2.000,212.500,-0.088
SG/SF,Rodney McGruder,3100,Atl@Mia 07:30PM ET,14.222,Mia,1,0,13.929,7.974,18.812,21.750,26.000,18.600,0.253,-1.000,205.000,-5.379
SF,Mike Dunleavy,3100,Atl@Mia 07:30PM ET,10.424,Atl,0,0,9.929,5.934,12.500,20.250,8.000,18.600,0.116,1.000,205.000,-5.379
C,John Henson,3100,Mil@Uta 09:00PM ET,17.899,Mil,0,0,14.036,11.545,16.375,10.250,2.000,18.600,0.468,7.500,198.000,-9014.317
PG,Fred VanVleet,3000,Tor@Bos 07:30PM ET,4.724,Tor,0,0,8.464,1.562,2.875,0.000,24.000,18.000,0.035,6.000,215.000,-2.325
PG,Delon Wright,3000,Tor@Bos 07:30PM ET,0.000,Tor,0,1,0.000,0.000,0.000,0.000,24.000,18.000,0.000,6.000,215.000,0.000
PG,Demetrius Jackson,3000,Tor@Bos 07:30PM ET,5.000,Bos,1,1,7.625,1.583,5.000,2.750,9.000,18.000,0.082,-6.000,215.000,1.675
PG,Terry Rozier,3000,Tor@Bos 07:30PM ET,13.756,Bos,1,0,15.179,8.315,10.062,8.750,9.000,18.000,0.279,-6.000,215.000,1.675
SG,James Young,3000,Tor@Bos 07:30PM ET,3.893,Bos,1,0,3.143,0.528,4.250,8.250,2.000,18.000,0.025,-6.000,215.000,-8998.325
SF,Gerald Green,3000,Tor@Bos 07:30PM ET,9.804,Bos,1,0,8.750,5.162,8.625,6.500,9.000,18.000,0.127,-6.000,215.000,1.675
SF,Bruno Caboclo,3000,Tor@Bos 07:30PM ET,2.313,Tor,0,0,0.000,0.500,0.625,0.000,12.500,18.000,0.006,6.000,215.000,-2.325
PF,Jared Sullinger,3000,Tor@Bos 07:30PM ET,8.167,Tor,0,0,8.667,3.667,7.062,1.250,23.000,18.000,0.079,6.000,215.000,-8.084
PF,Jordan Mickey,3000,Tor@Bos 07:30PM ET,5.750,Bos,1,0,6.857,1.850,5.938,6.500,21.500,18.000,0.005,-6.000,215.000,1.675
PF,Pascal Siakam,3000,Tor@Bos 07:30PM ET,11.802,Tor,0,0,11.179,6.250,8.625,6.000,23.000,18.000,0.176,6.000,215.000,-2.325
C,Tyler Zeller,3000,Tor@Bos 07:30PM ET,10.853,Bos,1,0,4.607,4.078,10.438,11.750,10.000,18.000,0.224,-6.000,215.000,1.675
C,Jakob Poeltl,3000,Tor@Bos 07:30PM ET,6.890,Tor,0,0,6.536,3.054,3.688,6.500,23.000,18.000,0.029,6.000,215.000,-2.325
PG,Toney Douglas,3000,Mem@Den 09:00PM ET,13.393,Mem,0,0,6.583,3.250,17.125,1.750,30.000,18.000,0.341,-3.500,214.500,-9.938
PG,Wade Baldwin IV,3000,Mem@Den 09:00PM ET,9.156,Mem,0,0,4.964,3.339,4.250,3.500,30.000,18.000,0.170,-3.500,214.500,1.323
PG,Malik Beasley,3000,Mem@Den 09:00PM ET,4.333,Den,1,0,2.714,0.969,4.500,2.000,8.000,18.000,0.013,3.500,214.500,1.323
SG,Mike Miller,3000,Mem@Den 09:00PM ET,4.938,Den,1,0,5.800,1.312,4.625,7.250,8.500,18.000,0.022,3.500,214.500,1.323
SG,Troy Daniels,3000,Mem@Den 09:00PM ET,13.593,Mem,0,0,11.357,5.250,2.875,1.500,29.000,18.000,0.350,-3.500,214.500,-10.135
SG,Troy Williams,3000,Mem@Den 09:00PM ET,10.720,Mem,0,0,11.821,2.729,4.188,0.000,29.000,18.000,0.234,-3.500,214.500,-7.986
PF,Johnny O'Bryant III,3000,Mem@Den 09:00PM ET,0.000,Den,1,0,0.000,0.000,0.000,0.000,3.500,18.000,0.000,3.500,214.500,0.000
PF,Jarell Martin,3000,Mem@Den 09:00PM ET,9.944,Mem,0,0,6.286,4.286,4.438,2.750,5.000,18.000,0.141,-3.500,214.500,-8998.677
PF,Deyonta Davis,3000,Mem@Den 09:00PM ET,5.677,Mem,0,1,4.143,2.036,5.938,9.000,5.000,18.000,0.032,-3.500,214.500,-8998.677
PF,Juancho Hernangomez,3000,Mem@Den 09:00PM ET,8.306,Den,1,0,3.536,3.612,8.562,3.500,3.500,18.000,0.114,3.500,214.500,-8998.677
C,Brandan Wright,3000,Mem@Den 09:00PM ET,8.500,Mem,0,0,0.000,0.000,0.000,,17.000,18.000,,-3.500,214.500,1.323
PG,Isaiah Canaan,3000,Chi@OKC 09:30PM ET,10.768,Chi,0,0,12.393,5.703,3.312,0.750,21.000,18.000,0.174,3.500,206.500,-11.914
PG,Semaj Christon,3000,Chi@OKC 09:30PM ET,8.967,OKC,1,0,10.821,4.809,10.312,3.500,12.000,18.000,0.049,-3.500,206.500,-9.343
PG,Cameron Payne,3000,Chi@OKC 09:30PM ET,11.583,OKC,1,0,7.333,7.150,11.312,22.500,12.000,18.000,0.122,-3.500,206.500,-4.321
SG/SF,Alex Abrines,3000,Chi@OKC 09:30PM ET,9.073,OKC,1,0,11.679,4.413,7.312,1.500,13.250,18.000,0.090,-3.500,206.500,-10.839
SG,Anthony Morrow,3000,Chi@OKC 09:30PM ET,8.727,OKC,1,0,8.893,3.559,3.625,3.500,14.000,18.000,0.082,-3.500,206.500,-4.321
SF,Kyle Singler,3000,Chi@OKC 09:30PM ET,4.130,OKC,1,0,2.929,1.577,4.125,4.000,12.500,18.000,0.000,-3.500,206.500,-4.321
SF,Josh Huestis,3000,Chi@OKC 09:30PM ET,0.000,OKC,1,0,0.000,0.000,0.000,0.000,12.500,18.000,0.000,-3.500,206.500,0.000
SF,Denzel Valentine,3000,Chi@OKC 09:30PM ET,7.611,Chi,0,0,13.179,2.922,15.125,27.000,7.000,18.000,0.096,3.500,206.500,-4.321
PF,Bobby Portis,3000,Chi@OKC 09:30PM ET,9.919,Chi,0,0,12.429,5.361,10.875,11.750,15.000,18.000,0.123,3.500,206.500,-4.321
C,Nick Collison,3000,Chi@OKC 09:30PM ET,3.818,OKC,1,0,2.125,0.333,4.312,-0.500,8.500,18.000,0.010,-3.500,206.500,-4.321
C,Cristiano Felicio,3000,Chi@OKC 09:30PM ET,12.713,Chi,0,0,15.071,6.875,16.625,9.500,12.000,18.000,0.241,3.500,206.500,-4.321
PG,Brian Roberts,3000,Cha@GS 10:30PM ET,3.885,Cha,0,0,4.500,0.542,2.375,5.250,14.500,18.000,0.003,15.000,224.000,4.025
SG/SF,Patrick McCaw,3000,Cha@GS 10:30PM ET,6.428,GS,1,0,3.500,2.841,6.562,4.750,21.250,18.000,0.021,-15.000,224.000,8.025
SF,Treveon Graham,3000,Cha@GS 10:30PM ET,3.100,Cha,0,0,3.150,0.929,2.125,3.250,10.000,18.000,0.001,15.000,224.000,4.025
PF,David West,3000,Cha@GS 10:30PM ET,12.405,GS,1,1,12.357,7.287,12.250,15.750,13.000,18.000,0.172,-15.000,224.000,8.025
PF,James Michael McAdoo,3000,Cha@GS 10:30PM ET,5.262,GS,1,0,5.500,1.589,14.188,13.500,13.000,18.000,0.034,-15.000,224.000,8.025
PF,Christian Wood,3000,Cha@GS 10:30PM ET,4.875,Cha,0,0,0.000,0.000,0.000,,10.000,18.000,,15.000,224.000,4.025
PF,Kevon Looney,3000,Cha@GS 10:30PM ET,7.900,GS,1,0,5.179,2.797,6.750,13.500,13.000,18.000,0.048,-15.000,224.000,8.025
C,Anderson Varejao,3000,Cha@GS 10:30PM ET,5.625,GS,1,0,6.036,2.500,3.688,9.250,24.500,18.000,0.014,-15.000,224.000,8.025
C,Roy Hibbert,3000,Cha@GS 10:30PM ET,12.548,Cha,0,0,11.821,8.146,8.875,11.500,20.500,18.000,0.233,15.000,224.000,4.025
C,JaVale McGee,3000,Cha@GS 10:30PM ET,10.564,GS,1,0,9.036,4.772,14.000,16.750,24.500,18.000,0.147,-15.000,224.000,8.025
C,Damian Jones,3000,Cha@GS 10:30PM ET,0.875,GS,1,0,0.000,0.000,0.875,2.750,24.500,18.000,0.082,-15.000,224.000,8.025
PG,Beno Udrih,3000,NO@Det 07:30PM ET,12.804,Det,1,0,16.250,6.538,7.812,0.000,27.000,18.000,0.229,-7.500,211.500,-7.735
PG,Ish Smith,3000,NO@Det 07:30PM ET,20.298,Det,1,0,14.286,14.028,15.938,22.250,27.000,18.000,0.601,-7.500,211.500,-0.794
SG,Langston Galloway,3000,NO@Det 07:30PM ET,16.313,NO,0,0,13.607,9.260,10.562,11.500,8.500,18.000,0.431,7.500,211.500,-4.794
SG,Darrun Hilliard,3000,NO@Det 07:30PM ET,6.413,Det,1,0,6.036,2.554,4.750,6.500,17.500,18.000,0.016,-7.500,211.500,-0.794
SF,Quincy Pondexter,3000,NO@Det 07:30PM ET,0.000,NO,0,1,0.000,0.000,0.000,0.000,3.000,18.000,0.000,7.500,211.500,0.000
SF,Michael Gbinije,3000,NO@Det 07:30PM ET,1.344,Det,1,0,1.100,0.625,1.500,1.250,20.000,18.000,0.003,-7.500,211.500,-0.794
PF,Henry Ellenson,3000,NO@Det 07:30PM ET,2.964,Det,1,0,2.429,1.361,4.750,3.500,26.500,18.000,0.001,-7.500,211.500,-0.794
PF,Cheick Diallo,3000,NO@Det 07:30PM ET,9.800,NO,0,0,13.833,2.450,6.500,0.000,12.000,18.000,0.290,7.500,211.500,-4.794
C,Alexis Ajinca,3000,NO@Det 07:30PM ET,11.988,NO,0,0,14.179,5.909,7.750,2.750,5.000,18.000,0.224,7.500,211.500,-9012.620
C,Omer Asik,3000,NO@Det 07:30PM ET,11.167,NO,0,0,6.357,6.015,4.062,-0.500,5.000,18.000,0.176,7.500,211.500,-9012.024
C,Boban Marjanovic,3000,NO@Det 07:30PM ET,9.488,Det,1,0,10.357,2.833,12.375,2.750,20.500,18.000,0.194,-7.500,211.500,-0.794
PG/SG,Ron Baker,3000,NY@Bkn 07:30PM ET,8.793,NY,0,0,9.107,3.604,8.438,12.750,29.500,18.000,0.096,-2.500,223.500,7.672
SG,Randy Foye,3000,NY@Bkn 07:30PM ET,12.607,Bkn,1,0,9.714,7.821,16.125,10.000,26.000,18.000,0.230,2.500,223.500,7.672
SG,Sasha Vujacic,3000,NY@Bkn 07:30PM ET,5.780,NY,0,0,5.286,0.923,6.438,0.000,30.000,18.000,0.022,-2.500,223.500,2.019
SF/PF,Lance Thomas,3000,NY@Bkn 07:30PM ET,9.150,NY,0,1,7.786,5.375,7.562,0.000,30.000,18.000,0.050,-2.500,223.500,2.524
SF,Joe Harris,3000,NY@Bkn 07:30PM ET,15.806,Bkn,1,1,10.786,9.816,14.312,16.000,14.000,18.000,0.384,2.500,223.500,7.672
SF,Mindaugas Kuzminskas,3000,NY@Bkn 07:30PM ET,11.169,NY,0,0,14.250,5.800,13.250,28.000,30.000,18.000,0.217,-2.500,223.500,7.672
PF,Quincy Acy,3000,NY@Bkn 07:30PM ET,9.266,Bkn,1,0,6.714,4.300,8.438,10.000,20.000,18.000,0.148,2.500,223.500,7.672
PF,Maurice Ndour,3000,NY@Bkn 07:30PM ET,5.444,NY,0,0,5.071,2.714,5.000,6.750,30.000,18.000,0.001,-2.500,223.500,7.672
PF,Chris McCullough,3000,NY@Bkn 07:30PM ET,4.981,Bkn,1,0,1.792,2.000,4.562,7.250,20.000,18.000,0.034,2.500,223.500,7.672
C,Luis Scola,3000,NY@Bkn 07:30PM ET,12.463,Bkn,1,0,9.357,6.203,13.375,5.000,22.000,18.000,0.234,2.500,223.500,7.672
C,Marshall Plumlee,3000,NY@Bkn 07:30PM ET,6.708,NY,0,0,11.667,1.500,9.562,3.250,29.000,18.000,0.159,-2.500,223.500,7.672
PG/SG,Rodney Stuckey,3000,Ind@Orl 07:00PM ET,15.794,Ind,0,1,17.357,8.306,14.625,2.000,20.500,18.000,0.409,-2.000,212.500,-9.708
PG,Aaron Brooks,3000,Ind@Orl 07:00PM ET,11.256,Ind,0,0,9.286,6.448,3.188,4.750,19.000,18.000,0.177,-2.000,212.500,-0.088
SG/SF,Glenn Robinson III,3000,Ind@Orl 07:00PM ET,13.572,Ind,0,0,9.286,6.620,13.438,22.500,23.500,18.000,0.309,-2.000,212.500,-0.088
SG,C.J. Wilcox,3000,Ind@Orl 07:00PM ET,2.609,Orl,1,1,2.000,0.614,3.375,0.000,24.000,18.000,0.001,2.000,212.500,-0.088
SG,Joe Young,3000,Ind@Orl 07:00PM ET,4.545,Ind,0,0,9.071,0.589,2.500,0.000,22.000,18.000,0.030,-2.000,212.500,-0.088
SF,Anthony Brown,3000,Ind@Orl 07:00PM ET,9.886,Orl,1,0,12.750,5.143,12.062,15.000,11.000,18.000,0.143,2.000,212.500,-0.088
SF,Damjan Rudez,3000,Ind@Orl 07:00PM ET,4.565,Orl,1,0,3.643,1.363,10.500,2.500,11.000,18.000,0.013,2.000,212.500,-0.088
SF,Mario Hezonja,3000,Ind@Orl 07:00PM ET,7.150,Orl,1,0,8.714,2.312,15.250,20.750,11.000,18.000,0.056,2.000,212.500,-0.088
PF/C,Kevin Seraphin,3000,Ind@Orl 07:00PM ET,9.444,Ind,0,1,8.357,3.600,2.500,3.250,14.750,18.000,0.145,-2.000,212.500,-0.088
PF,Rakeem Christmas,3000,Ind@Orl 07:00PM ET,4.938,Ind,0,0,1.375,1.375,4.938,9.500,11.000,18.000,0.046,-2.000,212.500,-0.088
PF,Georges Niang,3000,Ind@Orl 07:00PM ET,2.300,Ind,0,0,1.821,0.635,2.500,2.000,11.000,18.000,0.000,-2.000,212.500,-0.088
PF,Stephen Zimmerman Jr.,3000,Ind@Orl 07:00PM ET,4.125,Orl,1,0,5.050,1.950,5.000,11.000,28.000,18.000,0.011,2.000,212.500,-0.088
C,Lavoy Allen,3000,Ind@Orl 07:00PM ET,6.907,Ind,0,0,3.929,3.513,9.500,14.000,18.500,18.000,0.008,-2.000,212.500,-0.088
PG,Malcolm Delaney,3000,Atl@Mia 07:30PM ET,13.120,Atl,0,0,14.929,8.182,11.875,13.000,7.000,18.000,0.219,1.000,205.000,-5.379
SG,Lamar Patterson,3000,Atl@Mia 07:30PM ET,0.000,Atl,0,0,0.000,0.000,0.000,0.000,3.000,18.000,0.000,1.000,205.000,0.000
SF,Derrick Williams,3000,Atl@Mia 07:30PM ET,11.813,Mia,1,0,12.429,7.214,8.438,0.000,26.000,18.000,0.180,-1.000,205.000,-12.031
SF,Taurean Prince,3000,Atl@Mia 07:30PM ET,7.768,Atl,0,0,8.250,2.417,6.688,2.000,8.000,18.000,0.074,1.000,205.000,-5.379
SF,DeAndre' Bembry,3000,Atl@Mia 07:30PM ET,4.500,Atl,0,0,7.357,1.727,5.625,2.500,8.000,18.000,0.009,1.000,205.000,-5.379
PF/C,Kris Humphries,3000,Atl@Mia 07:30PM ET,10.692,Atl,0,0,14.000,5.020,4.688,1.250,12.000,18.000,0.205,1.000,205.000,-14.171
PF/C,Mike Muscala,3000,Atl@Mia 07:30PM ET,16.601,Atl,0,0,15.536,9.676,10.250,15.000,12.000,18.000,0.421,1.000,205.000,-5.379
PF,Chris Bosh,3000,Atl@Mia 07:30PM ET,0.000,Mia,1,0,0.000,0.000,0.000,0.000,19.000,18.000,0.000,-1.000,205.000,0.000
PF,Josh McRoberts,3000,Atl@Mia 07:30PM ET,13.523,Mia,1,1,15.107,8.917,9.188,10.000,19.000,18.000,0.234,-1.000,205.000,-5.379
PF,Mike Scott,3000,Atl@Mia 07:30PM ET,8.000,Atl,0,0,8.250,1.833,8.688,20.000,8.000,18.000,0.080,1.000,205.000,-5.379
PF,Luke Babbitt,3000,Atl@Mia 07:30PM ET,9.256,Mia,1,1,11.750,4.036,8.188,5.500,19.000,18.000,0.105,-1.000,205.000,-5.379
PF,Justise Winslow,3000,Atl@Mia 07:30PM ET,25.833,Mia,1,1,25.464,20.250,23.875,32.750,19.000,18.000,0.784,-1.000,205.000,-5.379
C,Udonis Haslem,3000,Atl@Mia 07:30PM ET,5.517,Mia,1,0,4.208,1.562,8.500,3.250,4.000,18.000,0.031,-1.000,205.000,-9005.379
C,Tiago Splitter,3000,Atl@Mia 07:30PM ET,0.000,Atl,0,1,0.000,0.000,0.000,0.000,16.000,18.000,0.000,1.000,205.000,0.000
PG,Kay Felder,3000,Min@Cle 07:00PM ET,9.107,Cle,1,0,11.107,4.292,7.500,7.500,20.000,18.000,0.124,-6.500,215.500,2.028
PG,Tyus Jones,3000,Min@Cle 07:00PM ET,8.546,Min,0,0,6.750,1.857,7.750,0.000,22.000,18.000,0.158,6.500,215.500,-1.972
SG,James Jones,3000,Min@Cle 07:00PM ET,4.845,Cle,1,0,6.643,1.569,7.812,3.500,5.000,18.000,0.013,-6.500,215.500,-8997.972
SG,Brandon Rush,3000,Min@Cle 07:00PM ET,7.938,Min,0,0,4.679,3.229,15.062,0.000,28.000,18.000,0.159,6.500,215.500,-1.972
SG,DeAndre Liggins,3000,Min@Cle 07:00PM ET,8.346,Cle,1,0,6.500,3.300,3.250,6.750,5.000,18.000,0.062,-6.500,215.500,-8997.972
SG,Jordan McRae,3000,Min@Cle 07:00PM ET,7.621,Cle,1,0,9.500,2.078,3.562,13.500,5.000,18.000,0.095,-6.500,215.500,-8997.972
SF/PF,Richard Jefferson,3000,Min@Cle 07:00PM ET,10.435,Cle,1,0,14.571,6.115,13.250,18.250,6.000,18.000,0.106,-6.500,215.500,2.028
SF/PF,Nemanja Bjelica,3000,Min@Cle 07:00PM ET,12.832,Min,0,0,10.143,6.283,9.062,17.500,20.500,18.000,0.276,6.500,215.500,-1.972
PF,Jordan Hill,3000,Min@Cle 07:00PM ET,5.350,Min,0,0,9.375,0.625,5.000,1.250,14.000,18.000,0.048,6.500,215.500,-1.972
PF,Adreian Payne,3000,Min@Cle 07:00PM ET,8.295,Min,0,0,7.250,3.375,2.938,1.250,14.000,18.000,0.089,6.500,215.500,-8.598
C,Chris Andersen,3000,Min@Cle 07:00PM ET,7.979,Cle,1,1,8.714,4.607,8.312,11.000,15.000,18.000,0.035,-6.500,215.500,2.028
C,Cole Aldrich,3000,Min@Cle 07:00PM ET,8.512,Min,0,0,6.321,4.219,4.438,5.250,6.000,18.000,0.091,6.500,215.500,-1.972
C,Nikola Pekovic,3000,Min@Cle 07:00PM ET,0.000,Min,0,1,0.000,0.000,0.000,0.000,6.000,18.000,0.000,6.500,215.500,0.000
PG,Jerryd Bayless,3000,Phi@Dal 08:30PM ET,21.333,Phi,0,1,0.000,15.750,21.333,18.500,1.000,18.000,0.635,6.500,206.000,-9008.674
PG,Chasson Randle,3000,Phi@Dal 08:30PM ET,6.375,Phi,0,0,6.375,2.833,6.375,0.000,1.000,18.000,0.104,6.500,206.000,-9008.674
SG/SF,Timothe Luwawu-Cabarrot,3000,Phi@Dal 08:30PM ET,6.338,Phi,0,0,8.857,2.868,5.812,3.250,4.750,18.000,0.011,6.500,206.000,-9008.674
SG,Nicolas Brussino,3000,Phi@Dal 08:30PM ET,4.867,Dal,1,0,4.071,1.211,5.688,0.000,17.500,18.000,0.009,-6.500,206.000,-4.674
SF,Ben Simmons,3000,Phi@Dal 08:30PM ET,0.000,Phi,0,1,0.000,0.000,0.000,0.000,5.500,18.000,0.000,6.500,206.000,0.000
C,Salah Mejri,3000,Phi@Dal 08:30PM ET,10.321,Dal,1,0,6.036,4.635,5.312,0.000,27.000,18.000,0.172,-6.500,206.000,-12.691
C,A.J. Hammons,3000,Phi@Dal 08:30PM ET,3.794,Dal,1,0,4.571,1.750,3.875,2.000,27.000,18.000,0.002,-6.500,206.000,-4.674
PG,Raul Neto,3000,Mil@Uta 09:00PM ET,5.370,Uta,1,0,4.214,1.464,3.938,0.000,4.000,18.000,0.016,-7.500,198.000,-9015.658
PG,Dante Exum,3000,Mil@Uta 09:00PM ET,11.493,Uta,1,0,11.393,5.214,5.312,3.000,4.000,18.000,0.151,-7.500,198.000,-9016.513
SG,Jason Terry,3000,Mil@Uta 09:00PM ET,8.500,Mil,0,0,9.107,4.263,10.500,9.750,1.000,18.000,0.037,7.500,198.000,-9014.317
SG,Khris Middleton,3000,Mil@Uta 09:00PM ET,0.000,Mil,0,0,0.000,0.000,0.000,0.000,1.000,18.000,0.000,7.500,198.000,0.000
SG,Rashad Vaughn,3000,Mil@Uta 09:00PM ET,7.775,Mil,0,0,8.286,2.125,9.375,16.500,1.000,18.000,0.125,7.500,198.000,-9014.317
SF,Joe Johnson,3000,Mil@Uta 09:00PM ET,15.240,Uta,1,0,8.179,8.448,11.188,15.000,29.000,18.000,0.372,-7.500,198.000,-10.317
SF,Steve Novak,3000,Mil@Uta 09:00PM ET,1.156,Mil,0,0,1.600,0.000,1.688,2.000,1.000,18.000,0.003,7.500,198.000,-9014.317
PF/C,Boris Diaw,3000,Mil@Uta 09:00PM ET,11.094,Uta,1,0,9.893,6.030,13.312,4.750,14.750,18.000,0.181,-7.500,198.000,-10.317
PF,Mirza Teletovic,3000,Mil@Uta 09:00PM ET,12.355,Mil,0,0,7.036,6.289,6.688,1.250,1.000,18.000,0.237,7.500,198.000,-9022.165
PF,Joel Bolomboy,3000,Mil@Uta 09:00PM ET,2.833,Uta,1,0,1.938,1.050,2.812,3.500,16.500,18.000,0.004,-7.500,198.000,-10.317
PF,Trey Lyles,3000,Mil@Uta 09:00PM ET,16.153,Uta,1,0,13.536,9.707,12.438,6.250,16.500,18.000,0.402,-7.500,198.000,-17.789
PF,Thon Maker,3000,Mil@Uta 09:00PM ET,4.880,Mil,0,0,6.036,1.729,7.938,10.000,1.000,18.000,0.003,7.500,198.000,-9014.317
C,Jeff Withey,3000,Mil@Uta 09:00PM ET,7.380,Uta,1,0,5.643,3.058,2.125,1.250,13.000,18.000,0.033,-7.500,198.000,-15.716
C,Miles Plumlee,3000,Mil@Uta 09:00PM ET,6.383,Mil,0,0,3.250,1.847,12.125,7.000,2.000,18.000,0.039,7.500,198.000,-9014.317
PG,Ronnie Price,3000,LAC@Pho 09:00PM ET,0.000,Pho,1,0,0.000,0.000,0.000,0.000,2.000,18.000,0.000,2.500,219.500,0.000
PG,Tyler Ulis,3000,LAC@Pho 09:00PM ET,6.653,Pho,1,0,6.786,3.163,4.938,10.000,2.000,18.000,0.051,2.500,219.500,-8995.150
SG,Alan Anderson,3000,LAC@Pho 09:00PM ET,5.694,LAC,0,0,8.250,2.727,7.188,10.500,15.000,18.000,0.014,-2.500,219.500,4.850
SG,Leandro Barbosa,3000,LAC@Pho 09:00PM ET,10.216,Pho,1,0,8.607,4.227,6.625,17.500,6.500,18.000,0.155,2.500,219.500,4.850
SF/PF,Dragan Bender,3000,LAC@Pho 09:00PM ET,7.872,Pho,1,1,9.464,3.604,6.312,2.750,15.000,18.000,0.108,2.500,219.500,4.850
SF,Paul Pierce,3000,LAC@Pho 09:00PM ET,6.917,LAC,0,0,9.542,3.500,6.938,8.250,23.000,18.000,0.012,-2.500,219.500,4.850
SF,Luc Richard Mbah a Moute,3000,LAC@Pho 09:00PM ET,13.418,LAC,0,0,12.321,9.161,13.938,10.250,23.000,18.000,0.250,-2.500,219.500,4.850
SF,Wesley Johnson,3000,LAC@Pho 09:00PM ET,10.506,LAC,0,0,12.286,5.837,12.375,6.000,23.000,18.000,0.132,-2.500,219.500,4.850
SF,Derrick Jones Jr.,3000,LAC@Pho 09:00PM ET,1.000,Pho,1,0,1.500,0.000,1.000,0.000,21.000,18.000,0.044,2.500,219.500,4.850
PF/C,Brandon Bass,3000,LAC@Pho 09:00PM ET,10.336,LAC,0,0,14.107,5.833,12.125,17.750,23.000,18.000,0.130,-2.500,219.500,4.850
PF,Jared Dudley,3000,LAC@Pho 09:00PM ET,15.652,Pho,1,0,10.464,9.103,3.188,0.000,9.000,18.000,0.393,2.500,219.500,-3.769
PF,Brice Johnson,3000,LAC@Pho 09:00PM ET,0.000,LAC,0,1,0.000,0.000,0.000,0.000,21.500,18.000,0.000,-2.500,219.500,0.000
C,Alan Williams,3000,LAC@Pho 09:00PM ET,8.333,Pho,1,0,4.036,2.538,3.312,11.250,14.000,18.000,0.222,2.500,219.500,4.850
C,Diamond Stone,3000,LAC@Pho 09:00PM ET,3.300,LAC,0,0,5.250,0.250,3.812,5.250,24.500,18.000,0.033,-2.500,219.500,4.850
